case,direction,maximum_mixed_ratio,num_nodes,receiver_absolute_error,receiver_mixed_ratio,receiver_relative_error,rhs_absolute_error,rhs_mixed_ratio,rhs_relative_error,same_near_direct_branch,scattered_absolute_error,scattered_mixed_ratio,scattered_objective_absolute_error,scattered_objective_mixed_ratio,scattered_relative_error,solution_absolute_error,solution_mixed_ratio,solution_relative_error,step,system_absolute_error,system_mixed_ratio,system_relative_error,total_absolute_error,total_mixed_ratio,total_objective_absolute_error,total_objective_mixed_ratio,total_relative_error
circle,translation_x,4.600827878644435,32,1.060250704279177e-06,0.35650528417863114,7.130802970079534e-06,9.7101094992699e-11,0.43868152134913835,8.774543803194679e-06,True,2.483616738695872e-13,0.8766291858753378,8.355014755470971e-07,4.600827878644435,1.753541036926629e-05,8.193692319347789e-11,0.43603208856986464,8.721551484403417e-06,0.01,0.0,0.0,0.0,2.4836167379221995e-13,0.8757392972554056,1.774255482413071e-08,0.17486772271184503,1.7535410363803824e-05
circle,translation_x,0.04601054441145747,32,1.06027333019508e-08,0.0035651289275258164,7.130955142530512e-08,9.710250677000456e-13,0.004386879009972794,8.774671378499661e-08,True,2.483611121975687e-15,0.008766272196151741,8.355426188606796e-09,0.04601054441145747,1.753537071278796e-07,8.193855884560045e-13,0.0043604079433911674,8.721725586915954e-08,0.001,1.643532896441615e-10,0.0012769381497140723,1.2769381497140726,2.483610087705612e-15,0.008757369728757604,1.774347209551651e-10,0.001748767631888188,1.7535363410393064e-07
circle,translation_x,0.01276938149714072,32,1.049754035723178e-10,3.529758198845235e-05,7.060206765792223e-10,9.705861240414023e-15,4.3848959600126205e-05,8.770704862612082e-10,True,2.4565873049391274e-17,8.670887659510843e-05,8.397896787692982e-11,0.00046244415831218287,1.7344570854622699e-09,8.200211497374217e-15,4.3637901211728334e-05,8.728490644989083e-10,0.0001,1.643532896441615e-09,0.01276938149714072,12.769381497140724,2.456370131874464e-17,8.661319904006035e-05,1.7837131375880375e-12,1.7579985376006982e-05,1.7343037518681333e-09
circle,translation_x,0.1276938149714072,32,5.510997216313309e-11,1.853051948028318e-05,3.706466325330484e-10,3.558584714273593e-15,1.6076907912672076e-05,3.2157163063012265e-10,True,9.871415521600496e-18,3.4842618811835645e-05,6.68998970804191e-12,3.68395413502397e-05,6.96964710375171e-10,4.345061190551804e-15,2.312249520145588e-05,4.6249814368544934e-10,1e-05,1.6435328964416146e-08,0.1276938149714072,127.69381497140722,9.885221231443843e-18,3.485592920899251e-05,1.3277816075362575e-13,1.3086398676517206e-06,6.97939453312639e-10
circle,translation_x,1.276938149714072,32,5.715451871662693e-10,0.00019217990517789385,3.8439739787305506e-09,3.996243947903105e-14,0.00018054156667829234,3.6112072239518992e-09,True,1.2503977493261915e-16,0.0004413463504643576,4.8225774935961585e-11,0.00026556325307422734,8.828349929206479e-09,5.326188475531232e-14,0.0002834362096804406,5.6693155166801995e-09,1e-06,1.6435328964416147e-07,1.276938149714072,1276.9381497140723,1.2417152120897167e-16,0.0004378368123283013,1.0901795010351614e-12,1.0744631118956926e-05,8.767047454023465e-09
circle,translation_y,0.6772851068993941,32,8.701743802342891e-07,0.3348943525934832,6.698636768179443e-06,9.262023183577763e-11,0.4188287704074887,8.377448230782046e-06,True,1.7663647008813435e-13,0.6772851068993941,9.44122825062739e-08,0.6683442769556582,1.3548073946969968e-05,7.845153764556058e-11,0.41787031423200427,8.358278878842772e-06,0.01,0.0,0.0,0.0,1.7663646992097498e-13,0.676538320070779,2.1076277954335844e-09,0.0209104997519515,1.354807393414879e-05
circle,translation_y,0.0067728872898688815,32,8.701952817275049e-09,0.003349023969677668,6.698797668700241e-08,9.262127600589134e-13,0.00418833492146844,8.377542675385545e-08,True,1.7663741848371006e-15,0.0067728872898688815,9.440813586621133e-10,0.006683149229025537,1.354814668921501e-07,7.845261554118699e-13,0.0041787605561951005,8.358393718558068e-08,0.001,1.6957048039539697e-10,0.00131747296297526,1.3174729629752602,1.7663771721186343e-15,0.006765430609494397,2.107511466232538e-11,0.00020909345609965477,1.3548169601760251e-07
circle,translation_y,0.013118010579779857,32,8.62649819037276e-11,3.319984585382831e-05,6.640712398715524e-10,9.226663753022945e-15,4.172298166458067e-05,8.345465823367201e-10,True,1.7700099773239776e-17,6.786828156673128e-05,8.92521776971189e-12,6.318159098180358e-05,1.3576033334279571e-09,7.805075895012574e-15,4.1573557571282795e-05,8.315579650686435e-10,0.0001,1.6884045580880292e-09,0.013118010579779857,13.11801057977986,1.772429399212321e-17,6.788611308759347e-05,1.9602017491821e-13,1.9447835276633806e-06,1.3594590377814146e-09
circle,translation_y,0.13174729629752596,32,4.45515856707202e-11,1.7146074156407965e-05,3.4295986716390225e-10,3.692993868087744e-15,1.669972154291994e-05,3.3402923241820086e-10,True,1.1897649969205795e-17,4.561968962127484e-05,5.2930095202630145e-12,3.746919920619991e-05,9.125535711709918e-10,4.284444810373625e-15,2.282099692315255e-05,4.564675931261348e-10,1e-05,1.6957048039539693e-08,0.13174729629752596,131.747296297526,1.1922226560964942e-17,4.5663518134968314e-05,1.2048215615283187e-13,1.1953448810111606e-06,9.144386036467386e-10
circle,translation_y,1.3118010579779853,32,5.384024089342709e-10,0.00020720895767464405,4.144643021542932e-09,4.169894972343723e-14,0.00018856268758826869,3.771646708955204e-09,True,1.0654987875688113e-16,0.00040854894962879043,6.3826327036109465e-12,4.5182638594559186e-05,8.172409897676511e-09,5.1822796950143973e-14,0.00027603293824323154,5.521235175120332e-09,1e-06,1.688404558088029e-07,1.3118010579779853,1311.8010579779857,1.0913340451770678e-16,0.000417993666751298,4.886026750295508e-13,4.847595072120606e-06,8.370567152710555e-09
circle,scale,21.991369600469422,32,1.8440384458128912e-06,0.5107687243051844,1.0216199042565103e-05,1.121472403045616e-10,0.4143363750238116,8.287432958697726e-06,True,2.84430088032946e-13,0.7228015215890482,2.999532058457462e-06,21.991369600469422,1.4457712042284573e-05,1.4272391091500796e-10,0.7578819355086246,1.5159215427306551e-05,0.01,0.004613851706482088,1.5697255816520987,3.1395889235201505e-05,2.8443008799292066e-13,0.7222733198091541,6.096602349539825e-08,0.6031111063350176,1.4457712040250067e-05
circle,scale,0.2199131100565619,32,1.8440431333204914e-08,0.005107700969985889,1.021622501193183e-07,1.1214722383899047e-12,0.004143363144251041,8.287431741928446e-08,True,2.8443400794594125e-15,0.007228116592213959,2.999524066366749e-08,0.2199131100565619,1.4457911293262936e-07,1.4272545962419283e-12,0.007578901131099829,1.515937992123064e-07,0.001,4.6138948261252104e-05,0.01569740377640302,3.1396182651554146e-07,2.8443398366982677e-15,0.007222831998442533,6.096584227784237e-10,0.006031093136263194,1.4457910059296884e-07
circle,scale,0.0022049885419056607,32,1.829778758338428e-10,5.068191034122725e-05,1.0137198625922667e-09,1.1133291361218588e-14,4.1132778435173944e-05,8.227256017640467e-10,True,2.812765524519071e-17,7.147878624053966e-05,3.007513374626847e-10,0.0022049885419056607,1.4297416379961824e-09,1.429759104523353e-14,7.59220033795064e-05,1.5185981196612032e-09,0.0001,4.603638708940097e-07,0.0001566251051611224,3.1326392823095926e-09,2.8135679036739847e-17,7.144690654569132e-05,6.1170901989051306e-12,6.051378826915348e-05,1.4301494910067657e-09
circle,scale,3.187693084433378e-05,32,4.902931782380366e-11,1.3580327579658485e-05,2.7162843103759624e-10,4.0463128025655275e-15,1.4949405579021838e-05,2.990135645791557e-10,True,1.2393009286669511e-17,3.1493462790157065e-05,3.9509925279374025e-12,2.8967097292918177e-05,6.299423554067608e-10,4.3342507309628225e-15,2.3015415492058357e-05,4.6035622290194203e-10,1e-05,2.636950479597715e-08,8.971439172688127e-06,1.7943664088693824e-10,1.2553085058933943e-17,3.187693084433378e-05,1.102459323918531e-13,1.0906164194685392e-06,6.380790804499897e-10
circle,scale,0.0002934958985613185,32,4.944637316945941e-10,0.00013695845163054713,2.7393896877755464e-09,3.819276510847607e-14,0.0001411060300205249,2.8223608488644246e-09,True,1.1503798502635718e-16,0.00029233775412906376,1.1144674159219159e-11,8.170829440583724e-05,5.847433627496776e-09,4.680353027014944e-14,0.00024853262131356444,4.9711698171315415e-09,1e-06,2.2261152190827347e-07,7.573694476069376e-05,1.5148052275916644e-09,1.155782216657885e-16,0.0002934958985613185,1.966432997880553e-13,1.9453090637852476e-06,5.874894104064517e-09
circle,shape_mode4,1.7753079321200664,32,3.1105918597250377e-07,0.14294054452834418,2.859192979248422e-06,4.3247458331474044e-11,0.3150869963331589,6.302797549973193e-06,True,2.096381118213542e-14,0.23100335153822524,1.877767784710981e-07,1.7753079321200664,4.6223926533364215e-06,4.5101766326166753e-11,0.33452189159861606,6.691409543513087e-06,0.01,0.00042015084114362843,0.46781539145049883,9.35764888130958e-06,2.0963811399113637e-14,0.23027285059745564,4.458340823616498e-09,0.044545215744936154,4.6223927011787965e-06
circle,shape_mode4,0.01775357820326156,32,3.1105969183475888e-09,0.0014294077709445204,2.8591976290317222e-08,4.3247506836680547e-13,0.003150873326495434,6.302804619024381e-08,True,2.0962104344969458e-16,0.0023098453277455894,1.8778205521574262e-09,0.01775357820326156,4.622016306139443e-08,4.51024923166494e-13,0.0033452722930178403,6.691517253255738e-08,0.001,4.20151950570659e-06,0.004678166269154301,9.35767359059871e-08,2.0961964459250057e-16,0.002302525591373628,4.458411523538923e-11,0.000445459221385077,4.621985462190504e-08
circle,shape_mode4,0.0001787101689657922,32,3.12613104622466e-11,1.4365461446230582e-05,2.873476284467024e-10,4.292808307230121e-15,3.1276011282661705e-05,6.256252442383098e-10,True,2.255849687598497e-18,2.485754173525527e-05,1.8902422053816703e-11,0.0001787101689657922,4.974011133945156e-10,4.419256524291495e-15,3.2777825435704456e-05,6.556518223260871e-10,0.0001,4.1992014304657734e-08,4.675585216915541e-05,9.352510746196214e-10,2.2427698597297444e-18,2.4635262589401477e-05,4.4692919612572546e-13,4.465463330814171e-06,4.945170910322579e-10
circle,shape_mode4,0.00014280877630293257,32,4.183654939085686e-11,1.922508456719954e-05,3.845530808561029e-10,3.306826466235814e-15,2.4092466844503216e-05,4.819302348320735e-10,True,1.2960056026226934e-17,0.00014280877630293257,3.3383354674371146e-13,3.1561801643812178e-06,2.8576134006353705e-09,5.208919529777576e-15,3.863479159384657e-05,7.72808177863391e-10,1e-05,2.130535487038057e-08,2.3722368150852303e-05,4.745153660196207e-10,1.2976911489042815e-17,0.00014254232135698278,4.115848287189472e-15,4.112322435178002e-08,2.86132992750216e-09
circle,shape_mode4,0.0018162682916145288,32,4.528730198515101e-10,0.0002081080354765525,4.1627169916304225e-09,3.2890546589183804e-14,0.00023962987209805698,4.7934020739600105e-09,True,1.648283769981787e-16,0.0018162682916145288,1.1554443274559845e-11,0.00010923978440558178,3.634365298744016e-08,5.980167537334319e-14,0.00044355172919823525,8.872324387861064e-09,1e-06,2.0966067658885164e-07,0.000233445900669416,4.669587213953933e-09,1.6427948854361172e-16,0.0018044955972537555,3.1912740137106377e-13,3.1885402006263667e-06,3.6222626427057196e-08
circle,interior_epsr,17.909811548205585,32,0.0,0.0,0.0,0.0,0.0,0.0,True,4.40059758541758e-13,1.1595417393067675,2.7223382713715584e-06,17.909811548205585,2.3193618663931116e-05,2.3459255186287216e-10,1.2505108382783527,2.5012830170835443e-05,0.01,0.0005397180142017405,0.5777724383316705,1.1557038171310547e-05,4.4005975848372416e-13,1.1586624555405713,6.612345359935579e-08,0.6546538366583955,2.3193618660872405e-05
circle,interior_epsr,0.17909618399898702,32,0.0,0.0,0.0,0.0,0.0,0.0,True,4.4005722246018856e-15,0.011595347499086002,2.722308912322946e-08,0.17909618399898702,2.319348499820122e-07,2.3459187089445708e-12,0.012505072125401098,2.5012757564321794e-07,0.001,5.3972037394931425e-06,0.005777748308230193,1.1557088700831643e-07,4.400572571226208e-15,0.011586558732091155,6.612276154540448e-10,0.0065464698499306745,2.3193486825105907e-07
circle,interior_epsr,0.001789118860901895,32,0.0,0.0,0.0,0.0,0.0,0.0,True,4.391024718927783e-17,0.00011570189863745772,2.719507535831056e-10,0.001789118860901895,2.3143164285730112e-09,2.339032231825116e-14,0.00012468363315136033,2.493933226531019e-09,0.0001,5.3832117812481576e-08,5.762769676008007e-05,1.1527127574600227e-09,4.388721666470266e-17,0.00011555355704607242,6.606406529685929e-12,6.540658640410315e-05,2.3131025906924544e-09
circle,interior_epsr,4.089370640370364e-05,32,0.0,0.0,0.0,0.0,0.0,0.0,True,1.3537105917590999e-17,3.5669779899724276e-05,6.215950497379108e-12,4.089370640370364e-05,7.134814451252701e-10,3.822003173961803e-15,2.0373436294505183e-05,4.0751130222830667e-10,1e-05,2.2313351149608513e-09,2.3886614219188256e-06,4.7779811712842044e-11,1.3624282436526323e-17,3.587227483169122e-05,1.0919254188985691e-13,1.0810584231700478e-06,7.180761368628993e-10
circle,interior_epsr,0.00033435431218987094,32,0.0,0.0,0.0,0.0,0.0,0.0,True,1.2649149481215594e-16,0.0003333004709730264,2.143248252484131e-12,1.4100074449481496e-05,6.666811581739694e-09,3.896205541096119e-14,0.00020768976834667954,4.1542293962969166e-09,1e-06,2.4959726965902472e-08,2.6719579901556102e-05,5.344652386988899e-10,1.2698769744888013e-16,0.00033435431218987094,1.6626256578097798e-13,1.6460789728358428e-06,6.692964245128764e-09
circle,exterior_epsr,178.66812463749952,32,3.410115599993046e-05,3.434914966300313,6.870031254512874e-05,2.7017607891132417e-09,3.4349149665753047,6.870031255062875e-05,True,2.737398693945974e-11,10.251557797477133,2.6432118562454837e-05,151.243040602391,0.00020503466692742677,1.4772005913702739e-09,2.500004829034343,5.000175538051654e-05,0.01,0.000310461248773632,0.29209072718565193,5.84252387179399e-06,5.2449439982133006e-11,7.682907969765108,2.2420727059907714e-05,178.66812463749952,0.00015366566554758486
circle,exterior_epsr,1.7869060474307032,32,3.410186006200438e-07,0.03434985921986885,6.870173095113614e-07,2.7018162642319662e-11,0.034349855329764416,6.870172317069937e-07,True,2.737573382497196e-13,0.10252212216681059,2.6426082287873964e-07,1.5120850139134119,2.0504775132357083e-06,1.4772199904791797e-11,0.02500037668893602,5.000241202085623e-07,0.001,3.1045694090383865e-06,0.002920867569786403,5.84244280263575e-08,5.245242788718698e-13,0.07683345558911465,2.2423548046092596e-07,1.7869060474307032,1.5367441947172339e-06
circle,exterior_epsr,0.017869182139752568,32,3.417634811911671e-09,0.00034424889014487205,6.88517948611252e-09,2.707955302968613e-13,0.0003442790475036114,6.8857826509554356e-09,True,2.740011594308725e-15,0.0010261343340966867,2.6429632328170416e-09,0.015122881451484008,2.052303765099498e-08,1.4820222355601943e-13,0.0002508164958665944,5.016496319042721e-09,0.0001,3.1870138611281395e-08,2.9984337500682268e-05,5.99759378567601e-10,5.249682651557155e-15,0.000768984915785749,2.2423700721772855e-09,0.017869182139752568,1.5380449797746986e-08
circle,exterior_epsr,0.00017986323157130767,32,5.1145067872312066e-11,5.15170105126031e-06,1.0303703921288847e-10,3.856743963054296e-15,4.903316301989729e-06,9.806919870820406e-11,True,3.300657662106708e-17,1.2360962851106065e-05,2.1250164388558757e-11,0.00012159220108793982,2.4722348479532973e-10,4.5751358405313e-15,7.742930653418448e-06,1.5486375003321265e-10,1e-05,3.4138866718873957e-09,3.2118821853232313e-06,6.424542339789581e-11,6.15482107974774e-17,9.015715583788423e-06,2.2570698782198306e-11,0.00017986323157130767,1.8032312220453156e-10
circle,exterior_epsr,0.00010760194828699499,32,8.625468895531468e-10,8.688195954328447e-05,1.7376900917156787e-09,6.688411984598748e-14,8.503390381375636e-05,1.7007278944192485e-09,True,2.645195210251117e-16,9.90625598767551e-05,1.4344192500459485e-11,8.207663277649969e-05,1.9812850794856354e-09,6.35797415930266e-14,0.00010760194828699499,2.152110353098348e-09,1e-06,9.283832144610831e-08,8.734494712673305e-05,1.7471105054455981e-09,6.355362628169773e-16,9.309473199036792e-05,1.8401599688466774e-12,1.466401735270884e-05,1.861985615836198e-09
circle,mixed,13.189199240088149,32,8.866406654251707e-07,0.3715719578305255,7.432345026530545e-06,6.595507811683257e-11,0.38813886417674814,7.763829878869242e-06,True,2.1022961540755445e-13,0.5375577589166848,1.4258516705579105e-06,13.189199240088149,1.0752413140864091e-05,7.394206886859264e-11,0.5059653395761028,1.0120663440562464e-05,0.01,0.0003083844283280219,0.40052096177176294,8.011760942349718e-06,3.86492801848215e-13,0.3022906368516766,1.791728919467439e-07,1.7124205878988616,6.047390346985409e-06
circle,mixed,0.13189588809363778,32,8.866832975409714e-09,0.0037158982768519385,7.432702394070969e-08,6.595850871834885e-13,0.00388159048873298,7.764233708374341e-08,True,2.102386811412956e-15,0.005375810521088007,1.4258937859276417e-08,0.13189588809363778,1.0752876817280093e-07,7.394376707191453e-13,0.005059769281508325,1.0120895878530964e-07,0.001,3.083865044346769e-06,0.004005237676137614,8.011814879152885e-08,3.865135566287971e-15,0.0030230686708221624,1.7917390409349053e-09,0.017124302613539703,6.047715093679644e-08
circle,mixed,0.001322523500849408,32,9.010520856487766e-11,3.776114769443669e-05,7.553150051159994e-10,6.6685708649086145e-15,3.9243854536293435e-05,7.849835252809916e-10,True,2.1658820664990826e-17,5.538168228843627e-05,1.4297474082479791e-10,0.001322523500849408,1.1077629927752679e-09,7.440271018140437e-15,5.091173468317801e-05,1.0183712740712173e-09,0.0001,3.070879259951504e-08,3.9883722117639696e-05,7.978078091342997e-10,3.916679825905519e-17,3.063383382306522e-05,1.790059650529953e-11,0.00017108252067760628,6.128365562863824e-10
circle,mixed,7.001114531417212e-05,32,6.922409240303392e-11,2.901032270088288e-05,5.802771730992771e-10,5.357106207235338e-15,3.152601973784753e-05,6.306058975828108e-10,True,2.020850944690823e-17,5.167323139890632e-05,7.568731557293373e-12,7.001114531417212e-05,1.0335853115317263e-09,5.8839095406030714e-15,4.026197977355204e-05,8.053476063942272e-10,1e-05,2.327367208248755e-08,3.0227195339246393e-05,6.046449815461887e-10,4.087952764388344e-17,3.1973424230562185e-05,8.788597020276123e-15,8.399582276509057e-08,6.396353558999292e-10
circle,mixed,0.00042169003418495577,32,7.799885191663362e-10,0.00032687634981873136,6.538323829752315e-09,6.346711010261688e-14,0.00037349742349256467,7.470961445414851e-09,True,1.364005142838727e-16,0.0003487766060881403,2.694342432539923e-11,0.00024922802208372845,6.9763466929399634e-09,6.162603104540917e-14,0.00042169003418495577,8.434931953238313e-09,1e-06,2.8724152070035493e-07,0.00037306126542290175,7.462472761823068e-09,1.5529138613414072e-16,0.00012145926468195995,2.1834457527604434e-13,2.086798632852708e-06,2.429819197115077e-09
circle,tangential_phase,1.4942684570833678,32,4.95347304081468e-06,1.4323873463511538,2.865015618587764e-05,3.9245294843239403e-10,1.43238734491637,2.8650156157179556e-05,True,1.1669895486383893e-20,0.0002555626650697689,4.520030495874414e-15,4.52003049587432e-08,0.2555626656498082,4.3031591164337787e-10,1.4942684570833678,2.9887403300221727e-05,0.01,2.9101797290546097e-11,0.00022610557577241905,0.22610557577521576,1.1760083068943495e-20,3.525693009571468e-05,8.59031584117091e-17,8.590315841170907e-10,0.03525693010666958
circle,tangential_phase,0.014942870788191249,32,4.9535431615549776e-08,0.01432407623045968,2.865056175387909e-07,3.9245823686257535e-12,0.014324066467982807,2.8650542227283313e-07,True,1.1925371357198806e-19,0.0026115741049680865,1.9086286683217167e-14,1.9086286683216773e-07,2.6115741108954604,4.303212742869917e-12,0.014942870788191249,2.9887775760286776e-07,0.001,2.676896742265025e-10,0.002079807213109031,2.0798072131347562,1.1891922109465856e-19,0.00035652185793173,5.965793223113268e-16,5.965793223113266e-09,0.35652185804250713
circle,tangential_phase,0.020600822112745724,32,4.962293489659963e-10,0.00014349379404920764,2.8701172358765767e-09,3.9352911038419625e-14,0.00014363151552870124,2.872871897112376e-09,True,9.407064248750756e-19,0.020600822112745724,6.338202615875536e-13,6.338202615875405e-06,20.6008221595025,4.315832017830314e-14,0.00014986691116499747,2.997542238219704e-09,0.0001,2.2293767326845896e-09,0.017321078307456814,17.32107830767106,9.568542827559298e-19,0.002868665498460785,1.3182105630674377e-14,1.318210563067437e-07,2.868665499352126
circle,tangential_phase,0.2866409379573263,32,5.559489769225211e-11,1.6076281695675053e-05,3.215526740323086e-10,4.364103323810188e-15,1.5928244131945986e-05,3.1859167376026714e-10,True,1.3089039383619816e-17,0.2866409379573263,6.380425693307417e-12,6.380425693307284e-05,286.64093860790257,5.7122570872892065e-15,1.983576566269538e-05,3.967423158264468e-10,1e-05,2.635304505992102e-08,0.20474922449431077,204.74922449684328,1.2894461997553459e-17,0.038657817517477294,1.4577209725106763e-13,1.4577209725106758e-06,38.6578175294889
circle,tangential_phase,3.195922604990673,32,4.634114917037171e-10,0.00013400391026675433,2.6803035983533777e-09,3.426209140895927e-14,0.00012505087894126325,2.5012279129490123e-09,True,1.4593713355051703e-16,3.195922604990673,2.645442891687653e-11,0.0002645442891687598,3195.9226122443174,4.738402986893508e-14,0.00016454065324297064,3.2910370552513335e-09,1e-06,1.7036963512102199e-07,1.3236819725800775,1323.6819725964501,1.4539565797523244e-16,0.43589866835130614,3.2695244466876247e-13,3.2695244466876236e-06,435.8986684867469
circle,translation_x,4.600827898493063,64,7.497104609758793e-07,0.3565052833332734,7.130802953170726e-06,1.3732168562749113e-10,0.43868152188434745,8.774543813899973e-06,True,2.483616718853801e-13,0.8766291788717869,8.355014791544546e-07,4.600827898493063,1.7535410229172688e-05,1.1587630758096096e-10,0.43603208684466654,8.721551449895853e-06,0.01,0.0,0.0,0.0,2.483616719276516e-13,0.8757392906808181,1.774255488655365e-08,0.17486772332705072,1.753541023215724e-05
circle,translation_x,0.04601040071716407,64,7.497305041555726e-09,0.003565148150407627,7.130993592053852e-08,1.373244805696891e-12,0.004386904520246461,8.774722404358293e-08,True,2.483611565629316e-15,0.008766273762092746,8.355400094028909e-09,0.04601040071716407,1.753537384517484e-07,1.1587953115431721e-12,0.00436044218411895,8.721794075515067e-08,0.001,1.6848430448301146e-10,0.001300699283251043,1.3006992832510431,2.4836116193595596e-15,0.008757375129468451,1.7743428972730353e-10,0.0017487633817765645,1.7535374224533644e-07
circle,translation_x,0.013092130137042905,64,7.468997845408317e-11,3.5516874012131613e-05,7.104069459553262e-10,1.3781798628598668e-14,4.402669827799225e-05,8.806256298733941e-10,True,2.439941179135853e-17,8.612132700337988e-05,8.356922879398931e-11,0.00046018786188151996,1.7227041993397483e-09,1.1597424450967127e-14,4.3640061637610315e-05,8.728922775237704e-10,0.0001,1.6958711892478306e-09,0.013092130137042905,13.092130137042906,2.4393814603095797e-17,8.601416749649063e-05,1.7754951426186133e-12,1.74989901597121e-05,1.7223090135948152e-09
circle,translation_x,0.13006992832510403,64,3.8498171850105045e-11,1.8306802969086513e-05,3.661718647530456e-10,6.069961216913427e-15,1.9390818155696314e-05,3.8785673510417386e-10,True,1.9209363022933262e-17,6.780228346802669e-05,8.626464126360034e-12,4.750305990849091e-05,1.3562642669102757e-09,1.0551654244359422e-14,3.970492272364637e-05,7.941812894701962e-10,1e-05,1.684843044830111e-08,0.13006992832510403,130.06992832510403,1.9306270305432665e-17,6.807515737890532e-05,1.9881107394051356e-13,1.959449475821038e-06,1.3631063409707437e-09
circle,translation_x,1.309213013704291,64,3.8152045978913985e-10,0.00018142211825649665,3.6287971996791714e-09,5.55244560531722e-14,0.00017737586650879662,3.5478866295243587e-09,True,1.4501745126068978e-16,0.0005118605092022754,3.106402808594755e-11,0.00017105923882030453,1.023886044469385e-08,8.1163897893331e-14,0.00030541242341586365,6.108885639596331e-09,1e-06,1.6958711892478313e-07,1.309213013704291,1309.2130137042911,1.448319739840749e-16,0.0005106869046541178,7.802991922305907e-13,7.690501403645609e-06,1.0225764945259733e-08
circle,translation_y,0.677285111250552,64,6.153062078780587e-07,0.3348943541172245,6.69863679865768e-06,1.3098478782616308e-10,0.4188287698123186,8.377448218877401e-06,True,1.7663647122292932e-13,0.677285111250552,9.441228319495912e-08,0.6683442818277864,1.3548074034008365e-05,1.1094722863373945e-10,0.4178703146322656,8.358278886848831e-06,0.01,0.0,0.0,0.0,1.7663647122663876e-13,0.6765383250715867,2.10762783249297e-09,0.020910500119627345,1.354807403429288e-05
circle,translation_y,0.006773117368483137,64,6.153244525602774e-09,0.003349042844478234,6.69883542252678e-08,1.3098793806196507e-12,0.004188388428105767,8.377649699810771e-08,True,1.7664341895157503e-15,0.006773117368483137,9.440713840021264e-10,0.006683078618405386,1.3548606927025352e-07,1.109507650705462e-12,0.0041788363422674436,8.358545306528353e-08,0.001,1.7336522389179896e-10,0.0013383799941997364,1.3383799941997365,1.7664325122084139e-15,0.006765642568493066,2.1075047706064966e-11,0.00020909279180355168,1.354859406202425e-07
circle,translation_y,0.013265222773468695,64,6.159755745830864e-11,3.3525867239637323e-05,6.705923974351157e-10,1.3118773610915803e-14,4.1947770455714876e-05,8.390428266103624e-10,True,1.766778803971534e-17,6.774438724653504e-05,9.398417807893189e-12,6.653137269398467e-05,1.3551250130961564e-09,1.1100060117249048e-14,4.180713363249659e-05,8.362299740449897e-10,0.0001,1.7182925074071191e-09,0.013265222773468695,13.265222773468697,1.768082778399296e-17,6.771963244119956e-05,2.0918387329390761e-13,2.0753851036226322e-06,1.3561251656673363e-09
circle,translation_y,0.13383799941997337,64,3.609937495701809e-11,1.964790329666884e-05,3.930020506855443e-10,6.0120076825838406e-15,1.922361996072433e-05,3.845124604788589e-10,True,1.92493746516556e-17,7.380873527839508e-05,3.478131845036092e-12,2.4621685350758635e-05,1.4764332138398178e-09,1.2053487013136004e-14,4.5398109287054376e-05,9.080569857890429e-10,1e-05,1.733652238917986e-08,0.13383799941997337,133.83799941997339,1.923121512906377e-17,7.365779674735161e-05,8.633868495361643e-14,8.565957681037057e-07,1.475040372628753e-09
circle,translation_y,1.32652227734687,64,3.4977311908389785e-10,0.00019037195042081217,3.807865184323004e-09,5.5741726610425733e-14,0.0001782362606451105,3.5650966502263416e-09,True,1.0390199183444757e-16,0.0003983960387712686,2.2884243978948948e-11,0.00016199749746226972,7.969316120890086e-09,7.302235828096538e-14,0.0002750305366426253,5.5011850498994514e-09,1e-06,1.7182925074071195e-07,1.32652227734687,1326.52227734687,1.0449610340067676e-16,0.0004002322626577864,4.751594557812593e-13,4.7142202735117975e-06,8.014884668699078e-09
circle,scale,21.991369690280326,64,1.3039320846196057e-06,0.5107687222747763,1.0216199001953664e-05,1.5860014813438015e-10,0.4143363747964091,8.287432954149287e-06,True,2.8443008498266794e-13,0.7228015138387138,2.999532070653869e-06,21.991369690280326,1.4457711887259855e-05,2.018420915920855e-10,0.7578819396188333,1.5159215509519227e-05,0.01,0.004613851374823145,1.5696092173152314,3.139357054881912e-05,2.8443008492956637e-13,0.7222733120312771,6.096602378244078e-08,0.6031111091749377,1.4457711884560678e-05
circle,scale,0.21991340412503607,64,1.3039370821786764e-08,0.005107707542196279,1.0216238157411675e-07,1.5859944565483431e-12,0.004143345398320165,8.287396247045249e-08,True,2.8442977190949708e-15,0.007228008944881788,2.99952807728595e-08,0.21991340412503607,1.4457695973606755e-07,2.0184399127506038e-12,0.007578890263585926,1.5159358183940548e-07,0.001,4.6138974375107696e-05,0.015696250132223366,3.139388396858845e-07,2.8442986844227486e-15,0.007222727497588976,6.096594342848405e-10,0.0060311031426720126,1.4457700880412195e-07
circle,scale,0.0021994325864799057,64,1.2986016042997962e-10,5.0868077883264916e-05,1.0174435133754148e-09,1.5724589124482316e-14,4.107984345347426e-05,8.216668120024484e-10,True,2.811062998437257e-17,7.143552117045117e-05,2.9999352806585333e-10,0.0021994325864799057,1.428876236169574e-09,2.0078471853978636e-14,7.53911637131452e-05,1.5079802212484264e-09,0.0001,4.6075384759572724e-07,0.00015674617386064618,3.1350616318218026e-09,2.8113417815998854e-17,7.139037706393614e-05,6.097390055695689e-12,6.031890307765184e-05,1.4290179429318718e-09
circle,scale,3.468078064255926e-05,64,3.7714925132043744e-11,1.477347436979793e-05,2.954932891348758e-10,5.425321224812657e-15,1.4173428942214912e-05,2.834927106578878e-10,True,1.3515585423855371e-17,3.43461847552948e-05,4.728413407345533e-12,3.466683630648633e-05,6.870034161739853e-10,8.331665841791376e-15,3.128395366260248e-05,6.257441996006736e-10,1e-05,2.641009088216816e-08,8.984581945452856e-06,1.7969955769150702e-10,1.3657236684471762e-17,3.468078064255926e-05,8.268532343189139e-14,8.179709620796923e-07,6.942036148259096e-10
circle,scale,0.0004257238777132121,64,3.4677927226322987e-10,0.0001358383895385429,2.7169866413919502e-09,5.5737662215802943e-14,0.00014561235401293427,2.9124950012222264e-09,True,1.6614850729687403e-16,0.00042222124686911827,1.052631094268508e-11,7.717470257451478e-05,8.445404954763743e-09,9.903385109496447e-14,0.000371854856798652,7.437871256904227e-09,1e-06,2.326053374367472e-07,7.91311822682353e-05,1.5826933894532541e-09,1.6764939117675866e-16,0.0004257238777132121,2.283451680236241e-13,2.2589222491024645e-06,8.521695571886496e-09
circle,shape_mode4,1.7753073059872984,64,2.1995209076831698e-07,0.14294056468526917,2.8591933824408023e-06,6.11611511106183e-11,0.3150870426993457,6.302798477452559e-06,True,2.096378908700603e-14,0.23100310807125984,1.8777671225063148e-07,1.7753073059872984,4.622387781546039e-06,6.378435419163555e-11,0.334526209227976,6.691495908621912e-06,0.01,0.0004202405077367915,0.46747451198493517,9.350837632569167e-06,2.0963788995752722e-14,0.2302726045146908,4.458339279875235e-09,0.044545200320711215,4.622387761425239e-06
circle,shape_mode4,0.017753269125535914,64,2.1995169098255174e-09,0.0014294030498396084,2.8591881855599253e-08,6.116127621047814e-13,0.0031508767010583415,6.302811369283268e-08,True,2.0968525029301482e-16,0.0023105528324882316,1.877787860643e-09,0.017753269125535914,4.6234320279706596e-08,6.37842920617768e-13,0.0033452583637730627,6.69148939069599e-08,0.001,4.202420638129645e-06,0.004674762431377802,9.350872257064828e-08,2.096849429320767e-16,0.0023032428481152482,4.458385322438172e-11,0.0004454566035191579,4.623425250849218e-08
circle,shape_mode4,0.00017665903127252888,64,2.2104193640756133e-11,1.4364882426524307e-05,2.873360465048313e-10,6.080663731431177e-15,3.1326065709576714e-05,6.266265008493555e-10,True,3.1260872725661273e-18,3.4446818541994536e-05,1.8685470380176705e-11,0.00017665903127252888,6.892831993674643e-10,6.495211903656834e-15,3.4065066707656326e-05,6.81400390891652e-10,0.0001,4.2041050026067454e-08,4.676636114316984e-05,9.354620162954306e-10,3.137782794497216e-18,3.446635541156687e-05,4.4393973902805833e-13,4.435594369094881e-06,6.918619907037391e-10
circle,shape_mode4,0.0001922466713339327,64,3.382229738053854e-11,2.1980142463598023e-05,4.3966160317722467e-10,5.298862314228084e-15,2.7298419429697342e-05,5.460600515177236e-10,True,1.7446600242766318e-17,0.0001922466713339327,8.396273585252467e-12,7.938133360792583e-05,3.846869068229049e-09,1.0750299057003314e-14,5.638147906818405e-05,1.1277935328822857e-09,1e-05,2.5108751972514165e-08,2.793091423436932e-05,5.586987892144967e-10,1.7375092927560544e-17,0.00019085327674510507,1.812468090108682e-13,1.8109154346604034e-06,3.831102140851248e-09
circle,shape_mode4,0.001459251882833152,64,3.4527439594896427e-10,0.00022438394194826056,4.488278627291531e-09,5.197840198339706e-14,0.00026777978637816267,5.3564948816748995e-09,True,1.3242873896260126e-16,0.001459251882833152,3.757931953899535e-11,0.00035528814905739364,2.9199730180728558e-08,7.741857730756342e-14,0.0004060327877574718,8.121836457706498e-09,1e-06,2.514936216771069e-07,0.00027976088916102486,5.5960241305493686e-09,1.316027272221022e-16,0.001445564166085406,9.453917141320767e-13,9.445818418900684e-06,2.901759962404102e-08
circle,interior_epsr,17.909811573587962,64,0.0,0.0,0.0,0.0,0.0,0.0,True,4.4005975809748544e-13,1.1595417381361177,2.722338275273385e-06,17.909811573587962,2.3193618640515307e-05,3.3176396940323924e-10,1.2505108417726587,2.501283024072886e-05,0.01,0.0005397179217958799,0.5765153987072317,1.1531900622636881e-05,4.4005975797405766e-13,1.1586624541986292,6.612345367480949e-08,0.6546538374050643,2.3193618634009972e-05
circle,interior_epsr,0.1790954826206993,64,0.0,0.0,0.0,0.0,0.0,0.0,True,4.400605243347888e-15,0.011595434502278774,2.7222982512328797e-08,0.1790954826206993,2.3193659025520924e-07,3.3176417910263923e-12,0.012505116363962752,2.501284605069009e-07,0.001,5.397201344925319e-06,0.0057651762883874575,1.1531947900292243e-07,4.4006059618164424e-15,0.011586646648385743,6.612256893688854e-10,0.006546450780762203,2.3193662812253374e-07
circle,interior_epsr,0.0017915466387196696,64,0.0,0.0,0.0,0.0,0.0,0.0,True,4.393117799261135e-17,0.00011575705054027495,2.723197821755119e-10,0.0017915466387196696,2.315419599361564e-09,3.3251257563354525e-14,0.00012533325518153043,2.5069270247127016e-09,0.0001,5.3822358017156254e-08,5.7491902791825715e-05,1.1499971723462e-09,4.3934955215861995e-17,0.00011567925103657537,6.614866762525741e-12,6.549034675816436e-05,2.315618680222705e-09
circle,interior_epsr,4.848797850730247e-05,64,0.0,0.0,0.0,0.0,0.0,0.0,True,1.835392591361301e-17,4.83619247437285e-05,1.3561565065378645e-12,8.921928518949153e-06,9.67354888429286e-10,8.950403303546614e-15,3.373656407174478e-05,6.748017839922927e-10,1e-05,2.2721142838964007e-09,2.4270243455134298e-06,4.854720413578654e-11,1.841572403922637e-17,4.848797850730247e-05,2.2822218561594637e-14,2.259508862456293e-07,9.706119964283717e-10
circle,interior_epsr,0.0005918780445759526,64,0.0,0.0,0.0,0.0,0.0,0.0,True,2.2437978503645987e-16,0.0005912325420814857,6.316652235993647e-11,0.00041556206423747414,1.1826073775243005e-08,9.46874755459496e-14,0.00035690347990137596,7.138815453691874e-09,1e-06,2.3300482247509696e-08,2.4889081532860465e-05,4.978505157726039e-10,2.2479515684715997e-16,0.0005918780445759526,1.4674369168800674e-12,1.4528327777763499e-05,1.184796620051963e-08
circle,exterior_epsr,178.66812463338644,64,2.411315865399154e-05,3.4349149663203113,6.870031254552871e-05,3.820866750275951e-09,3.434914966597032,6.870031255106331e-05,True,2.7373986940166836e-11,10.251557797743766,2.6432118569172987e-05,151.24304062279782,0.00020503466693275958,2.0890771101949422e-09,2.5000048284729375,5.000175536928805e-05,0.01,0.00031046122941478583,0.29160762435932125,5.832863990039918e-06,5.244943997963844e-11,7.682907969399358,2.242072705978997e-05,178.66812463338644,0.00015366566554026953
circle,exterior_epsr,1.7869060591008037,64,2.4113656373783767e-07,0.03434985903876637,6.870173058892057e-07,3.820945392949229e-11,0.03434985702914178,6.870172656955366e-07,True,2.7375735996779045e-13,0.1025221303002463,2.6426078886341436e-07,1.5120848190994058,2.050477675907205e-06,2.089106634839066e-11,0.025000401696343814,5.000246203733092e-07,0.001,3.1045724675887405e-06,0.0029160396605897084,5.832789164947276e-08,5.245242678927718e-13,0.07683345398086912,2.242354819293694e-07,1.7869060591008037,1.5367441625507518e-06
circle,exterior_epsr,0.01786923205892793,64,2.416736361478414e-09,0.0003442636494210601,6.885474680283218e-09,3.829720366257279e-13,0.00034428743061559015,6.885950318106378e-09,True,2.739275075438918e-15,0.0010258585077822695,2.6426086731194676e-09,0.01512085267977332,2.0517521030365676e-08,2.0946907107362146e-13,0.0002506722650887048,5.013611607796453e-09,0.0001,3.1873592796714744e-08,2.993799124470795e-05,5.988326851877721e-10,5.2500782992970956e-15,0.0007690428711259084,2.2423763364805976e-09,0.01786923205892793,1.5381608961186392e-08
circle,exterior_epsr,0.00017857687281538955,64,3.557573468184775e-11,5.067756851331826e-06,1.0135810603457259e-10,5.602467357102112e-15,5.036553343919367e-06,1.0073401760536324e-10,True,3.5609261822674756e-17,1.3335668451739006e-05,2.975462064236378e-11,0.00017025420367845176,2.6671793018284576e-10,7.590533183505109e-15,9.08361380826172e-06,1.8167830259203258e-10,1e-05,3.463265974755993e-09,3.2529507227289555e-06,6.506693099863972e-11,6.767923232706133e-17,9.913800932372602e-06,2.2409276040705195e-11,0.00017857687281538955,1.9828570682222361e-10
circle,exterior_epsr,0.00018368530669715137,64,6.094869528127132e-10,8.682130414368357e-05,1.7364769481879594e-09,9.513555437125337e-14,8.552576283947017e-05,1.7105653630951016e-09,True,2.4856189686703743e-16,9.308642967464602e-05,3.210191877947577e-11,0.00018368530669715137,1.8617604314527865e-09,1.0047566457023925e-13,0.00012023952890043259,2.4048703496344063e-09,1e-06,9.372559560709828e-08,8.803388081568244e-05,1.7608918594833433e-09,6.402746125893295e-16,9.378881575543254e-05,8.657551672092145e-13,6.899100627041989e-06,1.8758679694249e-09
circle,mixed,13.189199412579407,64,6.269496313838858e-07,0.3715719604299571,7.432345078525514e-06,9.32745665464427e-11,0.38813886653301954,7.76382992600106e-06,True,2.1022961452584697e-13,0.5375577566583407,1.4258516891962674e-06,13.189199412579407,1.0752413095691915e-05,1.0456997156288343e-10,0.5059657967226274,1.0120672584712752e-05,0.01,0.0003083881775806996,0.39936382040215673,7.988618895355915e-06,3.8649280639837583e-13,0.302290640412038,1.7917288970531855e-07,1.712420566470733,6.047390418211226e-06
circle,mixed,0.13189645493781918,64,6.269809938752904e-09,0.0037159055157929303,7.432716873717619e-08,9.327938556580678e-13,0.0038815891564009247,7.764231043348887e-08,True,2.10232796716397e-15,0.0053756600560968355,1.4258999139304777e-08,0.13189645493781918,1.0752575852149517e-07,1.0457123148670407e-12,0.0050597186114660795,1.0120794524847954e-07,0.001,3.083877237348011e-06,0.003993633417165762,7.988607138738171e-08,3.865188441235404e-15,0.0030231100263328876,1.7917379736462867e-09,0.017124292413013536,6.047797826284716e-08
circle,mixed,0.0013087053566118976,64,6.427296111851832e-11,3.809242278495422e-05,7.619413144833367e-10,9.512673905362577e-15,3.958462163643117e-05,7.917997914894628e-10,True,2.1600922702298362e-17,5.523363698933762e-05,1.4148089546705406e-10,0.0013087053566118976,1.1048017410252443e-09,1.0781349759700679e-14,5.21659685139942e-05,1.0434593154076338e-09,0.0001,3.106015418934904e-08,4.022302561372507e-05,8.045954828627351e-10,3.9737115204996576e-17,3.107990027044153e-05,1.793425504674831e-11,0.00017140420761697255,6.217602132815835e-10
circle,mixed,8.866979600800086e-05,64,5.408053830390137e-11,3.205171652058974e-05,6.411124635639157e-10,8.691936118432925e-15,3.616932588285586e-05,7.234846137567249e-10,True,2.1905495915411496e-17,5.6012431906995444e-05,9.585872080917351e-12,8.866979600800086e-05,1.1203794559568957e-09,1.1719727409535e-14,5.670634422214226e-05,1.1342790107068176e-09,1e-05,3.1739878926938336e-08,4.110327201746641e-05,8.222033624025588e-10,4.243762184065914e-17,3.3192068613771244e-05,3.61006499216901e-13,3.4502706012352234e-06,6.640146037449043e-10
circle,mixed,0.00046700283787304937,64,5.256164871416248e-10,0.00031151521735794854,6.231063734379816e-09,8.32343080290875e-14,0.0003463588285379067,6.9281159427791e-09,True,1.4983567684833229e-16,0.00038313036513153837,4.0529002137863757e-11,0.0003748952960812199,7.6635021073484e-09,9.651734801058496e-14,0.00046700283787304937,9.341309587834147e-09,1e-06,2.5855841778880423e-07,0.0003348342004124061,6.697807542769567e-09,1.8759337724363955e-16,0.00014672387327169606,1.2103264083237336e-12,1.1567530317588516e-05,2.9352432264773893e-09
circle,tangential_phase,1.4942684590383672,64,3.5026343770453872e-06,1.4323873461305598,2.865015618146539e-05,5.550122826214682e-10,1.432387345832736,2.865015617550842e-05,True,1.2108616192568425e-20,0.0002651703460488075,6.422480858049944e-15,6.422480858049918e-08,0.2651703466508545,6.085585991607271e-10,1.4942684590383672,2.9887403339324332e-05,0.01,3.128593210595048e-11,0.00024152747990625873,0.24152747990928605,1.2255802347177143e-20,3.674310496686789e-05,1.357399007904123e-16,1.3573990079041229e-09,0.036743104978288386
circle,tangential_phase,0.014942888359270476,64,3.502685199548881e-08,0.014324081297759726,2.8650571889331495e-07,5.550199166407824e-12,0.014324070478699807,2.8650550249391913e-07,True,1.9983709773811903e-19,0.00437629465810711,1.125604525335184e-13,1.1256045253351795e-06,4.376294668043118,6.085668978909557e-12,0.014942888359270476,2.9887810904837147e-07,0.001,2.544631537358314e-10,0.001964456230445018,1.9644562304696405,1.9969807017402516e-19,0.0005986982284986994,2.5136154936174097e-15,2.5136154936174096e-08,0.5986982286847867
circle,tangential_phase,0.03688860308633194,64,3.504057685197931e-10,0.00014329694019114055,2.8661798276093355e-09,5.558990063719576e-14,0.0001434675821095754,2.8695929529957553e-09,True,1.6844641314838966e-18,0.03688860308633194,7.399477156918337e-13,7.399477156918307e-06,36.88860317008441,6.096143177462511e-14,0.0001496860694175862,2.9939251570902836e-09,0.0001,2.716998187889651e-09,0.020975233309607752,20.975233309870656,1.7076240696281594e-18,0.005119486154959831,1.723665173751111e-14,1.7236651737511107e-07,5.11948615655107
circle,tangential_phase,0.4716024011179617,64,3.989687990432568e-11,1.631565837975164e-05,3.263406103426384e-10,6.3642200590913954e-15,1.6424912680634736e-05,3.2852588012476365e-10,True,2.153503419865821e-17,0.4716024011179617,3.756780794691796e-12,3.7567807946917805e-05,471.60240218869535,1.0475585565178348e-14,2.5721988189126535e-05,5.144747793127463e-10,1e-05,2.890080508716866e-08,0.22311429291372115,223.11429291651766,2.161324457447363e-17,0.0647968767428258,9.105651056895118e-14,9.105651056895117e-07,64.79687676296597
circle,tangential_phase,2.2066214011548406,64,3.3405678513930676e-10,0.00013661109336973707,2.7324516456646845e-09,5.5310193622413693e-14,0.00014274570837621923,2.85515426414541e-09,True,1.007621403638156e-16,2.2066214011548406,1.853987741653165e-11,0.00018539877416531573,2206.621406164789,7.940575571394178e-14,0.0001949746768726722,3.899758957903804e-09,1e-06,2.2413311748781404e-07,1.7303082691299758,1730.3082691516638,9.962287601546177e-17,0.29867108548633564,4.616334249927076e-13,4.616334249927076e-06,298.67108557916856
circle,translation_x,4.60082781664416,128,5.301253490234129e-07,0.3565052820830267,7.130802928163346e-06,1.9420219033494843e-10,0.4386815221387347,8.774543818988247e-06,True,2.483616793378336e-13,0.8766292051763166,8.355014642913439e-07,4.60082781664416,1.7535410755348098e-05,1.638738444158935e-10,0.43603208332494225,8.721551379494022e-06,0.01,0.0,0.0,0.0,2.4836167934499187e-13,0.8757393168348337,1.7742554557511844e-08,0.1748677200840643,1.7535410755853502e-05
circle,translation_x,0.04601017423588481,128,5.301387483971291e-09,0.003565142937557793,7.130983165334624e-08,1.9420652656939327e-12,0.004386913187652999,8.774739740975944e-08,True,2.483673649711594e-15,0.00876649289702871,8.355358965470017e-09,0.04601017423588481,1.7535812185697732e-07,1.6387452270779879e-12,0.0043603388966139784,8.721587478956529e-08,0.001,1.9424142657864957e-10,0.001486347621125161,1.486347621125161,2.483676002258078e-15,0.008757602147730779,1.7743342231135543e-10,0.0017487548326666014,1.7535828795695308e-07
circle,translation_x,0.01475225004244386,128,5.299793455107005e-11,3.5640709659121206e-05,7.128839010991889e-10,1.9452583051253795e-14,4.3941259163114836e-05,8.789166696901963e-10,True,2.4861021119774213e-17,8.775064529433823e-05,8.31708556192634e-11,0.0004579941537167295,1.755295818158916e-09,1.6292217036466046e-14,4.3349989069453205e-05,8.670902209921265e-10,0.0001,1.927878817015945e-09,0.01475225004244386,14.75225004244386,2.4870861415838484e-17,8.769626540214974e-05,1.7655839491164185e-12,1.7401307055205912e-05,1.7559905857007575e-09
circle,translation_x,0.14863476211251495,128,2.7579055465369813e-11,1.854670595862596e-05,3.7097039375823715e-10,8.705096826715567e-15,1.9663862362564e-05,3.9331818772388696e-10,True,2.803797979910186e-17,9.896419011603497e-05,6.31919169769013e-12,3.479768041591546e-05,1.9796028672306856e-09,2.1981162764181146e-14,5.8487016436266964e-05,1.169862348150499e-09,1e-05,1.942414265786481e-08,0.14863476211251495,148.63476211251495,2.8216135182752e-17,9.949191701981883e-05,1.5198005885470184e-13,1.497890639367469e-06,1.992181409294465e-09
circle,translation_x,1.475225004244389,128,2.6639251469989214e-10,0.0001791469488841401,3.583289362340779e-09,7.901266430396024e-14,0.0001784809734694511,3.5699910695875504e-09,True,2.168021834660365e-16,0.0007652353220965174,9.45929255063982e-11,0.0005208916818556611,1.5307173594047134e-08,1.4616817079315888e-13,0.00038892120036523636,7.7792354000304e-09,1e-06,1.927878817015949e-07,1.475225004244389,1475.2250042443893,2.1483357146544637e-16,0.0007575170634596262,2.3090741693926678e-12,2.2757857905853067e-05,1.516818105646931e-08
circle,translation_y,0.6772851231872623,128,4.3508719210259373e-07,0.3348943541217188,6.698636798747576e-06,1.8524046347024775e-10,0.4188287699523324,8.37744822167797e-06,True,1.766364743360326e-13,0.6772851231872623,9.441227032591301e-08,0.6683441907281181,1.3548074272784371e-05,1.5690307247558743e-10,0.4178703067332185,8.358278728851393e-06,0.01,0.0,0.0,0.0,1.766364741231037e-13,0.6765383361653854,2.1076275466972772e-09,0.020910497284150315,1.3548074256452658e-05
circle,translation_y,0.006772808333879748,128,4.3509953866800195e-09,0.003349038577414701,6.698826887444469e-08,1.852447933531058e-12,0.004188385598205684,8.377644039420863e-08,True,1.7663535930548504e-15,0.006772808333879748,9.441317692926443e-10,0.006683506085706414,1.3547988749583507e-07,1.5690697839566076e-12,0.004178807091312163,8.358486798509626e-08,0.001,1.944155059490209e-10,0.0014876796874232511,1.4876796874232512,1.7663534956983172e-15,0.006765339926042454,2.1076412188051567e-11,0.00020910632929831702,1.3547988002855772e-07
circle,translation_y,0.014836488500041382,128,4.3480504470616003e-11,3.346771805231821e-05,6.694292835131253e-10,1.8502472786000637e-14,4.183409916432596e-05,8.367691638961044e-10,True,1.7154909900036245e-17,6.577783573331776e-05,1.1114000345036068e-11,7.867597655170914e-05,1.3157870951753011e-09,1.5571176273342616e-14,4.146975647382992e-05,8.294817263627829e-10,0.0001,1.9388874114685276e-09,0.014836488500041382,14.836488500041384,1.7142940980576305e-17,6.565946325300543e-05,2.489130185604968e-13,2.4695516087532493e-06,1.314869075211317e-09
circle,translation_y,0.14876796874232398,128,2.6409835407955375e-11,2.032812029228999e-05,4.066079133648254e-10,8.295704434131303e-15,1.8756591399932903e-05,3.751709159939643e-10,True,3.400920561900041e-17,0.00013040301308413725,1.9782829888126408e-12,1.4004259601268106e-05,2.6085169861807045e-09,2.2004531921046824e-14,5.8603317056313334e-05,1.1721887162065184e-09,1e-05,1.9441550594901942e-08,0.14876796874232398,148.76796874232397,3.3973885268826026e-17,0.00013012394271785436,4.247478562445506e-14,4.2140694679988625e-07,2.605807903986316e-09
circle,translation_y,1.4836488500041431,128,2.575619672382855e-10,0.0001982500296524169,3.96544440520641e-09,8.319357612472122e-14,0.00018810071246638064,3.7624062437795436e-09,True,3.575924295528394e-16,0.0013711325924861896,1.6581826623590645e-10,0.0011738270308807427,2.742745411545501e-08,2.51196786474201e-13,0.0006689969581763474,1.3381336158792e-08,1e-06,1.938887411468534e-07,1.4836488500041431,1483.6488500041432,3.5754855653191914e-16,0.0013694526698482474,3.814997959466354e-12,3.784990597388421e-05,2.742408904066945e-08
circle,scale,21.991369613519147,128,9.22019219612914e-07,0.5107687224806747,1.0216199006071964e-05,2.2429447992988841e-10,0.41433637376906995,8.287432933600753e-06,True,2.844300908885806e-13,0.7228015288469757,2.999532060186114e-06,21.991369613519147,1.4457712187460009e-05,2.854478228620764e-10,0.7578819382243837,1.5159215481627331e-05,0.01,0.004613851354899589,1.5695463032601988,3.139232442145741e-05,2.8443009092781003e-13,0.722273327263034,6.096602353123791e-08,0.6031111066898808,1.4457712189454059e-05
circle,scale,0.2199132907348849,128,9.220204380752794e-09,0.005107694717990561,1.0216212506933706e-07,2.2429307966652764e-12,0.004143337873147388,8.287381195418453e-08,True,2.8442069443750875e-15,0.007227778265623768,2.999526530693235e-08,0.2199132907348849,1.4457234561535285e-07,2.854504410974403e-12,0.0075788884356477485,1.5159354527683683e-07,0.001,4.6138935467021186e-05,0.015695607809396776,3.1392611491553747e-07,2.844203870136718e-15,0.007222486729010496,6.096590995645248e-10,0.00603109983142525,1.445721893504042e-07
circle,scale,0.002198192434696648,128,9.172785393492653e-11,5.0814262082096895e-05,1.0163671106471427e-09,2.2273389213274243e-14,4.114535198015894e-05,8.229770940715838e-10,True,2.906226374956658e-17,7.385383957945908e-05,2.9982437648075344e-10,0.002198192434696648,1.477248217636298e-09,2.91544911349338e-14,7.740700399808994e-05,1.5483012234610825e-09,0.0001,4.60659015456583e-07,0.000156707631522255,3.1342919718307515e-09,2.9080783607917353e-17,7.384687698492757e-05,6.093976370616719e-12,6.028513293377992e-05,1.4781895905443176e-09
circle,scale,8.792856954520923e-05,128,2.5873260885664962e-11,1.4332949099720359e-05,2.866820739972662e-10,7.764534933988164e-15,1.4343327805388189e-05,2.868909771927577e-10,True,2.5599434648107518e-17,6.505400132376823e-05,1.1993094017892503e-11,8.792856954520923e-05,1.3012310235804567e-09,2.011841402060388e-14,5.3415652029857016e-05,1.068424240300784e-09,1e-05,2.6331620861054206e-08,8.957527811479218e-06,1.7915852094697984e-10,2.582856220169835e-17,6.55882826610351e-05,2.639248208543589e-13,2.6108967186754758e-06,1.3128776823910068e-09
circle,scale,0.0009540444451648341,128,2.673609590692148e-10,0.00014810931776567375,2.9624249757527535e-09,8.393075277391742e-14,0.00015504422482798087,3.1011484763151218e-09,True,3.7390841614439404e-16,0.0009501865544735615,1.4651174154098334e-11,0.00010741655019177341,1.9005936566684518e-08,2.563618173141857e-13,0.0006806567164057085,1.3614551307350797e-08,1e-06,2.8105711050662634e-07,9.561040307628878e-05,1.9122930747675626e-09,3.757011968569933e-16,0.0009540444451648341,3.0045322512491784e-13,2.972256785302489e-06,1.909706443391198e-08
circle,shape_mode4,1.7753074201543275,128,1.5552961461936737e-07,0.1429405644104081,2.859193376942846e-06,8.649492917394826e-11,0.3150870419087098,6.302798461637187e-06,True,2.0963783306787675e-14,0.23100304437817348,1.8777672432620423e-07,1.7753074201543275,4.622386507043082e-06,9.020470065553056e-11,0.3345262162389782,6.691496048862322e-06,0.01,0.0004202493369568355,0.46723157622946404,9.345989441017445e-06,2.0963783391585174e-14,0.2302725429568169,4.458339564817118e-09,0.04454520316768927,4.6223865257404145e-06
circle,shape_mode4,0.017752644543777705,128,1.5553011868539446e-09,0.0014294102778377668,2.8592026434883186e-08,8.649532386171965e-13,0.0031508846261551924,6.30282722213797e-08,True,2.097097320971813e-16,0.002310822601114684,1.8777217977651757e-09,0.017752644543777705,4.6239718368381066e-08,9.020679488631013e-13,0.003345339357393665,6.691651401486797e-08,0.001,4.202513144667833e-06,0.00467233774993945,9.346033419164384e-08,2.097113484991491e-16,0.0023035328948523065,4.458251093127021e-11,0.00044544319208683305,4.624007477516779e-08
circle,shape_mode4,0.00017205830772790522,128,1.5648301946636066e-11,1.438167978177716e-05,2.876720385099716e-10,8.63522222540961e-15,3.145671649201415e-05,6.292399551972779e-10,True,3.34708705312951e-18,3.688204784787306e-05,1.8198845479645148e-11,0.00017205830772790522,7.380123046432679e-10,9.23964684889238e-15,3.426543849231529e-05,6.854084092396561e-10,0.0001,4.204067948874949e-08,4.6740663752202876e-05,9.349491172080255e-10,3.3417712092182747e-18,3.670702586649686e-05,4.323746052761323e-13,4.3200421045912015e-06,7.368401934451481e-10
circle,shape_mode4,0.00033489242816368646,128,2.3944493032192402e-11,2.2006351392030557e-05,4.40185851803515e-10,7.742826549732782e-15,2.8205863512475237e-05,5.642119801986964e-10,True,3.038371257254034e-17,0.00033480262765002997,3.046578018073981e-12,2.8803423752189888e-05,6.699423523601879e-09,2.1868696410317736e-14,8.110055318744761e-05,1.6222468957823524e-09,1e-05,2.6776189266803366e-08,2.9769662962273745e-05,5.954797786722801e-10,3.04882743399359e-17,0.00033489242816368646,6.327152818059838e-14,6.321732646334543e-07,6.722478756318644e-09
circle,shape_mode4,0.002774642094560989,128,2.566636875215224e-10,0.00023588853142889946,4.7184011691872485e-09,7.647298869159983e-14,0.0002785787163712043,5.572509742309691e-09,True,2.5180187051866005e-16,0.002774642094560989,1.2122461481899396e-10,0.0011461002899360812,5.5520778463532706e-08,1.932290219710549e-13,0.0007165941799862468,1.433396738361184e-08,1e-06,2.8078102363414584e-07,0.00031217124873529997,6.244332236489238e-09,2.5158018543910523e-16,0.0027634328607349127,2.8249377494085192e-12,2.8225177592240943e-05,5.5471898254004147e-08
circle,interior_epsr,17.909811480705752,128,0.0,0.0,0.0,0.0,0.0,0.0,True,4.4005976924176217e-13,1.159541767500889,2.722338261154037e-06,17.909811480705752,2.3193619227881234e-05,4.6918510898001e-10,1.2505108522824482,2.5012830450946613e-05,0.01,0.0005397179159851311,0.5758822382304813,1.1519248066738325e-05,4.4005976922670323e-13,1.1586624838264648,6.612345336119723e-08,0.6546538343001612,2.3193619227087544e-05
circle,interior_epsr,0.179096832161015,128,0.0,0.0,0.0,0.0,0.0,0.0,True,4.400497458637881e-15,0.011595150493494502,2.7223187645981917e-08,0.179096832161015,2.3193090939615967e-07,4.69175416395357e-12,0.012504850230144155,2.501231372743617e-07,0.001,5.397201433323091e-06,0.00575884482254418,1.1519295605209654e-07,4.400496061332212e-15,0.011586357284128115,6.612301780946285e-10,0.006546495221295401,2.3193083575030994e-07
circle,interior_epsr,0.0017928583752033188,128,0.0,0.0,0.0,0.0,0.0,0.0,True,4.298967569095367e-17,0.00011327622633986079,2.725191695571172e-10,0.0017928583752033188,2.265797144838063e-09,4.622241633901876e-14,0.00012319579704309365,2.4641733950899953e-09,0.0001,5.3819088509166925e-08,5.742527417863843e-05,1.1486656508914546e-09,4.300420503252176e-17,0.00011322861728534123,6.618640592461356e-12,6.552770948064509e-05,2.2665629226698853e-09
circle,interior_epsr,9.62455475847307e-05,128,0.0,0.0,0.0,0.0,0.0,0.0,True,3.6460654196132487e-17,9.607249275385997e-05,5.365099857435052e-12,3.529610129385247e-05,1.921681074554119e-09,2.412255246421052e-14,6.429341676618934e-05,1.2860026954885077e-09,1e-05,2.1897361641875594e-09,2.336460962128824e-06,4.673573607417444e-11,3.655403873060403e-17,9.62455475847307e-05,1.216494895268927e-13,1.2043881665468368e-06,1.926602963546693e-09
circle,interior_epsr,0.0009079914076248351,128,0.0,0.0,0.0,0.0,0.0,0.0,True,3.440368007727307e-16,0.00090652441019761,7.598801015501477e-11,0.000499912503927176,1.8132669958105984e-08,1.9381530108132278e-13,0.0005165725288237379,1.0332530107968204e-08,1e-06,2.334948822747031e-08,2.4914036955179706e-05,4.983502291797677e-10,3.448549456486989e-16,0.0009079914076248351,1.8257639527292056e-12,1.807593692441038e-05,1.8175790784077292e-08
circle,exterior_epsr,178.6681246232813,128,1.7050578000389207e-05,3.4349149663857244,6.8700312546837e-05,5.403521578163638e-09,3.4349149665353558,6.870031254982973e-05,True,2.7373986943777147e-11,10.251557799095844,2.6432118587172478e-05,151.24304072601282,0.00020503466695980153,2.9544011820487617e-09,2.500004828445766,5.0001755368744596e-05,0.01,0.0003104612281323447,0.29136056810086114,5.827927940648479e-06,5.244943997769632e-11,7.68290796911487,2.24207270585195e-05,178.6681246232813,0.00015366566553457947
circle,exterior_epsr,1.7869060522098268,128,1.7050929867002562e-07,0.03434985888948427,6.870173029034763e-07,5.40363283219969e-11,0.03434985726055437,6.870172703239237e-07,True,2.737572967012619e-13,0.10252210660693177,2.642607797361668e-07,1.5120847668760566,2.050477202032809e-06,2.9544418404428525e-11,0.02500039242380247,5.000244349163304e-07,0.001,3.1045721989209883e-06,0.0029135688836813937,5.827852698611132e-08,5.245243583632594e-13,0.07683346723318263,2.2423548106460973e-07,1.7869060522098268,1.536744427609972e-06
circle,exterior_epsr,0.01786924906221171,128,1.708901904612445e-09,0.0003442659127762281,6.885519948712597e-09,5.416001117334212e-13,0.00034428480113948357,6.885897727043729e-09,True,2.73912149128622e-15,0.0010258009905175325,2.6424079673480205e-09,0.015119704253078896,2.051637066539828e-08,2.960761787270271e-13,0.00025053871620799137,5.010940541580507e-09,0.0001,3.184748101956672e-08,2.988812190160942e-05,5.978357606511966e-10,5.250189235142178e-15,0.0007690591212494207,2.242378470190473e-09,0.01786924906221171,1.538193397953689e-08
circle,exterior_epsr,0.0001807139537978828,128,2.5220684992307016e-11,5.080819511775908e-06,1.0161936689637517e-10,7.995872425491332e-15,5.082822711089812e-06,1.0165943205625231e-10,True,5.0944530499175705e-17,1.9078726527656032e-05,1.7808752736381273e-11,0.00010190064434317186,3.8158105597754244e-10,2.346505155471186e-14,1.9856051634271455e-05,3.9713420597132616e-10,1e-05,3.3258434316312026e-09,3.1212268916646084e-06,6.24321947639888e-11,7.36576892752583e-17,1.0789538289746347e-05,2.2677454315431222e-11,0.0001807139537978828,2.1580130977632908e-10
circle,exterior_epsr,0.0002111902330419456,128,4.321310998907799e-10,8.705473799240316e-05,1.7411457619224028e-09,1.3487698844301594e-13,8.573871412498377e-05,1.7148245135654674e-09,True,4.1309074150543226e-16,0.0001547024815270158,8.868041283943695e-12,5.074241493901131e-05,3.094102542779137e-09,2.495757866387624e-13,0.0002111902330419456,4.223944772733789e-09,1e-06,9.428493179300671e-08,8.848422083705645e-05,1.7699014839442778e-09,6.891665089830558e-16,0.00010095060691916561,1.7349880213068936e-12,1.3825914529964824e-05,2.0191107914985862e-09
circle,mixed,13.189199384684828,128,4.433203367020988e-07,0.37157196117436336,7.432345093415455e-06,1.319101576003827e-10,0.38813886819824445,7.763829959310073e-06,True,2.102296086492997e-13,0.5375577416319921,1.4258516861801254e-06,13.189199384684828,1.075241279512978e-05,1.478842702224714e-10,0.5059657906369563,1.0120672462983015e-05,0.01,0.0003083920633601056,0.3987743952811214,7.976838269564964e-06,3.864928066678206e-13,0.30229064062278105,1.791728897763609e-07,1.712420567149721,6.047390422427186e-06
circle,mixed,0.13189594198947968,128,4.4334161048855076e-09,0.0037158979559892887,7.43270175226745e-08,1.3191713446892639e-12,0.0038815939323462046,7.764240596534734e-08,True,2.1024145489468507e-15,0.00537588144602224,1.4258943685724682e-08,0.13189594198947968,1.0753018683716427e-07,1.4788536435616072e-12,0.005059695023002844,1.0120747341593726e-07,0.001,3.083920764770042e-06,0.0039877452047222825,7.976838608845352e-08,3.865083902517063e-15,0.003023028262648566,1.7917390745451726e-09,0.01712430293470527,6.047634256243266e-08
circle,mixed,0.0013032210704476371,128,4.528586974983269e-11,3.7956660737612864e-05,7.592257425862117e-10,1.3463049194400259e-14,3.96143307841452e-05,7.92394055018905e-10,True,2.306777747876937e-17,5.8984389925046986e-05,1.408880028700571e-10,0.0013032210704476371,1.1798255598320192e-09,1.611160808980332e-14,5.512365818324072e-05,1.1026210433573846e-09,0.0001,3.111070899810155e-08,4.022852513412298e-05,8.04706487662026e-10,3.974639958208714e-17,3.1087161932808304e-05,1.7947022096535467e-11,0.00017152622696189033,6.219054844279725e-10
circle,mixed,0.00011212358301026021,128,4.054949270351955e-11,3.398683400100862e-05,6.798195304493968e-10,1.2378913785634947e-14,3.642431802191599e-05,7.285851481110674e-10,True,4.38495992055972e-17,0.00011212358301026021,8.021202354668161e-12,7.41965228123012e-05,2.2427335263992393e-09,2.7426719948178052e-14,9.383676204949122e-05,1.8769869771267533e-09,1e-05,3.5191549721931965e-08,4.550536429225903e-05,9.102611057127468e-10,5.954196916853249e-17,4.6570025376574834e-05,3.079506322254538e-13,2.94319635603266e-06,9.316435593889615e-10
circle,mixed,0.0009871223375679365,128,3.6529672406118776e-10,0.00030617594189587635,6.124265209473876e-09,1.148506114559053e-13,0.00033794202537321415,6.7597570519758914e-09,True,3.8604651847634067e-16,0.0009871223375679365,6.33355635732552e-11,0.0005858571296057763,1.9744752185239524e-08,2.5800584222111254e-13,0.0008827316160335372,1.7657000428292857e-08,1e-06,2.809897072601078e-07,0.00036334117411022823,7.2680516671047336e-09,4.093073991698774e-16,0.00032013479285556616,1.236783380787268e-12,1.1820389239759341e-05,6.404366660557013e-09
circle,tangential_phase,1.4942684589232798,128,2.4767365210680788e-06,1.432387346733283,2.8650156193520864e-05,7.849058971266911e-10,1.4323873453943217,2.865015616673939e-05,True,4.395875945177671e-20,0.000962666523532358,1.3291702073782628e-15,1.3291702073782387e-08,0.9626665257854389,8.606318243655866e-10,1.4942684589232798,2.9887403337022422e-05,0.01,3.3052965668878655e-11,0.0002529233735441259,0.2529233735481092,4.410384804847384e-20,0.0001322240904648382,2.941237786362809e-17,2.941237786362808e-10,0.13222409050720396
circle,tangential_phase,0.01494287429547346,128,2.4767707800720653e-08,0.014324071599687259,2.865055249155536e-07,7.849165471911718e-12,0.014324067808676,2.8650544908895196e-07,True,2.3664133725580977e-19,0.0051822821276384205,5.1048636745396456e-14,5.104863674539553e-07,5.182282139767335,8.60642750596882e-12,0.01494287429547346,2.98877827753286e-07,0.001,2.8654052489394106e-10,0.0021926261304146036,2.1926261304491352,2.3706112319083956e-19,0.000710713300209785,1.0617354647893615e-15,1.061735464789361e-08,0.7107133004375037
circle,tangential_phase,0.04512272849028397,128,2.478393423104257e-10,0.00014333455938020408,2.866932274665644e-09,7.857571361437487e-14,0.00014339407851128951,2.8681227573978396e-09,True,2.0604634305075107e-18,0.04512272849028397,6.401302482141126e-13,6.401302482141009e-06,45.12272859589183,8.62006648723757e-14,0.0001496655492050352,2.9935147249049485e-09,0.0001,3.0854997674318384e-09,0.02361043841168132,23.61043841205316,2.060840681184253e-18,0.006178435595076261,1.432970021976853e-14,1.4329700219768526e-07,6.178435597055887
circle,tangential_phase,0.479493384914883,128,2.8814682584117234e-11,1.6664585183984906e-05,3.3331973331812964e-10,9.231055347280017e-15,1.6845900779293362e-05,3.36946350195021e-10,True,2.1895364439234107e-17,0.479493384914883,5.122946399632585e-12,5.122946399632492e-05,479.49338603711726,1.9479872835034174e-14,3.382184894531992e-05,6.764830208361661e-10,1e-05,3.2590942872021576e-08,0.24938794602436745,249.38794602829506,2.1847616764593035e-17,0.06549952857509511,1.166385340846914e-13,1.1663853408469135e-06,65.49952859608173
circle,tangential_phase,6.26598970699494,128,2.6380218989098715e-10,0.00015256645817029733,3.051585778413886e-09,8.690802573239259e-14,0.00015859984837416762,3.1722637305834326e-09,True,2.8612725956896776e-16,6.26598970699494,1.4414476996658638e-10,0.0014414476996658376,6265.989721660227,2.3727966896155516e-13,0.0004119758475517356,8.240077776762177e-09,1e-06,2.808440394192477e-07,2.149036265044032,2149.036265077877,2.8598471396331184e-16,0.8573870617612543,3.414391907629859e-12,3.4143919076298575e-05,857.3870620359687
ellipse,translation_x,0.5878463250651477,32,8.95407914989082e-07,0.3221382601611599,6.443487379739683e-06,8.458121933633222e-11,0.4229931815098068,8.46083278821045e-06,True,1.2839581824690727e-13,0.5878463250651477,8.925609252304761e-08,0.49351665504867304,1.1759147896515486e-05,6.839718116350887e-11,0.4077355292263159,8.155694342441142e-06,0.01,0.0,0.0,0.0,1.2839581829703463e-13,0.5870621396119546,2.4049157373238735e-09,0.023850942852086138,1.1759147901106407e-05
ellipse,translation_x,0.005878602748558678,32,8.954337451441198e-09,0.00322147554536942,6.443673257343864e-08,8.458308424788302e-13,0.00423002507181013,8.46101933913653e-08,True,1.283988616622194e-15,0.005878602748558678,8.924546102129227e-10,0.004934578711266333,1.1759426628107016e-07,6.839878455666156e-13,0.004077450857098727,8.155885531379659e-08,0.001,1.9070469708026574e-10,0.0015713871336292618,1.5713871336292617,1.283987293433637e-15,0.005870754615722245,2.4047674760513654e-11,0.00023849472459139354,1.175941450966722e-07
ellipse,translation_x,0.015713871336292616,32,9.024541955247273e-11,3.24673281395918e-05,6.494193453413478e-10,8.481265835645054e-15,4.241506140102754e-05,8.483984107915382e-10,True,1.298419045288361e-17,5.9446709185077464e-05,8.812221785614582e-12,4.872472115066616e-05,1.1891587898787389e-09,6.8604051946463015e-15,4.089687442525104e-05,8.180361658337132e-10,0.0001,1.907046970802657e-09,0.015713871336292616,15.713871336292614,1.2991930153675941e-17,5.9402795074143734e-05,2.4230844517273906e-13,2.403113252035966e-06,1.189867631393474e-09
ellipse,translation_x,0.15713871336292606,32,6.294894734671142e-11,2.264695692900746e-05,4.529899066185701e-10,3.953135891862061e-15,1.976974956639646e-05,3.9544028842997375e-10,True,1.172193178230859e-17,5.366759463873263e-05,5.05092929287132e-12,2.792770397002923e-05,1.0735546635636032e-09,5.179133481419936e-15,3.087432383398176e-05,6.175609712948166e-10,1e-05,1.907046970802656e-08,0.15713871336292606,157.13871336292607,1.1934321819573656e-17,5.456710936352901e-05,2.6895572899886255e-14,2.6673898060275947e-07,1.093006433053039e-09
ellipse,translation_x,1.5713871336292613,32,5.289391559086398e-10,0.00019029487841962247,3.806324155386809e-09,4.292613878497571e-14,0.00021467489022493263,4.2939896746934765e-09,True,1.1489434238365676e-16,0.0005260312982542493,5.237635412186359e-11,0.0002896004335299834,1.052261345431202e-08,4.959626487142259e-14,0.0002956577867866849,5.913869108890666e-09,1e-06,1.907046970802657e-07,1.5713871336292613,1571.3871336292614,1.1500608351352946e-16,0.0005258404818937378,5.544276856736009e-13,5.498580611947065e-06,1.0532847280383911e-08
ellipse,translation_y,1.1283519733854783,32,1.1779914327281777e-06,0.3692553269303735,7.385827804926553e-06,1.0060630146987871e-10,0.4222152469228831,8.44511676456472e-06,True,1.9870468268491063e-13,0.7403932276427618,1.4071369819302834e-07,1.1283519733854783,1.4810141259931746e-05,9.152336829302592e-11,0.4217216580041047,8.435219694487486e-06,0.01,0.0,0.0,0.0,1.987046827780443e-13,0.7395892246625477,2.4157358137695182e-09,0.024154000641723083,1.481014126687332e-05
ellipse,translation_y,0.01128327441141864,32,1.1780211435956907e-08,0.0036926464249778814,7.386014087564346e-08,1.0060802359786721e-12,0.0042222247575013075,8.445261323819299e-08,True,1.987058350562588e-15,0.007403975274850264,1.407106388438134e-09,0.01128327441141864,1.4810227150119232e-07,9.152489010447398e-13,0.004217286720622693,8.435359951715091e-08,0.001,1.9287895434651298e-10,0.0015893027903786225,1.5893027903786223,1.9870585584039256e-15,0.007395935778354392,2.41567325252738e-11,0.0002415337511625207,1.4810228699231981e-07
ellipse,translation_y,0.015893027903786223,32,1.173585447933593e-10,3.678742215306811e-05,7.358202947818244e-10,1.0077254696812797e-14,4.229129324148194e-05,8.459071781534692e-10,True,2.0179648171862243e-17,7.519135821953552e-05,1.3595376560648909e-11,0.00010901831284459064,1.504058364215382e-09,9.134031753119683e-15,4.208781981721383e-05,8.418348884113372e-10,0.0001,1.92878954346513e-09,0.015893027903786223,15.893027903786225,2.0202130769221704e-17,7.519338615318187e-05,2.3201164436822974e-13,2.3197939836860485e-06,1.5057340692782155e-09
ellipse,translation_y,0.1589302790378622,32,6.550166356741419e-11,2.0532270179205898e-05,4.1068550636631475e-10,4.652289989043055e-15,1.9524301617634007e-05,3.905235716457303e-10,True,1.229716435611951e-17,4.582044654026238e-05,2.2643328184690503e-12,1.8157183251741448e-05,9.165498203156223e-10,4.926511262784256e-15,2.2700393864277367e-05,4.5405021257416673e-10,1e-05,1.928789543465129e-08,0.1589302790378622,158.93027903786216,1.2414982552617743e-17,4.620921365488956e-05,6.356050268203748e-14,6.355166876358816e-07,9.253312144405717e-10
ellipse,translation_y,1.5893027903786223,32,6.140726175807373e-10,0.00019248831567344064,3.850142273673389e-09,4.5504279242892237e-14,0.00019096816297500309,3.819730433174097e-09,True,1.4410784825597966e-16,0.0005369600475261373,3.070837681362626e-11,0.0002462436708158153,1.074085200458107e-08,5.148132073318742e-14,0.00023721578921981378,4.744758181937451e-09,1e-06,1.9287895434651295e-07,1.5893027903786223,1589.3027903786221,1.46278915891823e-16,0.0005444577669669082,4.131309999080081e-13,4.130735811430822e-06,1.0902669118990463e-08
ellipse,scale,75.60985224652944,32,2.4427186811283965e-06,0.6710544890040483,1.3422240733385814e-05,1.8171240550401404e-10,0.6458222193339173,1.2917495966906177e-05,True,3.5010370933974114e-13,0.9566897407222827,8.708843125679799e-06,75.60985224652944,1.9135956516776628e-05,1.266679145156099e-10,0.7011859824591699,1.4025290482510333e-05,0.01,0.005075936981406365,1.9432124524303134,3.8866058399584e-05,3.501037094765574e-13,0.9559277978886712,1.475689228193678e-07,1.4709548839607252,1.9135956524254726e-05
ellipse,scale,0.7561081359299124,32,2.4427349823333954e-08,0.006710590706010558,1.342233030518114e-07,1.8171365705532704e-12,0.006458266680682304,1.2917584936665798e-07,True,3.5011264891133933e-15,0.009567143709604684,8.708953854841099e-08,0.7561081359299124,1.9136445135573908e-07,1.2666732681207257e-12,0.00701182720501879,1.4025225409102753e-07,0.001,5.076021822891352e-05,0.019432450950968776,3.8866708024298077e-07,3.501126111088784e-15,0.009559521450008013,1.4757093260422342e-09,0.014709749173308454,1.9136443069368297e-07
ellipse,scale,0.007556024133567969,32,2.445887955915439e-10,6.7192525413108e-05,1.343965525167258e-09,1.8136021230078868e-14,6.445704937066224e-05,1.2892459402838817e-09,True,3.519681186571343e-17,9.617846295943228e-05,8.703128875128113e-10,0.007556024133567969,1.923786133719225e-09,1.2585247157279301e-14,6.966719872685325e-05,1.3935000655061485e-09,0.0001,5.077204813916642e-07,0.0001943697993911914,3.887576609543717e-09,3.522881224250206e-17,9.618921943364081e-05,1.474993861926466e-11,0.0001470261748585502,1.925535209214319e-09
ellipse,scale,0.00010492632128318771,32,5.468406220770068e-11,1.5022602471865171e-05,3.0047776393642916e-10,4.305822584971326e-15,1.5303280439654296e-05,3.0609052651802566e-10,True,1.5867335274981814e-17,4.3358924866678584e-05,1.2085552936018373e-11,0.00010492632128318771,8.672762663149006e-10,5.304045043818606e-15,2.9361200098908955e-05,5.872897864968612e-10,1e-05,2.9177762165438467e-08,1.117007485692246e-05,2.2341187694905255e-10,1.5626036716202635e-17,4.266553935693455e-05,2.4798070294798115e-13,2.4718512486253125e-06,8.540873779793062e-10
ellipse,scale,0.0005275960035531948,32,5.550990108584864e-10,0.0001524947386363536,3.0501558006528883e-09,4.2408975027250683e-14,0.00015072530862421618,3.0147515925269843e-09,True,1.930754210832597e-16,0.0005275960035531948,1.5077950823658148e-11,0.00013090620849462594,1.0553109732185868e-08,6.253304651903548e-14,0.0003461594455645281,6.923964490452884e-09,1e-06,2.7946144115108577e-07,0.00010698576538678187,2.139814724256219e-09,1.9254786167871445e-16,0.0005257352532896511,8.905370676450496e-14,8.87680023661882e-07,1.0524274408377295e-08
ellipse,shape_mode4,2.047663259149997,32,3.12683897234601e-07,0.14079459145550816,2.8162868674683715e-06,4.8223847236336875e-11,0.35817294965237223,7.164677786741739e-06,True,2.0217123373268598e-14,0.2604068314693534,2.3948986040633023e-07,2.047663259149997,5.210905684119705e-06,4.734717565388998e-11,0.38027101155015847,7.60665629439616e-06,0.01,0.00041346764346820216,0.46851381857634705,9.371565132947323e-06,2.021712348001913e-14,0.2594318840843596,4.475737016040361e-09,0.044587211302102206,5.210905711634349e-06
ellipse,shape_mode4,0.02047681267705579,32,3.1268299380319746e-09,0.001407941847284853,2.8162787304263943e-08,4.822401576624349e-13,0.003581741979046465,7.164702825442456e-08,True,2.021845732570965e-16,0.0026042401837526627,2.394919666444742e-09,0.02047681267705579,5.2112495065433546e-08,4.734739548711181e-13,0.003802727698610325,7.606691612147165e-08,0.001,4.134692449791797e-06,0.004685156334959887,9.371601432436955e-08,2.0218343254014157e-16,0.002594475435994915,4.475767466475015e-11,0.00044587514648782164,5.2112201048903366e-08
ellipse,shape_mode4,0.00019873956956061666,32,3.136937095690368e-11,1.412492875153816e-05,2.825382063099586e-10,4.830541523289976e-15,3.587787757574016e-05,7.17679644683576e-10,True,2.5077909870535422e-18,3.230162404404826e-05,2.3244110846157295e-11,0.00019873956956061666,6.463759491273622e-10,4.772035155483188e-15,3.8326818282544526e-05,7.666609623747146e-10,0.0001,4.1328342728100715e-08,4.683050773377585e-05,9.367389730049143e-10,2.5257977050583196e-18,3.241175618329661e-05,4.405974622146737e-13,4.3892239594352644e-06,6.510171291543635e-10
ellipse,shape_mode4,0.00016862534562907616,32,4.424894540972451e-11,1.9924314137534993e-05,3.985421857628749e-10,3.205462195655852e-15,2.3807927054092307e-05,4.762395600023971e-10,True,1.3049879010435334e-17,0.0001680890823311114,7.116793048975167e-13,6.084932207416054e-06,3.363568963647164e-09,3.641908359641071e-15,2.9250153305058924e-05,5.850981555898093e-10,1e-05,1.7485971686059735e-08,1.9813931027044412e-05,3.9633312341981137e-10,1.3140710687836231e-17,0.00016862534562907616,2.0755973166326075e-14,2.067706297378663e-07,3.3869805685193133e-09
ellipse,shape_mode4,0.0021698749229915257,32,5.247553160391829e-10,0.00023628562591249694,4.726375481007113e-09,3.67003436770834e-14,0.00027258443612275117,5.4526163335814486e-09,True,1.6846189425035133e-16,0.0021698749229915257,1.0790674799011912e-10,0.0009226139382220139,4.3420571072312944e-08,4.6771604174831955e-14,0.0003756482748363557,7.514186693969384e-09,1e-06,2.1406504355551947e-07,0.00024256415854154279,4.8519504006171116e-09,1.6906286715067137e-16,0.002169462906864273,1.0199087058303073e-12,1.0160312103399829e-05,4.3575470117269074e-08
ellipse,interior_epsr,24.186956736096427,32,0.0,0.0,0.0,0.0,0.0,0.0,True,3.9757854748213697e-13,1.1312869500733105,2.471579627511336e-06,24.186956736096427,2.2628388380235027e-05,2.0347619571771136e-10,1.2171396528257348,2.4345740837178487e-05,0.01,0.0005662434597616281,0.6429757937269067,1.2861284667513258e-05,3.9757854720666775e-13,1.1303481782701448,4.780257813136933e-08,0.47665350621019165,2.2628388364556555e-05
ellipse,interior_epsr,0.24187548268520126,32,0.0,0.0,0.0,0.0,0.0,0.0,True,3.97581864770399e-15,0.011312960792832952,2.4716400741191247e-08,0.24187548268520126,2.2628577185409848e-07,2.0347839987313843e-12,0.012171528804306334,2.4346004562360703e-07,0.001,5.662467794263538e-06,0.00642979402329412,1.2861360068212907e-07,3.975817647887205e-15,0.011303573533837749,4.780365199788994e-10,0.004766642140477657,2.2628571494900977e-07
ellipse,interior_epsr,0.002413837980338625,32,0.0,0.0,0.0,0.0,0.0,0.0,True,3.9319665311809817e-17,0.00011188181838672298,2.4666157224378926e-10,0.002413837980338625,2.2378990599246635e-09,2.0339403390366827e-14,0.0001216648230269024,2.4335910251225422e-09,0.0001,5.649387157327107e-08,6.414940657102814e-05,1.2831649562533486e-09,3.932516610760683e-17,0.00011180465184138884,4.769895690584372e-12,4.756202686235318e-05,2.238212140558625e-09
ellipse,interior_epsr,3.355786446929006e-05,32,0.0,0.0,0.0,0.0,0.0,0.0,True,1.1534871838982992e-17,3.28218061480405e-05,1.5963306929578022e-12,1.5621742863267755e-05,6.565131885051476e-10,2.52124821627393e-15,1.5081426542414341e-05,3.0166504461662066e-10,1e-05,2.211329675749146e-09,2.5109889290260303e-06,5.022670012913207e-11,1.180334245862102e-17,3.355786446929006e-05,1.2740322509539707e-14,1.2703748692658167e-07,6.717933324875757e-10
ellipse,interior_epsr,0.00026047257516679915,32,0.0,0.0,0.0,0.0,0.0,0.0,True,9.134259028768039e-17,0.0002599100217593477,2.3242427080183425e-11,0.0002274511296228485,5.198810704893936e-09,2.0652630618533522e-14,0.00012353846383770964,2.4710683766780704e-09,1e-06,2.19317878273199e-08,2.4903783917136925e-05,4.981443258230425e-10,9.161628888845043e-17,0.00026047257516679915,4.4927572811137226e-14,4.479859861761141e-07,5.214388402122757e-09
ellipse,exterior_epsr,283.88923142012817,32,3.603531230327734e-05,3.3899305578410592,6.780059888102621e-05,2.699317295671398e-09,3.4586452096546627,6.917493519606012e-05,True,2.4405403518733527e-11,10.302894963723816,3.515861511116619e-05,283.88923142012817,0.00020606149259694853,1.5967477396171551e-09,2.5924105094990963,5.184991393545453e-05,0.01,0.0003258535311775202,0.33008397220793084,6.602493293299806e-06,5.094372405261153e-11,7.742564590477924,2.191300181405133e-05,194.59636598881735,0.0001548591272792072
ellipse,exterior_epsr,2.838552207709662,32,3.6036043742262823e-07,0.03389999403093704,6.780197508670035e-07,2.699374175895903e-11,0.03458718128288434,6.917639285568775e-07,True,2.440697247472664e-13,0.10303557515914344,3.5154403020000967e-07,2.838552207709662,2.0607473972123854e-06,1.596771305822963e-11,0.02592448785487365,5.185067918203207e-07,0.001,3.2585068968913165e-06,0.0033008119113901407,6.602435718634401e-08,5.094667552969316e-13,0.07743013060447268,2.1915724851290924e-07,1.9462054766669856,1.5486809920211912e-06
ellipse,exterior_epsr,0.028393958792624165,32,3.6116574478772282e-09,0.0003397575131559184,6.7953494022285515e-09,2.7051808851972417e-13,0.0003466158290210169,6.932520038574974e-09,True,2.442697768832516e-15,0.0010312002863954966,3.516485157532487e-09,0.028393958792624165,2.062436492076425e-08,1.6014784866193133e-13,0.0002600091162002181,5.200353170413922e-09,0.0001,3.323971926860624e-08,3.367126969574722e-05,6.735081947679731e-10,5.098978030737928e-15,0.0007749564230361319,2.1915699666271923e-09,0.019462032401348955,1.5499912943946776e-08
ellipse,exterior_epsr,0.00033845105799386115,32,5.280935415357787e-11,4.967906037460566e-06,9.936103253383348e-11,3.867210918282956e-15,4.95507167717032e-06,9.910434208334931e-11,True,2.838675632975669e-17,1.1983648422042654e-05,4.191589241496485e-11,0.00033845105799386115,2.396771425969475e-10,3.4097101424287926e-15,5.5358578219451134e-06,1.1072079392588851e-10,1e-05,3.5090857535788782e-09,3.554644134872176e-06,7.110162369545249e-11,5.947424398485414e-17,9.039055884780528e-06,2.1791471730391032e-11,0.00019351712943148518,1.8079026789587464e-10
ellipse,exterior_epsr,0.00019985829452689915,32,9.27520942434547e-10,8.725417994019953e-05,1.7451347401264713e-09,6.595308912848087e-14,8.450593744990228e-05,1.6901683524788684e-09,True,2.283400756584771e-16,9.639520470821386e-05,2.4751699171168817e-11,0.00019985829452689915,1.9279376705969593e-09,5.791023363252356e-14,9.402054908947846e-05,1.880472760555365e-09,1e-06,9.226253312174372e-08,9.346037553854552e-05,1.8694373326502366e-09,5.896144237839734e-16,8.96111891450334e-05,7.449898987640924e-13,6.615813215736985e-06,1.7923144959744668e-09
ellipse,mixed,7.370123236092049,32,1.0173101316963394e-06,0.3813912056474101,7.628715128414683e-06,7.116167453199883e-11,0.3879571156333937,7.760111374933722e-06,True,1.7775289408560377e-13,0.4889723029545746,1.061130008367904e-06,7.370123236092049,9.780558357139024e-06,7.039988004012963e-11,0.4768203523710738,9.537713855686638e-06,0.01,0.0003113255299750317,0.4106231361211832,8.213780041282525e-06,3.723435950743464e-13,0.299300357495382,1.389123685742905e-07,1.3581562649173988,5.987609837501898e-06
ellipse,mixed,0.07370308677639467,32,1.0173632274058381e-08,0.0038141111464995965,7.629113288257671e-08,7.116631655714534e-13,0.0038798242450318113,7.76061758325975e-08,True,1.7776187553173644e-15,0.004889971157065294,1.061156707730243e-08,0.07370308677639467,9.781052546324994e-08,7.040378768800419e-13,0.004768468027313743,9.538243260385269e-08,0.001,3.1132726585158236e-06,0.004106255402974627,8.213825839351727e-08,3.72365325783861e-15,0.0029931782035659137,1.3891368785248683e-09,0.013581691635956513,5.987959286268538e-08
ellipse,mixed,0.0007387784694305956,32,1.0418826116624915e-10,3.906034716870839e-05,7.812981896059936e-10,7.26820175555697e-15,3.9624567864332e-05,7.925903302521209e-10,True,1.828212631117808e-17,5.02914767441075e-05,1.0636728563911957e-10,0.0007387784694305956,1.0059436961569326e-09,7.148354343434725e-15,4.8416001663816856e-05,9.684527619631097e-10,0.0001,3.068111919057456e-08,4.046690694568769e-05,8.094677120503501e-10,3.768777533810904e-17,3.029450372733143e-05,1.3879153062295105e-11,0.00013569748235357865,6.060523058627214e-10
ellipse,mixed,6.44888142249552e-05,32,8.560497684678277e-11,3.209344390494439e-05,6.419438493644861e-10,6.9435636540003915e-15,3.7854715443107224e-05,7.571888611159036e-10,True,2.3443190001301214e-17,6.44888142249552e-05,1.9282587679358976e-12,1.3392802614847283e-05,1.2899226708219015e-09,6.88665672605274e-15,4.664351644785255e-05,9.32998198832014e-10,1e-05,3.090744446035583e-08,4.0765419104680316e-05,8.15438908771404e-10,3.492198711999357e-17,2.8071284635635153e-05,1.814105913015493e-13,1.773664459308406e-06,5.615760184703509e-10
ellipse,mixed,0.00047905296451533223,32,1.001411644126196e-09,0.0003754308407129364,7.509493832109467e-09,6.537393971355668e-14,0.00035640371552381206,7.128964523836269e-09,True,1.7414694006010345e-16,0.00047905296451533223,1.2507893158708594e-11,8.687409956989329e-05,9.582146714048806e-09,6.5188329330417e-14,0.0004415223572455477,8.831657547276655e-09,1e-06,3.162142387027683e-07,0.00041707123303984836,8.342760077641083e-09,1.9771190903476453e-16,0.0001589264452566522,3.095666626685978e-13,3.026655629214726e-06,3.17937997910629e-09
ellipse,tangential_phase,1.7550276467056265,32,6.249264832576061e-06,1.610529105170741,3.221316825242412e-05,4.64334802305731e-10,1.5491553011600727,3.098547386101516e-05,True,3.3761514284878424e-19,0.008182898282462735,1.4170932932556918e-13,1.4170932665350206e-06,0.0015270617266199896,5.197876302784807e-10,1.6795723160253424,3.3593642837533965e-05,0.01,0.0035319905034035524,1.7550276467056265,3.5102669748507796e-05,3.3765391474569324e-19,0.0010139218574845093,2.654455244304422e-15,2.6544552433936613e-08,0.0015272370951752582
ellipse,tangential_phase,0.0175506099154043,32,6.249373744609708e-08,0.01610557173432335,3.221372966272734e-07,4.643419317082052e-12,0.015491790869102903,3.098594961237584e-07,True,1.3506853323059247e-19,0.003273704073908516,4.355913790875382e-14,4.355913708740394e-07,0.0006109263519009859,5.1979548816963995e-12,0.01679597706965132,3.3594150689536755e-07,0.001,3.5320576098335216e-05,0.0175506099154043,3.5103336685422534e-07,1.347885241121616e-19,0.00040474884124566625,4.2264604648100016e-16,4.226460463359876e-09,0.0006096598470746549
ellipse,tangential_phase,0.03192427787308313,32,6.256478479256336e-10,0.00016123881699158356,3.2250352532567585e-09,4.6532913314255456e-14,0.00015524726766385206,3.105182644109446e-09,True,1.3171518528937747e-18,0.03192427787308313,1.0872637279936273e-12,1.087263707492213e-05,0.005957588767283367,5.209833548176272e-14,0.00016834360205779768,3.3670921981477123e-09,0.0001,3.5351665931652876e-07,0.00017566058291313403,3.5134235300535863e-09,1.347509710044775e-18,0.004046360751409762,1.970539787912294e-14,1.9705397872361888e-07,0.006094899912057027
ellipse,tangential_phase,0.3487254291328132,32,6.340879670217805e-11,1.6341396203978095e-05,3.268541647016455e-10,4.269891018276208e-15,1.4245592347357432e-05,2.849336209114643e-10,True,1.4387932186270706e-17,0.3487254291328132,2.5943047477484914e-12,2.5943046988303543e-05,0.06507782909695689,5.084942341861004e-15,1.643080344447372e-05,3.286375568237607e-10,1e-05,2.6950723183857715e-08,1.3391673686778398e-05,2.6784962600968767e-10,1.4538071407599908e-17,0.04365555298518034,8.59232561114672e-15,8.592325608198637e-08,0.06575692144045121
ellipse,tangential_phase,3.239504257706218,32,7.004394073616987e-10,0.00018051372156355653,3.61056429587568e-09,4.588658563056137e-14,0.00015309093143294871,3.0620526235955687e-09,True,1.3365749579237596e-16,3.239504257706218,6.184525137392748e-11,0.0006184525020777516,0.6045441107238079,5.222797258960631e-14,0.0001687624940913518,3.375470586638903e-09,1e-06,2.9301073379939826e-07,0.00014559550432083676,2.9120856954221065e-09,1.3478445658008596e-16,0.40473662708347397,8.865520930471981e-13,8.865520927430163e-06,0.6096414492844904
ellipse,translation_x,0.5878463355770636,64,6.33149009605377e-07,0.32213826066409096,6.4434873897994315e-06,1.1961590353486113e-10,0.42299317781932555,8.460832714414413e-06,True,1.2839582046932403e-13,0.5878463355770636,8.925608407147484e-08,0.4935165889237105,1.1759148106793184e-05,9.672821865468677e-11,0.4077355262199576,8.155694282326131e-06,0.01,0.0,0.0,0.0,1.2839582048631743e-13,0.587062149957838,2.4049155877785126e-09,0.023850941338366655,1.175914810834953e-05
ellipse,translation_x,0.005878752825212225,64,6.331682391118576e-09,0.003221480459325921,6.443683086358441e-08,1.196191507453115e-12,0.0042300465999967835,8.461062400464489e-08,True,1.2840213952258945e-15,0.005878752825212225,8.924847128694013e-10,0.004934744961577678,1.1759726838117701e-07,9.673138948209825e-13,0.00407748890302266,8.15596163242675e-08,0.001,1.9335472649166616e-10,0.001580874235486413,1.580874235486413,1.2840232732564313e-15,0.0058709191290507255,2.40479419553628e-11,0.0002384973742116343,1.1759744038085079e-07
ellipse,translation_x,0.017189792394368752,64,6.36196088786949e-11,3.2368857796455766e-05,6.474497177360209e-10,1.2043327361421293e-14,4.258836117017684e-05,8.518648032468235e-10,True,1.3000758547486116e-17,5.952256444520985e-05,8.994871687761918e-12,4.9734630858283515e-05,1.1906761816835915e-09,9.795631350942577e-15,4.129122751950968e-05,8.259241792290162e-10,0.0001,2.1024617469580234e-09,0.017189792394368752,17.18979239436875,1.299475423294237e-17,5.9415707600733236e-05,2.4188361410397777e-13,2.398899953089504e-06,1.1901262757462988e-09
ellipse,translation_x,0.158087423548641,64,4.553196486356385e-11,2.316609174291509e-05,4.6337376664937435e-10,6.055961070905216e-15,2.1415465143088594e-05,4.28358370682724e-10,True,1.4626794848305426e-17,6.69671954939441e-05,3.934239219127722e-12,2.175327698534235e-05,1.3395969301819795e-09,7.827149568025474e-15,3.2993546005293876e-05,6.59950528053726e-10,1e-05,1.933547264916658e-08,0.158087423548641,158.087423548641,1.474907650721319e-17,6.743696737929494e-05,5.960929991798147e-14,5.911799660620019e-07,1.3507961119979044e-09
ellipse,translation_x,1.7189792394368768,64,3.9064131310017626e-10,0.00019875339280902587,3.975513404758394e-09,5.849386238856015e-14,0.0002068496240972695,4.1374664226429376e-09,True,1.0001370831384479e-16,0.00045790192768605496,7.891577148699813e-12,4.363427183894691e-05,9.159768631667403e-09,6.970532916515424e-14,0.0002938267583398981,5.877244122001249e-09,1e-06,2.102461746958025e-07,1.7189792394368768,1718.9792394368767,1.0038036305769277e-16,0.0004589675337210655,8.27332926017603e-14,8.205139999933512e-07,9.19334875461227e-09
ellipse,translation_y,1.1283518673766229,64,8.329657308433627e-07,0.369255327188203,7.3858278100836466e-06,1.4227879827956207e-10,0.42221524764768253,8.44511677904908e-06,True,1.9870467934098605e-13,0.7403932154884879,1.4071369346265426e-07,1.1283518673766229,1.4810141016808183e-05,1.2943358975237964e-10,0.42172165596476113,8.435219653687083e-06,0.01,0.0,0.0,0.0,1.987046792639867e-13,0.7395892118878322,2.4157357639740394e-09,0.02415400011077343,1.4810141011069158e-05
ellipse,translation_y,0.011283948704917576,64,8.329820536442277e-09,0.0036926256546263407,7.385972542804458e-08,1.4228186255310225e-12,0.004222243425015143,8.445298662423152e-08,True,1.9871199405094616e-15,0.007404204768118422,1.4071905626421993e-09,0.011283948704917576,1.4810686207220233e-07,1.2943643943572785e-12,0.004217309426787118,8.435405368268835e-08,0.001,1.9233556398684034e-10,0.001572541531265074,1.5725415312650741,1.9871213317796623e-15,0.00739616942718682,2.4158320467998534e-11,0.00024154962805212143,1.481069657683404e-07
ellipse,translation_y,0.016434489669829598,64,8.265017187263775e-11,3.6638982061466955e-05,7.328512030225561e-10,1.425169161150588e-14,4.2292186891899533e-05,8.459250528787346e-10,True,2.0076609355545992e-17,7.480742546415514e-05,1.4212273502164918e-11,0.00011396506588103446,1.4963785285839311e-09,1.2963558024306856e-14,4.223797851897706e-05,8.448383424854805e-10,0.0001,2.010081626867861e-09,0.016434489669829598,16.4344896698296,2.007177461998231e-17,7.470819378623844e-05,2.4374280663633387e-13,2.4370892985452786e-06,1.4960181791663202e-09
ellipse,translation_y,0.15725415312650715,64,4.429630066498744e-11,1.9636636304372453e-05,3.927710795545484e-10,6.5136463127048174e-15,1.9329378906319424e-05,3.866247426417604e-10,True,2.014196049265359e-17,7.505093024891306e-05,7.360657873142773e-12,5.902348131090287e-05,1.5012493728910821e-09,8.35013328626304e-15,2.720647755268569e-05,5.441802900000134e-10,1e-05,1.9233556398684e-08,0.15725415312650715,157.25415312650713,2.0158326503223688e-17,7.503034440430648e-05,1.4082830343905726e-13,1.4080873030878298e-06,1.5024691877702767e-09
ellipse,translation_y,1.6434489669829604,64,4.499888849815207e-10,0.00019948094858477985,3.990008589621115e-09,6.208281145025128e-14,0.00018423201513955212,3.6849945248966242e-09,True,1.0626117683188702e-16,0.0003959396193608102,3.490481406513701e-11,0.00027989395460850447,7.920009829218086e-09,7.236785470397183e-14,0.00023578957928579376,4.716231323429639e-09,1e-06,2.0100816268678615e-07,1.6434489669829604,1643.4489669829602,1.0802390712902995e-16,0.00040207062596939825,5.130145805684759e-13,5.12943278841672e-06,8.051392161842912e-09
ellipse,scale,75.60982976265264,64,1.7272629410773992e-06,0.6710544878853218,1.3422240711009367e-05,2.5698014439532813e-10,0.6458222204666171,1.291749598957808e-05,True,3.501037100262549e-13,0.956689746606032,8.708842105826543e-06,75.60982976265264,1.913595663447231e-05,1.7913554750618773e-10,0.7011862339603587,1.4025295513092834e-05,0.01,0.005075936102860325,1.943002915427649,3.886188136854708e-05,3.5010371003280454e-13,0.9559278034087989,1.4756890427895838e-07,1.470954704690925,1.91359566348303e-05
ellipse,scale,0.7561080854453607,64,1.7272724566269007e-08,0.006710582881381717,1.3422314654583835e-07,2.5698115725577965e-12,0.006458247665160488,1.2917546902542004e-07,True,3.501122756826626e-15,0.009567133550873528,8.708954843243168e-08,0.7561080854453607,1.913642481582792e-07,1.7913531916442561e-12,0.007011853315159951,1.402527763523031e-07,0.001,5.076018660177449e-05,0.01943034680030969,3.88625134357361e-07,3.5011222017265838e-15,0.009559510815847695,1.475709111444743e-09,0.014709747089613827,1.9136421781764004e-07
ellipse,scale,0.007557625489344468,64,1.725533381623955e-10,6.703826548010702e-05,1.340880062452569e-09,2.5625305114265193e-14,6.439949477466245e-05,1.2880947546516091e-09,True,3.5351707849223495e-17,9.660173060972649e-05,8.704974907135926e-10,0.007557625489344468,1.9322524411596327e-09,1.7790041460052965e-14,6.963515716437904e-05,1.3928591624663313e-09,0.0001,5.07496069517032e-07,0.00019426297209039814,3.885441354839198e-09,3.5361177028339196e-17,9.65506304167881e-05,1.4749336080683564e-11,0.00014702016935720137,1.9327700072285797e-09
ellipse,scale,0.00011564551192373445,64,4.1073161330779215e-11,1.5957231120333243e-05,3.191719367289643e-10,6.434612781559113e-15,1.6170961101111327e-05,3.234455525575959e-10,True,1.2784294941889048e-17,3.49342392137487e-05,1.332020594085187e-11,0.00011564551192373445,6.98763556638536e-10,7.536578915094042e-15,2.9500260488383602e-05,5.900713058545084e-10,1e-05,2.8888035688342077e-08,1.1057968745872786e-05,2.2116972970918347e-10,1.2870082506329328e-17,3.514064531986472e-05,2.2979376038188663e-13,2.290565309771379e-06,7.03452530408003e-10
ellipse,scale,0.0007955936567881942,64,4.5492110888708266e-10,0.00017674026157095402,3.535107760832872e-09,6.593328418951938e-14,0.00016569832717111804,3.314236343441451e-09,True,1.4641291221161958e-16,0.00040008649076947206,9.163754976192207e-11,0.0007955936567881942,8.00263195896509e-09,7.79391464104367e-14,0.00030507543903208714,6.102192310026153e-09,1e-06,3.0795392230660214e-07,0.00011788080314837394,2.357726447524443e-09,1.4822813459035475e-16,0.0004047240801860497,1.7833368889409989e-12,1.7776155482443866e-05,8.101848321793107e-09
ellipse,shape_mode4,2.047655701820036,64,2.211005631264931e-07,0.1407943743258493,2.816282524265977e-06,6.819689032234086e-11,0.3581629300530174,7.16447736102681e-06,True,2.0217398710042852e-14,0.2604103840357504,2.3948899311875167e-07,2.047655701820036,5.21097677328685e-06,6.69542340305446e-11,0.3802436960497086,7.6061098951213255e-06,0.01,0.0004135626691283153,0.46817563389770117,9.364809335236645e-06,2.0217398935756322e-14,0.2594354248539219,4.475721259289531e-09,0.04458705426811375,5.210976831463852e-06
ellipse,shape_mode4,0.020476114831075764,64,2.2109983206893552e-09,0.0014079390886455165,2.8162732123737113e-08,6.819672065844961e-13,0.0035816203552633047,7.16445953685474e-08,True,2.021317978436839e-16,0.002603560470447874,2.3948382140218105e-09,0.020476114831075764,5.2098893572442056e-08,6.695515186008914e-13,0.003802489012597271,7.606214162050547e-08,0.001,4.135640933964532e-06,0.00468177246441719,9.364841586695854e-08,2.0213148832498654e-16,0.002593808933438578,4.475630654729814e-11,0.000445861516671279,5.209881379488185e-08
ellipse,shape_mode4,0.0002123495832460277,64,2.214052264391246e-11,1.409883805947005e-05,2.820163192641562e-10,6.811596574261271e-15,3.5773791881791176e-05,7.155975766354788e-10,True,2.8070449488560623e-18,3.6156168197752625e-05,2.4835907636022725e-11,0.0002123495832460277,7.235078181840987e-10,6.665615037959469e-15,3.785508238205731e-05,7.572247107503896e-10,0.0001,4.130614183443567e-08,4.676081907023535e-05,9.35345889582004e-10,2.805179314033986e-18,3.599686147178923e-05,4.638627569347135e-13,4.620992398371117e-06,7.230269561372694e-10
ellipse,shape_mode4,0.00014390302295114432,64,3.399713011787601e-11,2.164899355480243e-05,4.330406131593345e-10,4.9816274183618405e-15,2.6162985511094658e-05,5.233487434870881e-10,True,1.1172153293937035e-17,0.00014390302295114432,1.2531393023956783e-13,1.071447085859571e-06,2.8795906019989983e-09,6.729745396255738e-15,3.821928882573422e-05,7.64510023768718e-10,1e-05,2.2282333340803922e-08,2.5224823998048025e-05,5.045663423167234e-10,1.1184008710294341e-17,0.00014351639139021616,1.0149558737947498e-14,1.0110972065273532e-07,2.8826463017040684e-09
ellipse,shape_mode4,0.0021144070932292,64,3.682596844147373e-10,0.00023450366271343334,4.690731217249697e-09,5.5697159731689996e-14,0.00029251565014358033,5.851308440679206e-09,True,1.6345348299866596e-16,0.002105364086670193,1.0992246782942638e-10,0.000939848487723383,4.212966839278801e-08,7.796779466489245e-14,0.00044279144126375784,8.857268298086786e-09,1e-06,2.4415735356004094e-07,0.00027639952141381147,5.5287559409196134e-09,1.6477244946082182e-16,0.0021144070932292,1.864897603340689e-12,1.8578076208844544e-05,4.246962823122283e-08
ellipse,interior_epsr,24.186953304743753,64,0.0,0.0,0.0,0.0,0.0,0.0,True,3.9757854167058186e-13,1.1312869333940814,2.4715796347344265e-06,24.186953304743753,2.2628388046609108e-05,2.8775879482460266e-10,1.2171396529233922,2.4345740839141486e-05,0.01,0.0005662433919989914,0.6410611444470816,1.2822994913723633e-05,3.9757854174989437e-13,1.1303481626134722,4.780257827937987e-08,0.47665350896562647,2.262838805112322e-05
ellipse,interior_epsr,0.2418735059439394,64,0.0,0.0,0.0,0.0,0.0,0.0,True,3.975754035658979e-15,0.011312776941587848,2.471620232365559e-08,0.2418735059439394,2.2628209439760204e-07,2.8776106633756663e-12,0.01217149303733588,2.4345933019769594e-07,0.001,5.662467137077727e-06,0.00641064744492014,1.2823070136243505e-07,3.975751199257254e-15,0.01130338461354217,4.780332530067031e-10,0.004766609577337093,2.262819329623329e-07
ellipse,interior_epsr,0.002426828474578536,64,0.0,0.0,0.0,0.0,0.0,0.0,True,3.9993736661303364e-17,0.00011379984915175928,2.479890608456884e-10,0.002426828474578536,2.2762641786530627e-09,2.8965957913883454e-14,0.00012251794893672493,2.450655608836298e-09,0.0001,5.650373594112318e-08,6.396955825499555e-05,1.279568342548881e-09,3.999127358406023e-17,0.00011369844966352336,4.795059379262721e-12,4.781294150006181e-05,2.2761239913396024e-09
ellipse,interior_epsr,3.957870894937169e-05,64,0.0,0.0,0.0,0.0,0.0,0.0,True,1.369719599158325e-17,3.89745736082976e-05,3.848517235146079e-13,3.7661706445069372e-06,7.795829843976173e-10,4.570287329537794e-15,1.933104479158721e-05,3.8666769838662843e-10,1e-05,2.13241741139647e-09,2.4141731021790074e-06,4.8290148735760175e-11,1.3921060331058357e-17,3.957870894937169e-05,3.39073895642885e-15,3.381005125126118e-08,7.923243389037107e-10
ellipse,interior_epsr,0.0004250376247334097,64,0.0,0.0,0.0,0.0,0.0,0.0,True,1.0940874250773851e-16,0.00031131620586520017,4.343309899560409e-11,0.0004250376247334097,6.22705508892366e-09,4.43696968683895e-14,0.0001876714822805382,3.753884018479782e-09,1e-06,2.2412598794733356e-08,2.5373968931922586e-05,5.075496586964253e-10,1.1043124047316603e-16,0.00031396501572229085,7.817293124943395e-13,7.794851936311656e-06,6.285251088741309e-09
ellipse,exterior_epsr,283.88931273916285,64,2.548081369098273e-05,3.389930557729347,6.78005988787919e-05,3.8174111059435995e-09,3.458645195506537,6.917493491308956e-05,True,2.440540350152938e-11,10.302894969820137,3.515861167670232e-05,283.88931273916285,0.0002060614927188791,2.2581423227292123e-09,2.5924105170111504,5.184991408569604e-05,0.01,0.00032585347487770115,0.32932248064161307,6.587266025048794e-06,5.09437240708832e-11,7.742564594683906,2.1913002010589644e-05,194.59636549865445,0.0001548591273633324
ellipse,exterior_epsr,2.838553533021711,64,2.548132962065223e-07,0.03389999233251782,6.780197168976236e-07,3.817491419827787e-11,0.03458717999166023,6.917639027316399e-07,True,2.440697544571018e-13,0.10303558783493823,3.51544059295876e-07,2.838553533021711,2.0607476507327172e-06,2.2581751301174865e-11,0.025924481957267393,5.185066738642748e-07,0.001,3.2585074904044e-06,0.0032931982273180877,6.587210921093904e-08,5.094667211008636e-13,0.07743012542155298,2.1915725065843692e-07,1.9462054733623353,1.5486808883575633e-06
ellipse,exterior_epsr,0.028397788696484946,64,2.5536750819770367e-09,0.00033973723931230413,6.794943913473334e-09,3.825865558664036e-13,0.00034663051279903886,6.932813722754592e-09,True,2.4424090773799274e-15,0.0010310784148129168,3.5169581257682436e-09,0.028397788696484946,2.062192744666194e-08,2.2642254146050165e-13,0.00025993940930006936,5.198958986607584e-09,0.0001,3.322611449697844e-08,3.357984749412834e-05,6.716799790226972e-10,5.098916293675264e-15,0.0007749470402139924,2.1915570638623982e-09,0.019461917595974775,1.549972527800595e-08
ellipse,exterior_epsr,0.0003271031445018187,64,3.815043427751892e-11,5.075478596670347e-06,1.0151254676836082e-10,5.623381072239539e-15,5.094887509922303e-06,1.0190074080782463e-10,True,2.7059869316624612e-17,1.142349470613496e-05,4.0510480386890535e-11,0.0003271031445018187,2.2847387316550777e-10,5.623525178198546e-15,6.455964161784198e-06,1.2912352530372736e-10,1e-05,3.4822013619283843e-09,3.519273703598833e-06,7.03941755797406e-11,6.028153802085951e-17,9.161750609732861e-06,2.182180987558152e-11,0.00019378654227014073,1.8324428659830414e-10
ellipse,exterior_epsr,0.0004973010057581883,64,6.622538990152054e-10,8.810530086234327e-05,1.76215765742739e-09,9.537975240415145e-14,8.641582403647684e-05,1.7283672052797907e-09,True,2.50189999478886e-16,0.0001056192881492156,6.158883819606942e-11,0.0004973010057581883,2.11242255235502e-09,9.763218228174868e-14,0.0001120844754630036,2.241763157421113e-09,1e-06,8.958009152333117e-08,9.053378245259032e-05,1.8108994959586415e-09,6.030043515827374e-16,9.164622647482934e-05,1.5039458393928395e-12,1.3355650408430488e-05,1.833017302631128e-09
ellipse,mixed,7.370112638716122,64,7.193468913555223e-07,0.38139120493868944,7.628715114238613e-06,1.0063782089992186e-10,0.38795717381422273,7.760112538688414e-06,True,1.7775272547992935e-13,0.48897183181845943,1.061128545473862e-06,7.370112638716122,9.780548933327522e-06,9.956052421848855e-11,0.47682059699781926,9.537718748787367e-06,0.01,0.00031132782448994054,0.4091668522830128,8.18465523366816e-06,3.723437484451125e-13,0.29930048155531835,1.3891245710153917e-07,1.3581571313798064,5.987612319369064e-06
ellipse,mixed,0.07370143802531962,64,7.1938815588883395e-09,0.003814130863560418,7.629152726985314e-08,1.0064386874917241e-12,0.0038798048978955467,7.760578884147621e-08,True,1.7776233849414875e-15,0.0048899838192204255,1.0611330323543472e-08,0.07370143802531962,9.781077873492663e-08,9.956504469761186e-13,0.00476842230470971,9.538151802538605e-08,0.001,3.113297875327385e-06,0.0040916954641319414,8.184706841096878e-08,3.72364034312487e-15,0.0029931678301143654,1.3891421385452607e-09,0.013581743072807084,5.987938533814473e-08
ellipse,mixed,0.0007360937217050073,64,7.388837206918988e-11,3.917494586247505e-05,7.835904311875746e-10,1.0362778564014815e-14,3.994834414146942e-05,7.990666645120623e-10,True,1.8544428138369965e-17,5.101303024634607e-05,1.0598074935003199e-10,0.0007360937217050073,1.0203764041209196e-09,1.015241265644119e-14,4.862247683375289e-05,9.725828313867362e-10,0.0001,3.123072383963405e-08,4.104541864125013e-05,8.210403543084696e-10,3.829860984424713e-17,3.0785509924055554e-05,1.3885851344631883e-11,0.00013576297203645607,6.158750592046726e-10
ellipse,mixed,4.932007763706616e-05,64,5.9229851120676e-11,3.1403130781147885e-05,6.281359742960057e-10,9.289065932439912e-15,3.580919927459975e-05,7.162734285225994e-10,True,1.5887262624378387e-17,4.370355367671577e-05,7.1009691182677415e-12,4.932007763706616e-05,8.741702783730504e-10,9.096752802839078e-15,4.356665427572656e-05,8.714525203816718e-10,1e-05,3.638228421232457e-08,4.781592954624632e-05,9.564723403025814e-10,3.5311949251322364e-17,2.8384747340909943e-05,6.414560180766082e-14,6.271561842581406e-07,5.678469512140087e-10
ellipse,mixed,0.0005743434755633113,64,7.07643896613298e-10,0.0003751863867890527,7.504604182580001e-09,8.953157033381911e-14,0.0003451427588933908,6.9037172639781655e-09,True,2.0878726930053413e-16,0.0005743434755633113,2.423746967017415e-12,1.6834235805698557e-05,1.148817323917928e-08,9.637858792610321e-14,0.0004615814797457935,9.232894987848442e-09,1e-06,2.964378588761648e-07,0.0003895976320811528,7.79320536827437e-09,2.1656332677968485e-16,0.000174079750457781,3.0665112105403985e-13,2.998150170223588e-06,3.4825272312601657e-09
ellipse,tangential_phase,1.7548808673085803,64,4.41889753907699e-06,1.610529104628018,3.2213168241568766e-05,6.566682209063732e-10,1.5491545205446742,3.098545824759382e-05,True,1.52909156453784e-20,0.0003706510839440591,7.223387821421706e-15,7.223387821421522e-08,0.370651084870987,7.350884999068797e-10,1.679567352145511,3.359354355357909e-05,0.01,0.0035320076020386253,1.7548808673085803,3.509975032973035e-05,1.5404217260112947e-20,4.625706760916667e-05,1.2989418262772426e-16,1.298941826277242e-09,0.04625706762349731
ellipse,tangential_phase,0.017549134963415765,64,4.41897218265391e-08,0.01610556309525176,3.2213712383196904e-07,6.566775684169725e-12,0.015491765723782176,3.098589931797026e-07,True,1.3252909361284366e-19,0.003212499064212095,1.8737614893217763e-14,1.8737614893217286e-07,3.2124990722459446,7.350987585942454e-12,0.01679590791712825,3.359401237557925e-07,0.001,3.532073273728788e-05,0.017549134963415765,3.510040295004949e-07,1.3414466427297854e-19,0.0004028207795245441,3.568143091971513e-16,3.5681430919715113e-09,0.40282077964933966
ellipse,tangential_phase,0.023842464067429917,64,4.4166538341170693e-10,0.00016097113549272846,3.219681193443125e-09,6.570123165079939e-14,0.0001549966280943273,3.1001694696317466e-09,True,9.836018903645229e-19,0.023842464067429917,1.9148918635172156e-13,1.914891863517167e-06,23.842464127055383,7.360920600181266e-14,0.00016818603370024083,3.363940624944507e-09,0.0001,3.532020664541296e-07,0.00017548873574237212,3.5099880139921633e-09,9.832776972325497e-19,0.0029526682304880886,3.2295231894775562e-15,3.2295231894775546e-08,2.9526682314028374
ellipse,tangential_phase,0.4183900523459299,64,4.149154834819626e-11,1.5122175977134911e-05,3.024678023701839e-10,6.056697907613978e-15,1.4288434622590702e-05,2.85790531900004e-10,True,1.7260348814338353e-17,0.4183900523459299,1.7294299680224094e-12,1.7294299680223654e-05,418.3900533922439,8.960176057061579e-15,2.0472663055976176e-05,4.0948003493288987e-10,1e-05,2.8675658743728126e-08,1.4247524512063088e-05,2.8496780750541524e-10,1.7378633006547587e-17,0.05218600779023763,3.2951909308630954e-14,3.2951909308630937e-07,52.18600780640508
ellipse,tangential_phase,3.9165502669067083,64,4.785660257448315e-10,0.00017442009146679692,3.4886819089354297e-09,6.517109041504312e-14,0.00015374596502620229,3.0751542966678706e-09,True,1.6157416596464956e-16,3.9165502669067083,5.816757405675534e-11,0.0005816757405675386,3916.5502767012554,8.234414778862162e-14,0.00018814407011337258,3.763127454000215e-09,1e-06,2.9095064811438615e-07,0.00014455906760004302,2.8913570574405873e-09,1.6156518198005272e-16,0.48516139573610617,1.0858985660404518e-12,1.0858985660404512e-05,485.16139588641124
ellipse,translation_x,0.5878463351910638,128,4.477039587650061e-07,0.3221382610753029,6.443487398024592e-06,1.6916243282929336e-10,0.4229931772561622,8.460832703149854e-06,True,1.2839582038501532e-13,0.5878463351910638,8.925608634309523e-08,0.493516601483783,1.175914809907173e-05,1.3679435873046554e-10,0.40773552635354243,8.15569428499815e-06,0.01,0.0,0.0,0.0,1.2839582043547617e-13,0.5870621497253757,2.404915629540625e-09,0.023850941752545363,1.1759148103693193e-05
ellipse,translation_x,0.005878691844484273,128,4.47716668182594e-09,0.003221474074717528,6.4436703157104e-08,1.6916659758527708e-12,0.004230035904837296,8.461041007695009e-08,True,1.2840080759791607e-15,0.005878691844484273,8.924345307886883e-10,0.004934467493775334,1.1759604853621258e-07,1.3679821079058328e-12,0.00407747006169932,8.15592394523399e-08,0.001,2.0937928100886034e-10,0.0016944852680912308,1.6944852680912308,1.2840087574024912e-15,0.005870852758443302,2.4046973966110677e-11,0.00023848777410134586,1.1759611094445795e-07
ellipse,translation_x,0.01792981294202359,128,4.4856837948402035e-11,3.2276024294583896e-05,6.455928395921784e-10,1.69122821598313e-14,4.2289412789730736e-05,8.458851506776137e-10,True,1.3092888087530259e-17,5.9944369562546134e-05,9.816496573944455e-12,5.4277576198309764e-05,1.1991138777271965e-09,1.3618391229391118e-14,4.059159997838224e-05,8.119299403220067e-10,0.0001,2.215499546156064e-09,0.01792981294202359,17.929812942023588,1.3064152599103028e-17,5.97330166438943e-05,2.5669076646151964e-13,2.545751062568205e-06,1.1964821342397394e-09
ellipse,translation_x,0.16944852680912206,128,3.0525616694560463e-11,2.1964221981520322e-05,4.3933367717119117e-10,8.668497218031625e-15,2.1675706072576334e-05,4.335637855450904e-10,True,1.3025573231917181e-17,5.963617580536031e-05,5.841009100004957e-12,3.229622850804386e-05,1.1929488378213164e-09,1.0904165319726094e-14,3.2501454047051096e-05,6.501075015526883e-10,1e-05,2.0937928100885908e-08,0.16944852680912206,169.44852680912206,1.3052783875744294e-17,5.968103562328542e-05,8.907655971342188e-14,8.834238553507081e-07,1.1954409282154947e-09
ellipse,translation_x,1.7929812942023646,128,2.812306283337008e-10,0.0002023550256350439,4.047554135115185e-09,8.270237303594039e-14,0.00020679851239950491,4.136444071578833e-09,True,1.3780852926196026e-16,0.0006309414205762062,2.6798897302671154e-11,0.00014817701808578476,1.2621212279708877e-08,1.152921596380937e-13,0.00034364508594411804,6.873730877442121e-09,1e-06,2.215499546156071e-07,1.7929812942023646,1792.9812942023646,1.3981424539794732e-16,0.0006392704452810781,5.084204880560252e-13,5.042300568665375e-06,1.2804906055853964e-08
ellipse,translation_y,1.1283518925211087,128,5.889957163272025e-07,0.36925532690724855,7.385827804464009e-06,2.0121260588014633e-10,0.4222152470497438,8.445116767089155e-06,True,1.9870468226784052e-13,0.7403932263942347,1.4071369659838379e-07,1.1283518925211087,1.4810141234956651e-05,1.8304673785257146e-10,0.4217216554996512,8.435219644384017e-06,0.01,0.0,0.0,0.0,1.9870468207967725e-13,0.7395892223679784,2.4157358075312264e-09,0.024154000546284648,1.4810141220932198e-05
ellipse,translation_y,0.011284186591239372,128,5.890104003888962e-09,0.003692645350374684,7.386011938148063e-08,2.0121775461927354e-12,0.004222260524856891,8.445332865394438e-08,True,1.987078693734171e-15,0.007404051078567994,1.4072202287988833e-09,0.011284186591239372,1.4810378780862372e-07,1.8305184910591026e-12,0.0042173343317464295,8.435455182832157e-08,0.001,2.0745305291214284e-10,0.0016788964996269189,1.6788964996269193,1.9870786174243725e-15,0.007396010442124523,2.4158976091193225e-11,0.00024155618337284423,1.481037821209928e-07
ellipse,translation_y,0.01820956422640676,128,5.888668188701592e-11,3.6917452062572996e-05,7.384211469411367e-10,2.017538921715148e-14,4.233510589451906e-05,8.46783515451342e-10,True,1.999667581374275e-17,7.450958520813187e-05,1.4166533397752534e-11,0.00011359828613870104,1.4904208076585573e-09,1.8284128479866866e-14,4.2124831393215495e-05,8.425751889554781e-10,0.0001,2.250067048092174e-09,0.01820956422640676,18.209564226406762,1.9981140559180036e-17,7.437084907675213e-05,2.424485599864453e-13,2.4241486308650614e-06,1.4892629118728672e-09
ellipse,translation_y,0.16788964996269107,128,3.368659504769185e-11,2.1118922276679306e-05,4.224196941404329e-10,9.31010342247551e-15,1.9535891479055186e-05,3.9075539115732896e-10,True,1.6199355428587473e-17,6.036039514583e-05,1.115407766150156e-11,8.944207239899393e-05,1.2073935001151774e-09,1.0815909582536705e-14,2.4918790526455753e-05,4.984222830344926e-10,1e-05,2.0745305291214182e-08,0.16788964996269107,167.8896499626911,1.6386451171135712e-17,6.0991227358979665e-05,2.0611084644335672e-13,2.0608219996853594e-06,1.2213383872712008e-09
ellipse,translation_y,1.8209564226406816,128,3.0178087106551804e-10,0.00018919355760470082,3.784240677113615e-09,8.562577660046809e-14,0.0001796731790803198,3.5938090384574334e-09,True,9.829981370422432e-17,0.0003662747955715247,1.1825587384328706e-11,9.48267597813524e-05,7.326622139518198e-09,1.0799384664156162e-13,0.00024880718741991496,4.976607763407341e-09,1e-06,2.2500670480921807e-07,1.8209564226406816,1820.956422640682,9.969086849632767e-17,0.00037105462082457534,2.9507854834113367e-13,2.9503753662170665e-06,7.430302222450739e-09
ellipse,scale,75.60982975071116,128,1.2213593384686864e-06,0.6710544878527057,1.342224071035699e-05,3.634248055359406e-10,0.6458222205936248,1.2917495992118443e-05,False,3.501037089807169e-13,0.9566897437490076,8.70884210445069e-06,75.60982975071116,1.913595657732537e-05,2.5333592256602303e-10,0.7011862388860747,1.4025295611618187e-05,0.01,0.005075936072397735,1.9428832244862788,3.885950598948725e-05,3.501037090589607e-13,0.9559278007498045,1.4756890424407078e-07,1.4709547043431672,1.9135956581602014e-05
ellipse,scale,0.7561072744776866,128,1.2213674265361732e-08,0.006710590350909408,1.3422329594918044e-07,3.634258848875598e-12,0.006458241392584542,1.291753435636877e-07,True,3.5010541833620057e-15,0.009566946167699738,8.708945502407771e-08,0.7561072744776866,1.9136050007219058e-07,2.5333625497508368e-12,0.007011871502805283,1.402531401459591e-07,0.001,5.0760193446224095e-05,0.019429152596816816,3.8860143491115984e-07,3.5010546230503188e-15,0.00955932629812755,1.4757074126456283e-09,0.014709730156123917,1.913605241046594e-07
ellipse,scale,0.007553481377889391,128,1.2220908131719744e-10,6.714564976092686e-05,1.3430279318841679e-09,3.6375117497753763e-14,6.46402194436176e-05,1.2929096399932e-09,True,3.480526784681699e-17,9.510853401136174e-05,8.700201663703472e-10,0.007553481377889391,1.9023851421566993e-09,2.5435992924247743e-14,7.040204874430447e-05,1.4081987123031459e-09,0.0001,5.077104940921268e-07,0.00019433308025627042,3.886845441845548e-09,3.481480866753567e-17,9.505881894136452e-05,1.4741988418843707e-11,0.00014694692846810864,1.902906624009937e-09
ellipse,scale,0.00029401949484324897,128,3.022127670843613e-11,1.6604553789683184e-05,3.3211949815155463e-10,9.081104152536275e-15,1.6137530421779786e-05,3.2277688453711425e-10,True,3.6670012332411127e-17,0.00010020411673968131,3.386556172210037e-11,0.00029401949484324897,2.0043082826113516e-09,2.056546274470117e-14,5.692133642032592e-05,1.1385542621141058e-09,1e-05,3.27444551393377e-08,1.2533384493489732e-05,2.506795460898165e-10,3.6667261949226277e-17,0.00010011678218649047,6.197638431106045e-13,6.177755030948355e-06,2.0041579522610974e-09
ellipse,scale,0.00047225467270492076,128,3.134778566261155e-10,0.00017223494504359902,3.4449937184562445e-09,9.188464626132225e-14,0.00016328314810967412,3.265928829672227e-09,True,1.538847984497078e-16,0.0004205040939662774,5.439492974969318e-11,0.00047225467270492076,8.411030061970196e-09,1.2731646471032427e-13,0.0003523880502714357,7.048550539938078e-09,1e-06,3.149556606928378e-07,0.00012055355257539872,2.4111850914889206e-09,1.541957165366285e-16,0.00042101804570626207,1.008297856016152e-12,1.0050630126202085e-05,8.42802421215427e-09
ellipse,shape_mode4,2.0476555157545953,128,1.5634170765718063e-07,0.14079437445757628,2.816282526900886e-06,9.644496712183788e-11,0.35816292974223535,7.16447735481011e-06,False,2.0217393617566812e-14,0.2604103184420672,2.3948897135697093e-07,2.0476555157545953,5.21097546071569e-06,9.468758814288778e-11,0.380243705360636,7.6061100813701385e-06,0.01,0.0004135730300853002,0.4679201040790945,9.359710597821948e-06,2.0217393557653354e-14,0.25943535584057165,4.475720870941865e-09,0.04458705039940134,5.210975445273168e-06
ellipse,shape_mode4,0.02047587008623742,128,1.5634191919955475e-09,0.0014079456503121824,2.8162863375480952e-08,9.64448543416974e-13,0.003581625074464831,7.164468976863736e-08,True,2.022049859947378e-16,0.002604503171096764,2.3948095892413132e-09,0.02047587008623742,5.211775760933871e-08,9.46881960975959e-13,0.0038024613947851226,7.606158917448078e-08,0.001,4.135749183268358e-06,0.004679222406449602,9.359753331252386e-08,2.0220796976770401e-16,0.002594790365134383,4.475568043748419e-11,0.00044585527937663206,5.21185266682986e-08
ellipse,shape_mode4,0.00019582015756483578,128,1.573300210154345e-11,1.4168440549058287e-05,2.8340856434438903e-10,9.65316796317224e-15,3.5848494590391306e-05,7.170918850224397e-10,True,3.088525484088443e-18,3.978178081232894e-05,2.290266489912013e-11,0.00019582015756483578,7.960586221853896e-10,9.733290624706886e-15,3.9086668982357715e-05,7.818604465219897e-10,0.0001,4.137582371458461e-08,4.681296491447055e-05,9.363902081214917e-10,3.0943456008328175e-18,3.970752578338375e-05,4.290224452823191e-13,4.273913843570794e-06,7.975587406530384e-10
ellipse,shape_mode4,0.0002921338683574465,128,2.6079269298476983e-11,2.348582770363983e-05,4.697824498674019e-10,7.346649497135983e-15,2.7282890522034725e-05,5.457506547694161e-10,True,2.2680304365449495e-17,0.0002921338683574465,7.888091221874838e-12,6.74439971399429e-05,5.8457836715029624e-09,1.2667861981467814e-14,5.087123635582135e-05,1.0175901046422964e-09,1e-05,2.5635261768041174e-08,2.900395694835721e-05,5.801602469067845e-10,2.2734158956703428e-17,0.0002917312154589484,1.3813439053624726e-13,1.376092301179218e-06,5.859664538581064e-09
ellipse,shape_mode4,0.0038162184393321277,128,2.6831971195638757e-10,0.00024163677487946782,4.8334134744315375e-09,7.670075763774584e-14,0.0002848398272414156,5.697765861625573e-09,True,2.9627853906215356e-16,0.0038162184393321277,2.102110585209746e-10,0.0017973263278645612,7.63649472228749e-08,1.7349001241215352e-13,0.0006966962096315841,1.3936189085667703e-08,1e-06,2.6406066273095573e-07,0.00029876051834006826,5.976045833842346e-09,2.968999301145584e-16,0.003809904630705515,3.807142304862975e-12,3.792668281140969e-05,7.652510899183687e-08
ellipse,interior_epsr,24.186953490530975,128,0.0,0.0,0.0,0.0,0.0,0.0,True,3.9757855424446515e-13,1.1312869691723424,2.4715796537185897e-06,24.186953490530975,2.262838876225812e-05,4.0695239442297524e-10,1.2171396651556852,2.4345741083816968e-05,0.01,0.0005662433888117324,0.6400941112185548,1.2803667109140762e-05,3.975785543202463e-13,1.1303481983520036,4.7802578633166895e-08,0.4766535124933378,2.2628388766571243e-05
ellipse,interior_epsr,0.24187429071315897,128,0.0,0.0,0.0,0.0,0.0,0.0,True,3.975808635473539e-15,0.011312932302185491,2.4716282516452437e-08,0.24187429071315897,2.2628520197424775e-07,4.069561477543999e-12,0.012171509338055114,2.434596562515477e-07,0.001,5.662467047782816e-06,0.006400977002838969,1.2803742088438851e-07,3.975809490690056e-15,0.011303550340835331,4.78034685829002e-10,0.004766623864427868,2.2628525064933757e-07
ellipse,interior_epsr,0.0024237092812120758,128,0.0,0.0,0.0,0.0,0.0,0.0,True,3.969329320936071e-17,0.00011294495480169471,2.476703214531698e-10,0.0024237092812120758,2.259164284408126e-09,4.071676522463487e-14,0.00012177835195120372,2.4358618784761683e-09,0.0001,5.650177250151636e-08,6.3870841873258e-05,1.2775952893753762e-09,3.9683635205862544e-17,0.00011282380868504674,4.790897548944957e-12,4.777144267100073e-05,2.258614594150715e-09
ellipse,interior_epsr,5.3641919475231336e-05,128,0.0,0.0,0.0,0.0,0.0,0.0,True,1.8851877426583225e-17,5.3641919475231336e-05,1.8524155056013833e-12,1.8127794348731284e-05,1.0729643406391104e-09,1.2039479254494624e-14,3.600845829458332e-05,7.202563462724371e-10,1e-05,2.1728906727648857e-09,2.456283229341246e-06,4.913252744022513e-11,1.8821703187349857e-17,5.351163594353486e-05,3.9864335113102764e-14,3.9749896131519837e-07,1.0712469582282921e-09
ellipse,interior_epsr,0.000434242464955152,128,0.0,0.0,0.0,0.0,0.0,0.0,True,1.5071567916192593e-16,0.00042885268878553107,4.728691694938156e-12,4.6275120417200015e-05,8.578060723433256e-09,1.0761155572536422e-13,0.00032185164612019696,6.437812159899527e-09,1e-06,2.3787148832814653e-08,2.688951426306083e-05,5.378654146763162e-10,1.5273655238563015e-16,0.000434242464955152,6.686181454687318e-14,6.66698736066362e-07,8.693079766731801e-09
ellipse,exterior_epsr,283.8893125441127,128,1.8017656151131544e-05,3.389930557745647,6.780059887911791e-05,5.39863455915988e-09,3.4586451954942152,6.917493491284312e-05,False,2.4405403504310146e-11,10.302894970994052,3.5158611652538925e-05,283.8893125441127,0.0002060614927423578,3.193495500145417e-09,2.5924105182881436,5.184991411123674e-05,0.01,0.0003258534728013296,0.32892807358222664,6.579384262349275e-06,5.09437240754568e-11,7.742564595379018,2.1913002011385773e-05,194.59636550573939,0.0001548591273772353
ellipse,exterior_epsr,2.838551904552269,128,1.8018021493031338e-07,0.033899993319560943,6.780197366390646e-07,5.39874797031332e-11,0.034587178903512684,6.917638809680503e-07,True,2.440696839302963e-13,0.10303555806160195,3.5154385761605733e-07,2.838551904552269,2.06074705525562e-06,3.193541276195537e-11,0.025924476932113853,5.18506573357902e-07,0.001,3.258507655581623e-06,0.0032892543695426215,6.579329599764476e-08,5.094666570555211e-13,0.07743011568776922,2.191572544894653e-07,1.9462055073835742,1.5486806936720354e-06
ellipse,exterior_epsr,0.02839239888800506,128,1.8057761226838767e-09,0.00033974761649669413,6.7951514632434214e-09,5.410811486734239e-13,0.00034664464082884383,6.933096291643627e-09,True,2.442001963182966e-15,0.0010309065489839122,3.5162906184861564e-09,0.02839239888800506,2.0618490070216686e-08,3.203118594478654e-13,0.00026002223544167066,5.200615563862889e-09,0.0001,3.323220662481018e-08,3.354578095326159e-05,6.709993157069194e-10,5.0988376642043575e-15,0.000774935089895093,2.191568828106491e-09,0.01946202206724599,1.549948625953073e-08
ellipse,exterior_epsr,0.000201817115989773,128,2.7047765880366935e-11,5.088899933376334e-06,1.0178098136898237e-10,7.972997006792466e-15,5.1079153114597585e-06,1.0216130448566416e-10,True,3.6267422306681146e-17,1.5310521343538097e-05,2.499428225152811e-11,0.000201817115989773,3.062157598464769e-10,1.4776659297598972e-14,1.1995372228070923e-05,2.399153264492237e-10,1e-05,3.55081245075911e-09,3.5843174175175415e-06,7.169529100376377e-11,6.436770720781751e-17,9.782777615167428e-06,2.2108605744752818e-11,0.00019633340617103952,1.9566545537015927e-10
ellipse,exterior_epsr,0.0010111959355133587,128,4.699782435075871e-10,8.842402225302582e-05,1.7685322720496664e-09,1.35442174380525e-13,8.677128007872822e-05,1.735476534771187e-09,True,4.088192223853263e-16,0.00017258561629158154,1.2523277076806338e-10,0.0010111959355133587,3.451772440951965e-09,1.723209891398152e-13,0.00013988644969226661,2.7978209100516743e-09,1e-06,9.054838638531888e-08,9.14027882476863e-05,1.828283808802352e-09,6.002953864056542e-16,9.123451064644481e-05,2.642772068892074e-12,2.3468890259731172e-05,1.8247825692850341e-09
ellipse,mixed,7.370112767449306,128,5.086550640102222e-07,0.3813912042693175,7.628715100849612e-06,1.4232337087149278e-10,0.38795717290690845,7.76011252053986e-06,False,1.7775271765928174e-13,0.4889718103049971,1.061128564008515e-06,7.370112767449306,9.780548503009337e-06,1.407998431749432e-10,0.4768205954677302,9.53771871818139e-06,0.01,0.0003113312950354994,0.408420195631762,8.169730734672612e-06,3.7234375534125577e-13,0.2993004870986342,1.389124565123837e-07,1.3581571256196154,5.987612430265065e-06
ellipse,mixed,0.07370232525669917,128,5.08684655427788e-09,0.003814133953450835,7.629158907487964e-08,1.4233208466427915e-12,0.003879809273200349,7.760587635850078e-08,True,1.777620221250254e-15,0.0048899751163652035,1.0611458064677115e-08,0.07370232525669917,9.7810604658063e-08,1.4080753538073463e-12,0.004768466289800739,9.538239784778531e-08,0.001,3.11330078945852e-06,0.004084187135247905,8.169698822927384e-08,3.723613590151991e-15,0.00299314632531519,1.389139864458309e-09,0.013581720838894869,5.987895512700072e-08
ellipse,mixed,0.0007344635498993859,128,5.2008226300671125e-11,3.899593586059523e-05,7.800098129768355e-10,1.4609252205922483e-14,3.982314482384641e-05,7.965623654407937e-10,True,1.899724036426577e-17,5.225865095803259e-05,1.057460416974132e-10,0.0007344635498993859,1.045291645904273e-09,1.4604353225127376e-14,4.945784017363334e-05,9.89292388267508e-10,0.0001,3.131654749060159e-08,4.1082649118236075e-05,8.217861956621782e-10,3.762352121651001e-17,3.0242854518720008e-05,1.3890137534632897e-11,0.00013580487842583346,6.050190451021543e-10
ellipse,mixed,5.8762726243614255e-05,128,4.0262992761334134e-11,3.0189321864868737e-05,6.038569604757057e-10,1.2835543863504304e-14,3.498821945063191e-05,6.998517814270597e-10,True,2.1361623616757342e-17,5.8762726243614255e-05,4.888017074433648e-15,3.394992677579505e-08,1.1753879132649946e-09,1.470181979608786e-14,4.9787912020481254e-05,9.958947304099755e-10,1e-05,3.588736423127659e-08,4.707888048734233e-05,9.417302636190814e-10,4.0173871476938205e-17,3.229289845947478e-05,1.9534273829578674e-13,1.909880068464696e-06,6.460309022954462e-10
ellipse,mixed,0.0006944095990509717,128,4.702604222671828e-10,0.00035260278172588003,7.052879325328955e-09,1.3626229162841986e-13,0.00037143536830697117,7.429635125055579e-09,True,2.524341097802712e-16,0.0006944095990509717,3.223928459264447e-11,0.0002239192978578362,1.3889768252389953e-08,1.6326343911587768e-13,0.0005528938495592563,1.105939271051182e-08,1e-06,3.3158362086189945e-07,0.0004349883586281283,8.701177625463587e-09,2.7124464299460666e-16,0.00021803414487415616,7.664970410768343e-13,7.49409696035466e-06,4.361850501692475e-09
ellipse,tangential_phase,1.7548014841130322,128,3.1246324151277928e-06,1.610529104565087,3.221316824031005e-05,9.286691043857362e-10,1.5491545212128182,3.098545826095772e-05,False,3.358685232112948e-20,0.0008141437377815287,1.2596437042027726e-14,1.2596437042026762e-07,0.8141437399133717,1.0395721259033882e-09,1.6795673518071805,3.3593543546812026e-05,0.01,0.0035320151975016555,1.7548014841130322,3.509818437817046e-05,3.3629330841100063e-20,0.00010098495782535541,2.23188249363053e-16,2.2318824936305272e-09,0.10098495785811341
ellipse,tangential_phase,0.017548335433509133,128,3.124684595103316e-08,0.016105559996868454,3.2213706185932756e-07,9.286821668392826e-12,0.015491763112765492,3.09858940955378e-07,True,1.8478973900429223e-19,0.0044792946769228095,5.0256199503311725e-14,5.025619950330787e-07,4.479294688651885,1.0395859381287475e-11,0.016795896672985172,3.3593989885822593e-07,0.001,3.532079725436263e-05,0.017548335433509133,3.509882560229317e-07,1.8430134840488357e-19,0.0005534354514445785,8.463503886580418e-16,8.463503886580407e-09,0.5534354516241047
ellipse,tangential_phase,0.06659611295224356,128,3.12347951255617e-10,0.000160993486405944,3.2201282475979953e-09,9.29002623439595e-14,0.00015497108792823997,3.0996586272726142e-09,True,2.747369668387084e-18,0.06659611295224356,2.1862593927309338e-13,2.1862593927307665e-06,66.59611312662612,1.0403672052762331e-13,0.00016808519085237866,3.3619236361066383e-09,0.0001,3.533042678746198e-07,0.00017553119648193715,3.5108394619109278e-09,2.737419509686109e-18,0.008220151481518867,3.838588842605493e-15,3.838588842605489e-08,8.220151484185362
ellipse,tangential_phase,0.6018737754826816,128,3.13344913317013e-11,1.615073505034461e-05,3.2304063546986804e-10,9.628812822663616e-15,1.606225387244659e-05,3.2126962812719203e-10,True,2.4829823868917422e-17,0.6018737754826816,4.543190002283242e-12,4.543190002282894e-05,601.8737770586938,1.6396158669736246e-14,2.6490180056346103e-05,5.298382445504438e-10,1e-05,3.3431126431511846e-08,1.660949542886555e-05,3.3221030314170406e-10,2.5270887429693193e-17,0.07588552723082946,9.284175175700033e-14,9.284175175700021e-07,75.88552725544558
ellipse,tangential_phase,3.7415732196199674,128,3.2492577278844385e-10,0.00016747647222935472,3.349798374289354e-09,9.183435987591902e-14,0.00015319300828745228,3.064094316714909e-09,True,1.5435562707698565e-16,3.7415732196199674,1.265260106294894e-10,0.001265260106294797,3741.5732294173117,1.133783949482873e-13,0.0001831779111910708,3.6637977808928945e-09,1e-06,3.224221124589767e-07,0.00016018809937569815,3.203958680214334e-09,1.5518076163080347e-16,0.4659897261304115,2.3420391584202114e-12,2.3420391584202085e-05,465.9897262815716
star,translation_x,0.4381328638393087,32,1.4403369881800302e-06,0.3593135926145835,7.186975579650331e-06,9.64843935462745e-11,0.4356103195719924,8.71311279452095e-06,True,1.0209614696779314e-13,0.4314008429099891,9.324041818151163e-09,0.038046655556039935,8.62967225008034e-06,8.467973232598102e-11,0.4381328638393087,8.76355460558378e-06,0.01,0.0,0.0,0.0,1.020961467459723e-13,0.43087878387497575,9.088141447082324e-10,0.008798196928438426,8.629672231330944e-06
star,translation_x,0.004381344573375676,32,1.4403701666590718e-08,0.0035932187023419316,7.18714113321217e-08,9.64863854521252e-13,0.004356193141841453,8.713292675429306e-08,True,1.021001396470142e-15,0.004314177242127231,9.311685277013648e-11,0.0003799623481858594,8.630009731112688e-08,8.468003996783707e-13,0.004381344573375676,8.763586443617872e-08,0.001,1.921463264582261e-10,0.0014361852219916308,1.436185221991631,1.0210016336821608e-15,0.004308957522509059,9.090386511026102e-12,8.800370366738141e-05,8.630011736146214e-08
star,translation_x,0.014361852219916305,32,1.444039994162043e-10,3.60237363640566e-05,7.205452792818101e-10,9.664890375202965e-15,4.363530563025794e-05,8.727969041483906e-10,True,1.0263536298692338e-17,4.336792778556545e-05,6.48773569589256e-13,2.6473137956087996e-06,8.675249459948552e-10,8.438952892471068e-15,4.3663135361396895e-05,8.733521287292594e-10,0.0001,1.9214632645822606e-09,0.014361852219916305,14.361852219916306,1.0246688932559628e-17,4.324434562457877e-05,9.477463844102807e-14,9.1750985356133e-07,8.661009231269967e-10
star,translation_x,0.14361852219916302,32,7.256200805901722e-11,1.810167764734306e-05,3.620690048302529e-10,4.396867794478317e-15,1.9851096348362316e-05,3.970632309308368e-10,True,2.371664629599053e-17,0.00010021319886217687,5.975702571658914e-12,2.4383792123996547e-05,2.0046484660194234e-09,5.368289577219738e-15,2.7775525881635063e-05,5.555674015057939e-10,1e-05,1.9214632645822602e-08,0.14361852219916302,143.61852219916304,2.376311485589556e-17,0.00010028804027447822,8.241641418806067e-14,7.978703306770136e-07,2.0085762189643035e-09
star,translation_x,1.4361852219916302,32,7.811579348540258e-10,0.00019487152446112814,3.897812142379172e-09,4.316208354498485e-14,0.00019486932950918344,3.897792052697324e-09,True,2.481555605147607e-16,0.0010485657299459166,7.471411943987816e-11,0.00030487018644297835,2.097533763887204e-08,5.568566381901432e-14,0.00028811757905360824,5.7629416416611175e-09,1e-06,1.9214632645822603e-07,1.4361852219916302,1436.1852219916304,2.508024675987983e-16,0.0010584676346095515,9.49524042292288e-13,9.192307977398905e-06,2.1199067341608677e-08
star,translation_y,1.064690685360713,32,1.1830052590721827e-06,0.3367305165928647,6.735362817468203e-06,9.224640639400086e-11,0.4173751264323615,8.34837282968085e-06,True,3.1330401893249186e-13,1.064690685360713,8.915384295399287e-09,0.05143636502983941,2.129709827169424e-05,7.612167420629684e-11,0.4155906996514059,8.312712108768196e-06,0.01,0.0,0.0,0.0,3.1330401891121216e-13,1.063654330702965,1.6527024659842432e-10,0.0016286873864810427,2.1297098270247733e-05
star,translation_y,0.010647059385109887,32,1.1830280301499413e-08,0.003367369983831641,6.735492463105255e-08,9.224801618061348e-13,0.0041738240998559365,8.348518516644101e-08,True,3.1330851483716056e-15,0.010647059385109887,8.910796449670966e-11,0.00051409895940032,2.129740388451043e-07,7.612303929457527e-13,0.004155981529930867,8.312861180448237e-08,0.001,1.861146508693464e-10,0.00139110185503754,1.39110185503754,3.1330892061227596e-15,0.010636708700246779,1.6521448651437426e-12,1.6281378880236337e-05,2.129743146740751e-07
star,translation_y,0.0139110185503754,32,1.1631768598491663e-10,3.3108656297158514e-05,6.622471127568732e-10,9.187702663035985e-15,4.157038425831953e-05,8.314943668555121e-10,True,3.1477364347461287e-17,0.0001069684834056907,1.1980876360451198e-12,6.9122396683624056e-06,2.1396997208205453e-09,7.638207197598383e-15,4.170123570140438e-05,8.341148315876659e-10,0.0001,1.8611465086934642e-09,0.0139110185503754,13.9110185503754,3.14876461570088e-17,0.00010689925967282904,1.8618109441301267e-14,1.8347573523533478e-07,2.140398635277788e-09
star,translation_y,0.13911018550375395,32,6.331698332112882e-11,1.8022540775428385e-05,3.6049108987888634e-10,4.016585437499129e-15,1.8173313413245613e-05,3.635041628753379e-10,True,2.161468022457899e-17,7.345245100110323e-05,6.7622127515598596e-12,3.901386995490024e-05,1.4692756589033508e-09,5.0861832027950694e-15,2.776831252101182e-05,5.554262585279626e-10,1e-05,1.8611465086934634e-08,0.13911018550375395,139.11018550375397,2.1607571837386922e-17,7.335681489229079e-05,1.0176286354378339e-13,1.0028416831050563e-06,1.4687924604397673e-09
star,translation_y,1.39110185503754,32,7.521893485030473e-10,0.00021410311251712286,4.282540699418759e-09,4.696365891228079e-14,0.00021249026212099724,4.250248322640151e-09,True,2.942533824739732e-16,0.000999951511333941,6.497844883684989e-11,0.00037488627553269903,2.0002115595832634e-08,5.992575552918875e-14,0.00032716814185538217,6.544069856694809e-09,1e-06,1.861146508693464e-07,1.39110185503754,1391.1018550375402,2.9738054090612e-16,0.0010095946668096344,1.4677728975807935e-12,1.4464449915883172e-05,2.0214686761269675e-08
star,scale,31.886667753909574,32,2.528199924147104e-06,0.5660184797300666,1.1321366450744566e-05,1.178571044579527e-10,0.48956057565695665,9.792148696503289e-06,False,1.9684562957233544e-13,0.5376197558598232,5.226288819330533e-06,31.886667753909574,1.0753731394271833e-05,8.966985335066449e-11,0.5341332771528516,1.0683924509733245e-05,0.01,0.004861856000521174,1.6770222280292657,3.3541995668219486e-05,1.9684562957545377e-13,0.53719924042974,1.0513407753341805e-07,1.0375211486892708,1.0753731394442188e-05
star,scale,0.31886751152484877,32,2.5282050669781473e-08,0.005660197215039243,1.1321389480519338e-07,1.1785684055664812e-12,0.004895594799315966,9.792126770283163e-08,True,1.968423302069036e-15,0.005376108849545657,5.226302488524348e-08,0.31886751152484877,1.0753551149022281e-07,8.966919975571028e-13,0.005341293648986602,1.068384663563298e-07,0.001,4.861910043059009e-05,0.016770410128032598,3.354236850825625e-07,1.968423796171615e-15,0.0053719034658005075,1.051343119103077e-09,0.010375234616498776,1.0753553848318387e-07
star,scale,0.0031882362569609028,32,2.538581600432719e-10,5.683428501130312e-05,1.1367855955185991e-09,1.1876396183642951e-14,4.933275244979359e-05,9.867494873871275e-10,True,2.0290515376086117e-17,5.5416953256964785e-05,5.225583190986149e-10,0.0031882362569609028,1.1084764883011563e-09,9.055107736624142e-15,5.39382412280665e-05,1.078892000718064e-09,0.0001,4.868838679498161e-07,0.00016794309536551568,3.359016924390202e-09,2.0301308773239368e-17,5.540304413801921e-05,1.0507287775312138e-11,0.00010369171954531495,1.1090661345842357e-09
star,scale,7.037623821293505e-05,32,7.608769923511116e-11,1.7034670031291456e-05,3.4072334122283943e-10,4.0505394141937745e-15,1.6825327744263453e-05,3.365387638467167e-10,True,2.5767748963469554e-17,7.037623821293505e-05,4.501694156333613e-14,2.746576602536743e-07,1.407699279837714e-09,5.563021587007063e-15,3.31370546808542e-05,6.628192247529695e-10,1e-05,3.1124498233393934e-08,1.0735916557482236e-05,2.147282405748121e-10,2.553823160484023e-17,6.969480578658965e-05,3.212449024240366e-14,3.1702221391310204e-07,1.3951606828143266e-09
star,scale,0.0006655664254449945,32,9.73954088981723e-10,0.00021805083740032453,4.361399999362387e-09,5.954855677740293e-14,0.00024735569316218877,4.947587379719912e-09,True,2.432801825156083e-16,0.0006644408134347761,6.324528444359712e-11,0.0003858725458484738,1.3290463913301702e-08,6.80672104045528e-14,0.0004054535539348219,8.110027064575125e-09,1e-06,4.327320811968602e-07,0.00014926427025540475,2.98542317819548e-09,2.4388316073714886e-16,0.0006655664254449945,1.2565953187932202e-12,1.2400776695619863e-05,1.3323404780950786e-08
star,shape_mode4,0.4635651444058704,32,3.1688614114474624e-07,0.13238698663120976,2.6481739214637514e-06,3.639240238235057e-11,0.28731603974286263,5.747366315208819e-06,False,2.0794717952538684e-14,0.20507442758965683,2.97845343908169e-08,0.2580973514661183,4.1033251184504835e-06,3.638826429149193e-11,0.3158856725289973,6.318798972218231e-06,0.01,0.0004788421541470396,0.4635651444058704,9.272503861540419e-06,2.0794717769905482e-14,0.20449614475520375,5.265717749633285e-10,0.005253114322049196,4.1033250824123215e-06
star,shape_mode4,0.004635684607351011,32,3.168886624774608e-09,0.0013238803781192938,2.6481949918946576e-08,3.63926346055113e-13,0.002873178756797502,5.7474029896651404e-08,True,2.0790182647228631e-16,0.0020502968940982694,2.9784075390466153e-10,0.0025809337400676652,4.1024301877165804e-08,3.638862670127269e-13,0.0031588881964964275,6.318861904446376e-08,0.001,4.788455802179981e-06,0.004635684607351011,9.272570205440843e-08,2.079020577411577e-16,0.002044517730206604,5.266505130895093e-12,5.253899818724099e-05,4.102434751237812e-08
star,shape_mode4,4.6323607185472206e-05,32,3.205382287501178e-11,1.3391273371831134e-05,2.6786939155553465e-10,3.635470534774569e-15,2.8701842650144545e-05,5.741412911402304e-10,True,2.9334730954774357e-18,2.892947524318838e-05,3.0365880166263737e-12,2.6313499291318773e-05,5.788486222532171e-10,3.638757447565673e-15,3.1587968540792985e-05,6.318679186136774e-10,0.0001,4.7850223736791626e-08,4.6323607185472206e-05,9.265921567939645e-10,2.933821388464902e-18,2.8851325039994258e-05,5.238375990032802e-14,5.225838004598014e-07,5.789173492908864e-10
star,shape_mode4,0.0002591314776633779,32,6.09998305872096e-11,2.5484180469719804e-05,5.097671990046686e-10,3.681717053527214e-15,2.9066956409423415e-05,5.814448948232763e-10,True,2.6205881093469132e-17,0.0002584385004420834,2.3242672977236145e-12,2.0140896808067363e-05,5.171084810449702e-09,4.859681000535935e-15,4.218677743167003e-05,8.438805177820675e-10,1e-05,2.0822161176366647e-08,2.0157849634705636e-05,4.0320921673531074e-10,2.6350452554940348e-17,0.0002591314776633779,6.036281195752943e-14,6.021833434489406e-07,5.199612425520985e-09
star,shape_mode4,0.001999184642217832,32,6.848675132632854e-10,0.00028612025865553097,5.723343664477677e-09,3.60397624320072e-14,0.00028453196929481214,5.691674719179883e-09,True,2.0271900251414615e-16,0.001999184642217832,2.3691163939486282e-11,0.0002052953585138556,4.000159929565052e-08,5.1768001788391385e-14,0.0004493968162304323,8.989480615890826e-09,1e-06,2.3278325927621598e-07,0.00022535652751003025,4.507714393661894e-09,1.9957899005887897e-16,0.0019626683259634688,6.673231947227059e-13,6.657259652547086e-06,3.938199522074301e-08
star,interior_epsr,15.038286135472712,32,0.0,0.0,0.0,0.0,0.0,0.0,True,2.8432569533540277e-13,0.7649435467822762,2.2045653652077828e-06,15.038286135472712,1.530073464354116e-05,1.2449352152374368e-10,0.8440346783970412,1.6882959313486066e-05,0.01,0.0005612565067354351,0.582019886189935,1.1642009689070077e-05,2.8432569530782767e-13,0.7643536454534943,5.0055388909741455e-08,0.4961947765380304,1.530073464205723e-05
star,interior_epsr,0.15038286763764364,32,0.0,0.0,0.0,0.0,0.0,0.0,True,2.843266408334676e-15,0.007649458736750421,2.2045654573133594e-08,0.15038286763764364,1.5300785524679352e-07,1.2449389233404882e-12,0.008440372212794056,1.6883009600241697e-07,0.001,5.612592936859185e-06,0.00582022630701655,1.1642067498118421e-07,2.843266200943352e-15,0.007643561417311708,5.005541727705104e-10,0.00496195057740737,1.530078440862137e-07
star,interior_epsr,0.0015035507306348911,32,0.0,0.0,0.0,0.0,0.0,0.0,True,2.798257307279949e-17,7.528367070467156e-05,2.2041579976136982e-10,0.0015035507306348911,1.5058573046848137e-09,1.2384418190504347e-14,8.39632351136739e-05,1.6794900318696851e-09,0.0001,5.5979790533274985e-08,5.8050716498723276e-05,1.1611754268493621e-09,2.8002378498385975e-17,7.52788817665952e-05,5.007329362889841e-12,4.9637226448317616e-05,1.5069231160637106e-09
star,interior_epsr,5.4502058656905926e-05,32,0.0,0.0,0.0,0.0,0.0,0.0,True,1.9967574302117677e-17,5.3720302288406045e-05,1.3414915879528255e-12,9.150889634004048e-06,1.0745372679436916e-09,3.62599860920428e-15,2.458335701902403e-05,4.917331138253437e-10,1e-05,2.4336982113041413e-09,2.5237308537584673e-06,5.0481620820889647e-11,2.0273777179340906e-17,5.4502058656905926e-05,8.43551980654264e-15,8.362058424792238e-08,1.09101530369053e-09
star,interior_epsr,0.0007239435082582093,32,0.0,0.0,0.0,0.0,0.0,0.0,True,2.6908627055308816e-16,0.0007239435082582093,4.3419795103111225e-11,0.0002961850499010454,1.4480638540586629e-08,3.5381046077698865e-14,0.00023987457834548844,4.7981353092694086e-09,1e-06,2.982291707922928e-08,3.092619110026858e-05,6.186096471508405e-10,2.6774941402348764e-16,0.0007197915879004316,5.931272725571979e-13,5.8796197747222815e-06,1.4408696794372754e-08
star,exterior_epsr,190.16000940204967,32,4.448673376591132e-05,3.340381225981362,6.680959432091926e-05,2.6188473974083756e-09,3.342965196533539,6.686127121393416e-05,True,2.715971695660373e-11,10.268819497663015,4.1481181126789245e-05,190.16000940204967,0.0002053799196001246,1.559164921832042e-09,2.5890437556113652,5.1782576924090376e-05,0.01,0.000320622046392986,0.2947628447171119,5.895984038248531e-06,5.1466637758328523e-11,7.6865947552072855,2.1731013129539542e-05,185.08497554540173,0.00015373951984638248
star,exterior_epsr,1.9014603276361162,32,4.4487614537210596e-07,0.03340447397228783,6.68109170517249e-07,2.618898798418675e-11,0.03343030846661542,6.686258352288874e-07,True,2.716145100674711e-13,0.10269475345611301,4.1478132286644487e-07,1.9014603276361162,2.0539303236855287e-06,1.5591861451766455e-11,0.02589079007276441,5.17832817882514e-07,0.001,3.206186254330262e-06,0.002947597871621806,5.8959211295198734e-08,5.146957576562548e-13,0.07687033489076399,2.1733690720347146e-07,1.8510778082494355,1.5374829616927461e-06
star,exterior_epsr,0.019013683130075905,32,4.458835143106601e-09,0.0003348011445378661,6.696220240000521e-09,2.6251482943207913e-13,0.0003351008347436405,6.702213815783054e-09,True,2.718166283332603e-15,0.0010277117259014886,4.147612509518284e-09,0.019013683130075905,2.055458728169413e-08,1.5640404551014672e-13,0.0002597139746824115,5.194450185777431e-09,0.0001,3.284525435567412e-08,3.0196188564354716e-05,6.039980643623767e-10,5.151392219189246e-15,0.0007693656666860761,2.1733820408523577e-09,0.01851088853907003,1.5388076641753917e-08
star,exterior_epsr,0.0001864597537026959,32,6.57749289548936e-11,4.9388507965940124e-06,9.877992713708744e-11,3.876432303650478e-15,4.948275507837297e-06,9.896842093713407e-11,True,3.7487823918149157e-17,1.4173774600825501e-05,3.6398101546653017e-11,0.00016685791349991958,2.83480357125779e-10,4.219521024428309e-15,7.006651093815909e-06,1.4013762686088239e-10,1e-05,4.019757484828016e-09,3.6955523023542938e-06,7.392013816519176e-11,6.128071292530928e-17,9.152336794589869e-06,2.189242721568202e-11,0.0001864597537026959,1.830558161817452e-10
star,exterior_epsr,0.0005231620734902716,32,1.1380757135303233e-09,8.545484174174965e-05,1.709147206165857e-09,6.735283043248464e-14,8.597605610250978e-05,1.7195716967048016e-09,True,4.027393937719613e-16,0.00015227177237023823,1.1412168519214783e-10,0.0005231620734902716,3.0454877142074467e-09,6.477793867507308e-14,0.00010756586168118875,2.1513879291772084e-09,1e-06,9.744970794481334e-08,8.959010438452587e-05,1.7920225044985237e-09,6.979053897589705e-16,0.00010423287969198916,3.1735919231098975e-12,2.7029765247411908e-05,2.0847610062187046e-09
star,mixed,5.777202510194897,32,1.1283827580799421e-06,0.36395612315824727,7.280044140687191e-06,6.2048850290519e-11,0.3676632994127592,7.354270140666617e-06,True,2.1154814577494415e-13,0.5410727908388628,9.064218969181796e-07,5.777202510194897,1.082271491577002e-05,4.8470534322750326e-11,0.34990409212337664,6.999081550174218e-06,0.01,0.0003128628367771713,0.3702856294702778,7.406887690809828e-06,3.763008132215304e-13,0.3011453738251471,2.0293755159019196e-07,1.9462556544406446,6.024508738283602e-06
star,mixed,0.05777218400569605,32,1.1284483032444299e-08,0.003639772658713655,7.280467021741747e-08,6.205201333650471e-13,0.003676820471449561,7.354645037131859e-08,True,2.1156113293271614e-15,0.005411061255713752,9.064243900597235e-09,0.05777218400569605,1.0823379333345591e-07,4.847162595332527e-13,0.003499119657436939,6.999239180196735e-08,0.001,3.1285890711924483e-06,0.003702810801091515,7.406794657916487e-08,3.76327504857173e-15,0.0030116673316605553,2.0294003122130286e-09,0.019462794351359013,6.02493606659786e-08
star,mixed,0.0005725310167329096,32,1.1517952758037875e-10,3.7150775474264686e-05,7.431095866046983e-10,6.373533562451267e-15,3.776563797480753e-05,7.55415891662927e-10,True,2.2278246102640694e-17,5.698067281413088e-05,8.98280178539268e-11,0.0005725310167329096,1.1397457798980247e-09,5.03052717105422e-15,3.6314887588582166e-05,7.264015221315566e-10,0.0001,3.1500980531353e-08,3.7282676473823145e-05,7.457716210388321e-10,3.860975878964902e-17,3.089855183987846e-05,2.0321648281241417e-11,0.00019489307210520044,6.181353349197437e-10
star,mixed,7.536693879735977e-05,32,1.0270166448498312e-10,3.312608202520417e-05,6.626055258456484e-10,6.432632017838831e-15,3.8115819061217e-05,7.624204695685824e-10,True,2.9466889805735243e-17,7.536693879735977e-05,2.8186845218991508e-12,1.796526689252433e-05,1.5075137938630631e-09,6.8816039212139565e-15,4.9677631047776865e-05,9.936945757573026e-10,1e-05,2.9478952077664266e-08,3.488952463002846e-05,6.97901002021332e-10,4.518200363031103e-17,3.6158176717490476e-05,1.8337222473970016e-13,1.7586160199059515e-06,7.233557997221892e-10
star,mixed,0.0006143373464636258,32,1.0537607858791825e-09,0.00033988705444210965,6.798601786488994e-09,6.151638332524256e-14,0.0003645082339014391,7.291160092933431e-09,True,2.4019299677964315e-16,0.0006143373464636258,6.908560399102037e-11,0.0004403264375587797,1.2288173547387504e-08,6.611079706299259e-14,0.0004772474298588499,9.54631234122215e-09,1e-06,2.576613409574774e-07,0.0003049525532769356,6.10001697355558e-09,2.7572218747198294e-16,0.00022065448139644612,8.798235577589519e-13,8.437874413979104e-06,4.414262923172949e-09
star,tangential_phase,73.85962658619319,32,7.260481943511225e-05,6.90155515098811,0.0001380362530896942,7.282143532231416e-09,11.791590332990037,0.00023584060599565317,False,1.5917157767014134e-12,73.85962658619319,2.0894235880982315e-06,19.049412514728072,0.0014803104620491948,6.313066716737106e-09,10.777494497469126,0.00021555717304639813,0.01,0.05132200862889224,12.967674204000357,0.00025936225180351534,1.5917157766929657e-12,72.88979354684163,4.437575293509057e-08,0.4428467501405395,0.0014803104620413382
star,tangential_phase,0.7388914387232434,32,7.260999749442068e-07,0.06902047358852416,1.3804609761393893e-06,7.284213414343628e-11,0.11794942008852097,2.3590764151198476e-06,True,1.592351902890143e-14,0.7388914387232434,2.0927307289430458e-08,0.19079563935701793,1.4809020653153956e-05,6.314568649754234e-11,0.10780058594823064,2.1560845595687627e-06,0.001,0.0005133627256474222,0.12971278312216464,2.594343364046537e-06,1.5923522148421248e-14,0.7291894266561081,4.4445957212125534e-10,0.00443547352020498,1.4809023554336372e-05
star,tangential_phase,0.0073899320348993856,32,7.261064655497172e-09,0.0006902109056234871,1.3804733160759378e-08,7.284160415040428e-13,0.001179485619210812,2.3590592506850505e-08,True,1.5925712124243058e-16,0.0073899320348993856,2.0975906124889865e-10,0.0019123871814184406,1.4811060252199213e-07,6.314809243192598e-13,0.0010780469332592137,2.1561667092493448e-08,0.0001,5.13314468592612e-06,0.001297005898783392,2.5940994909259133e-08,1.5927716467746427e-16,0.00729381502463675,4.4554708856933906e-12,4.446326364222358e-05,1.4812924310281069e-07
star,tangential_phase,0.0010792416332614126,32,1.1568842039267808e-10,1.0996928576986433e-05,2.1994677765354826e-10,9.030664934240068e-15,1.4622878705489125e-05,2.9246848557820917e-10,True,2.3258253910195128e-17,0.0010792416332614126,1.2278140797909037e-11,0.00011194061860197858,2.163039224478139e-08,8.974015764897677e-15,1.5320193852383404e-05,3.0641422876565933e-10,1e-05,6.6685589783783e-08,1.684963284798026e-05,3.370040493588681e-10,2.3072317313654574e-17,0.001056555816506587,1.902703611122514e-13,1.8987984539637523e-06,2.1457469482334943e-08
star,tangential_phase,0.009789076413725156,32,8.243152728995173e-10,7.835646947400808e-05,1.5671878605434645e-09,4.9301780581175725e-14,7.98317690507007e-05,1.5966949508019817e-09,True,2.1096000910363848e-16,0.009789076413725156,5.378091635227511e-12,4.9032415774871964e-05,1.9619476863970956e-07,6.319678197475274e-14,0.0001078878147829856,2.1578291944850594e-09,1e-06,3.2499849160728354e-07,8.211826989137364e-05,1.6424209197563971e-09,2.1106490230197444e-16,0.00966534254749373,2.2118706368703337e-13,2.207330937465058e-06,1.9629232028879625e-07
star,translation_x,0.4379996327931438,64,1.0184732999587455e-06,0.3593140098023265,7.186983924059788e-06,1.3630437228329644e-10,0.4353968499623305,8.708844933520014e-06,True,9.936066439916037e-14,0.4202857232540702,1.350632000511609e-08,0.054325147279810054,8.407328356702394e-06,1.1999252075723913e-10,0.4379996327931438,8.760891288564293e-06,0.01,0.0,0.0,0.0,9.936066402681249e-14,0.4197765270718567,8.199666894092867e-10,0.007932368958396246,8.407328325196457e-06
star,translation_x,0.004380028692037606,64,1.0185017680571707e-08,0.0035932405400531473,7.187184812748514e-08,1.3630787313389344e-12,0.0043540803420550785,8.709068612074665e-08,True,9.936580363625018e-16,0.004203074719571132,1.3484317395312528e-10,0.0005423664833874647,8.40776320940772e-08,1.1999340691130528e-12,0.004380028692037606,8.760955988425495e-08,0.001,2.0108861538577156e-10,0.0014922485207734485,1.4922485207734486,9.936558300725598e-16,0.004197973250219444,8.204225168152723e-12,7.936778638950748e-05,8.407744541050273e-08
star,translation_x,0.01491704602605209,64,1.0235277809892928e-10,3.610972148144619e-05,7.222651500139084e-10,1.3722860262839877e-14,4.38349119194531e-05,8.767896441725642e-10,True,9.05617104765109e-18,3.830670339916083e-05,1.063359469921643e-12,4.27704658211802e-06,7.662811446811102e-10,1.2164619776494843e-14,4.440359269857944e-05,8.881629517909853e-10,0.0001,2.0101531945026763e-09,0.01491704602605209,14.917046026052091,9.072811711946974e-18,3.8330596839222895e-05,8.912353277254481e-14,8.62182273937064e-07,7.676891820533959e-10
star,translation_x,0.1492248520773446,64,5.4218390848025243e-11,1.912806891126098e-05,3.82598840272918e-10,6.103298487177754e-15,1.9495757188254112e-05,3.89955796849607e-10,True,3.859686090906964e-17,0.0001632608853744726,7.739875580725641e-12,3.113134300764791e-05,3.265844538809882e-09,1.6026671489127397e-14,5.8500948342062396e-05,1.1701389865610199e-09,1e-05,2.0108861538577122e-08,0.1492248520773446,149.22485207734462,3.865844069093352e-17,0.0001633232510692802,1.5852347646366782e-13,1.5335582775726535e-06,3.2710550660280163e-09
star,translation_x,1.4917046026052094,64,4.934730017155326e-10,0.00017409564236495683,3.4822538111020873e-09,5.706968322237742e-14,0.00018229760337877928,3.6463321994968794e-09,True,3.82947947545089e-16,0.0016198317556798613,1.9649405366695127e-10,0.0007903387748121313,3.240285436903755e-08,1.2157126876498617e-13,0.00044376241933658406,8.876158803411252e-09,1e-06,2.0101531945026768e-07,1.4917046026052094,1491.7046026052094,3.822384887984799e-16,0.0016148719803758239,4.0963796753539644e-12,3.962843295743163e-05,3.2342824047437495e-08
star,translation_y,1.0615517368223564,64,8.365116328112696e-07,0.3367309095799049,6.735370678307253e-06,1.310269889208394e-10,0.41762897589010967,8.353448473910409e-06,True,3.118965007137195e-13,1.0615517368223564,9.760205032204039e-09,0.055935422396223455,2.123431357451885e-05,1.0850618922664696e-10,0.4159283802153267,8.319463713928043e-06,0.01,0.0,0.0,0.0,3.1189650113641137e-13,1.0605167341375297,1.8319179981014615e-10,0.0018048600139399164,2.1234313603296252e-05
star,translation_y,0.010615821656656973,64,8.36527200752274e-09,0.003367371765597619,6.735496027255491e-08,1.3102944923931617e-12,0.0041763681774953185,8.353605328187488e-08,True,3.119054484424516e-15,0.010615821656656973,9.746871495672216e-11,0.000558590083254655,2.1234922747360616e-07,1.0850786421533381e-12,0.004159348013951263,8.319592139851954e-08,0.001,1.973020983128898e-10,0.0014641493442484556,1.4641493442484557,3.1190540812059535e-15,0.01060546918139213,1.8290998327497726e-12,1.8020834737447736e-05,2.1234920002196955e-07
star,translation_y,0.014671161610366917,64,8.275863124932516e-11,3.3313809520730436e-05,6.663506356991782e-10,1.3103219020915648e-14,4.1764555417797816e-05,8.353780075012689e-10,True,3.160459480778745e-17,0.00010756745125545074,4.007991855070614e-13,2.296967293558709e-06,2.1516813270058242e-09,1.0960193361966619e-14,4.201286130602878e-05,8.403477407362821e-10,0.0001,1.97701893033236e-09,0.014671161610366917,14.67116161036692,3.1658629603511076e-17,0.00010764629551868638,7.258177891177053e-15,7.150972403472539e-08,2.155360085163434e-09
star,translation_y,0.1464149344248453,64,4.5389713830064365e-11,1.827125772767043e-05,3.6546598473514264e-10,5.590973234339258e-15,1.782039292116246e-05,3.564449371593329e-10,True,2.3568120593600525e-17,8.021500284857491e-05,2.401693861148191e-12,1.3764030586087435e-05,1.6045478609134495e-09,9.80692188157865e-15,3.7592114960788544e-05,7.519232895434137e-10,1e-05,1.9730209831288946e-08,0.1464149344248453,146.4149344248453,2.350158198842253e-17,7.991054158499769e-05,3.375336848129157e-14,3.325482099679057e-07,1.6000178273801222e-09
star,translation_y,1.4671161610366925,64,5.168814352632458e-10,0.00020806639040967244,4.161792767344446e-09,6.235930368932154e-14,0.00019876097549678773,3.9756330701638286e-09,True,2.3975861468804257e-16,0.0008160276456213779,9.849995385308175e-11,0.0005645000803365772,1.63230738236179e-08,1.060140447651338e-13,0.000406375436288586,8.128384241271254e-09,1e-06,1.9770189303323613e-07,1.4671161610366925,1467.1161610366928,2.3845956264925097e-16,0.0008108148976942264,2.077220353732291e-12,2.0465391794168595e-05,1.6234632695621283e-08
star,scale,31.26647291687843,64,1.787534310978694e-06,0.5659663839650378,1.132032444824467e-05,1.6612448525742413e-10,0.48791167442357614,9.759168957222275e-06,False,1.967170259874278e-13,0.5367851395937406,5.117047668889464e-06,31.26647291687843,1.0737035335274754e-05,1.2736771609692292e-10,0.5339142901167829,1.0679543330614042e-05,0.01,0.004861839832526318,1.6768818106012118,3.353919823747006e-05,1.9671702619339034e-13,0.5363656125849641,1.0281422042335005e-07,1.014675514606404,1.073703534651642e-05
star,scale,0.312665393850888,64,1.7875389889399392e-08,0.005659679554725665,1.1320354073432129e-07,1.6612388405048566e-12,0.004879099092725199,9.75913363864728e-08,True,1.9671515382452252e-15,0.005367801707448274,5.1170585470272645e-08,0.312665393850888,1.0736933150529095e-07,1.2736786524802372e-12,0.005339148967635359,1.067955583665319e-07,0.001,4.8618968857599936e-05,0.01676901632104731,3.3539591816810445e-07,1.967152492497416e-15,0.005363607432356203,1.0281443211179134e-09,0.010146776037636938,1.07369383589443e-07
star,scale,0.0031291303803208425,64,1.788808576025657e-10,5.6636993930517044e-05,1.13283942758704e-09,1.6636581275117136e-14,4.8862045984257886e-05,9.773346011145738e-10,True,2.0636557001359584e-17,5.6311344925941416e-05,5.121111473251061e-10,0.0031291303803208425,1.1263663661536363e-09,1.2677135877360308e-14,5.314143921905012e-05,1.0629539891201837e-09,0.0001,4.861167625040457e-07,0.00016766501194216395,3.3534561042313164e-09,2.0631027801255307e-17,5.625223970840393e-05,1.02914286250963e-11,0.00010156630661796162,1.1260645762267226e-09
star,scale,6.738842182620236e-05,64,6.338196728581057e-11,2.0067905254449336e-05,4.0139337714338134e-10,6.677879694244896e-15,1.9613095942351442e-05,3.922995223199783e-10,True,2.4696000538727243e-17,6.738842182620236e-05,9.635482516034966e-12,5.8875268049641986e-05,1.3479353355068783e-09,1.1068800379956405e-14,4.6399438177816135e-05,9.280980840208174e-10,1e-05,3.7589027208077904e-08,1.2964713803873104e-05,2.593063281622526e-10,2.4670849220749843e-17,6.726715396423118e-05,1.8878195989953384e-13,1.8630927854213608e-06,1.3465625484362293e-09
star,scale,0.0008033463038119991,64,6.105240250037768e-10,0.00019330321881694167,3.866404132241226e-09,7.174202441039689e-14,0.00021070807985265635,4.2145655799582894e-09,True,2.9440429392644425e-16,0.0008033463038119991,9.860584180773624e-11,0.0006025069692181877,1.606891569694058e-08,1.278377931890648e-13,0.0005358847913092617,1.0718958410259797e-08,1e-06,3.812323435658176e-07,0.00013148965521702773,2.6299153377797e-09,2.9368029525735085e-16,0.0008007441276009122,2.0706784269013123e-12,2.0435565136311595e-05,1.6029399039682636e-08
star,shape_mode4,0.45479687003112274,64,2.241086825933416e-07,0.1324066120761048,2.648566488596053e-06,5.036417685431414e-11,0.2833633005284707,5.668306888224908e-06,False,1.961173557292741e-14,0.19361924715001905,3.769829082364215e-08,0.29966066562199817,3.8741202156945866e-06,5.184012496058657e-11,0.3241936466499146,6.4850125251136635e-06,0.01,0.0004700786458439175,0.45479687003112274,9.097123439299988e-06,1.961173553139667e-14,0.19307261817612328,6.94540337246955e-10,0.006913551605587774,3.874120207490566e-06
star,shape_mode4,0.00454798399401811,64,2.241066622384886e-09,0.0013240541625324069,2.6485426115909466e-08,5.036427630780237e-13,0.0028336386243937293,5.6683180813571615e-08,True,1.961884567786537e-16,0.0019368943124548968,3.7711389132971673e-10,0.002997647830237809,3.87552475233916e-08,5.183962221342275e-13,0.0032419050315030487,6.484949633258043e-08,0.001,4.7008022639486034e-06,0.00454798399401811,9.097154026664797e-08,1.9618750017563536e-16,0.0019314167350505597,6.948325534459742e-12,6.916460366481225e-05,3.87550585551548e-08
star,shape_mode4,4.560999163375896e-05,64,2.2996482153279414e-11,1.3586650018967663e-05,2.717775647153024e-10,5.06430774028818e-15,2.849324775944188e-05,5.699696141446473e-10,True,3.0927451253045895e-18,3.053350082948322e-05,3.0612686864606165e-12,2.4333777266561527e-05,6.109437059957726e-10,5.291840088363133e-15,3.309368833873885e-05,6.619900951246706e-10,0.0001,4.714254760168363e-08,4.560999163375896e-05,9.123187759479477e-10,3.09322856499545e-18,3.0452059427196897e-05,5.508162421183696e-14,5.482901871727068e-07,6.110392051152904e-10
star,shape_mode4,0.0003169342938311558,64,4.632130307297566e-11,2.736728726482131e-05,5.474355103403288e-10,4.943469120670028e-15,2.7813375032004075e-05,5.563696622993807e-10,True,3.21011049174106e-17,0.00031692204605721845,1.306981866483481e-12,1.0389093179277531e-05,6.341281680258234e-09,1.0773612035516235e-14,6.737515741943282e-05,1.3477399802596378e-09,1e-05,2.365734088774221e-08,2.288826495088317e-05,4.57824987806079e-10,3.219323189862418e-17,0.0003169342938311558,4.1547891022801833e-14,4.1357351515113435e-07,6.359480528544927e-09
star,shape_mode4,0.002053497618658809,64,4.464394904465671e-10,0.000263762825539638,5.276121656242363e-09,4.9354314880907517e-14,0.00027768153006196237,5.554650556730098e-09,True,2.0669857822671094e-16,0.002040656746657164,5.08875472142456e-11,0.0004045009982396449,4.083142654487154e-08,9.526653108529913e-14,0.0005957702493394727,1.1917499191639769e-08,1e-06,2.498701945941893e-07,0.00024174717033239484,4.835573843062842e-09,2.0858810904238905e-16,0.002053497618658809,1.0464677830334355e-12,1.0416686596295176e-05,4.1204686193614794e-08
star,interior_epsr,15.251281998698643,64,0.0,0.0,0.0,0.0,0.0,0.0,True,2.844321042815211e-13,0.7655113205879531,2.1528395438862903e-06,15.251281998698643,1.531209154927728e-05,1.7603978644229085e-10,0.8447441274955676,1.6897161561988872e-05,0.01,0.0005612569950159439,0.58012227498008,1.1604058540545444e-05,2.8443210445145654e-13,0.7649207058055262,4.895798140328066e-08,0.4858707110920845,1.5312091558425567e-05
star,interior_epsr,0.15251290299682393,64,0.0,0.0,0.0,0.0,0.0,0.0,True,2.844324747044576e-15,0.007655121004781371,2.1528407156360535e-08,0.15251290299682393,1.5312111490591323e-07,1.7604258666839418e-12,0.008447575936957169,1.689743034141558e-07,0.001,5.612597319045317e-06,0.005801249585139765,1.1604115126059162e-07,2.844324910874999e-15,0.007649217557846198,4.895801912407015e-10,0.004858710854422168,1.5312112372554503e-07
star,interior_epsr,0.0015267051080842808,64,0.0,0.0,0.0,0.0,0.0,0.0,True,2.748531463699798e-17,7.397305939264684e-05,2.1550654750318587e-10,0.0015267051080842808,1.479641881655713e-09,1.754755645218759e-14,8.420366852721183e-05,1.6843004776532918e-09,0.0001,5.597100683990947e-08,5.7852319281299974e-05,1.1572075639344656e-09,2.7494671581425138e-17,7.39411746133266e-05,4.9005078017446205e-12,4.863381091497403e-05,1.4801456025350844e-09
star,interior_epsr,9.949131516972158e-05,64,0.0,0.0,0.0,0.0,0.0,0.0,True,3.2550167746507823e-17,8.760443593021446e-05,1.404398906196258e-11,9.949131516972158e-05,1.7523027146947873e-09,1.0620906932815374e-14,5.096546231788538e-05,1.019446705801705e-09,1e-05,2.403510906263755e-09,2.4842983510324898e-06,4.969288847496991e-11,3.26023134818662e-17,8.767711035020466e-05,2.788615014901949e-13,2.767488204000343e-06,1.7551099233807717e-09
star,interior_epsr,0.0006346662385800159,64,0.0,0.0,0.0,0.0,0.0,0.0,True,2.3351653481304123e-16,0.0006284786138799578,6.527254171190267e-11,0.00046240786650685365,1.2571107499835004e-08,1.1275955244933287e-13,0.0005410877581253048,1.0823214535189942e-08,1e-06,2.762020347661308e-08,2.85485810595556e-05,5.710511599686881e-10,2.359976005552088e-16,0.0006346662385800159,1.3124111037298922e-12,1.3024681531736122e-05,1.270467296312829e-08
star,exterior_epsr,214.39871573514873,64,3.145687103370693e-05,3.3403812651758154,6.680959510453103e-05,3.6985835597453673e-09,3.3366666497303727,6.673529868564282e-05,True,2.7136404788164795e-11,10.266118286247945,4.157601322794975e-05,214.39871573514873,0.00020532589533492454,2.213670250360744e-09,2.5880629903455525,5.176296052459289e-05,0.01,0.0003206211489991461,0.2940730455090789,5.882189872554986e-06,5.147178466569559e-11,7.685911006366046,2.1537017272658964e-05,191.09935665137965,0.0001537258430601668
star,exterior_epsr,2.1438286670877904,64,3.145749507897118e-07,0.033404475687259856,6.681092048146972e-07,3.698656303806094e-11,0.03336732312159282,6.673661124125818e-07,True,2.713813557227024e-13,0.10266773289154599,4.15729397984857e-07,2.1438286670877904,2.053389912036977e-06,2.213699490268229e-11,0.02588097185333568,5.176364425071544e-07,0.001,3.206176887472315e-06,0.0029406995900473428,5.8821263899717816e-08,5.147472322099016e-13,0.07686349739446803,2.1539676084555634e-07,1.9112294846246836,1.537346193614544e-06
star,exterior_epsr,0.02143965687622859,64,3.15292901911831e-09,0.0003348071440972676,6.696340234694906e-09,3.707443845107137e-13,0.00033446599713321735,6.6895169019922485e-09,True,2.716124672166109e-15,0.001027551661390279,4.157559688883206e-09,0.02143965687622859,2.05513860257942e-08,2.2212174742822e-13,0.00025968866689677267,5.193943967899853e-09,0.0001,3.282421169467005e-08,3.010630795741093e-05,6.022005915944845e-10,5.151206997505364e-15,0.0007691926455237739,2.1539674840845638e-09,0.019112293742694856,1.5384615933022092e-08
star,exterior_epsr,0.00019583029419075926,64,4.731350749110047e-11,5.024185519561524e-06,1.0048667189653163e-10,5.593428188465745e-15,5.046095409165712e-06,1.0092487970169162e-10,True,4.492649146641053e-17,1.6996381436307332e-05,3.7975241007348615e-11,0.00019583029419075926,3.399334641640064e-10,1.0140049149710798e-14,1.1855011391474414e-05,2.371080172254094e-10,1e-05,3.8915671043857426e-09,3.5693383627700464e-06,7.139559159226553e-11,7.415519898407918e-17,1.1073061849201335e-05,2.1706348307323764e-11,0.0001926018419480152,2.214722212404551e-10
star,exterior_epsr,0.0004517754124980855,64,8.228931729723985e-10,8.738240268103192e-05,1.747699561143865e-09,9.513512991622637e-14,8.582588819426659e-05,1.7165683045684373e-09,True,3.3712585814351237e-16,0.00012753988771763145,8.760789663164736e-11,0.0004517754124980855,2.550841543094212e-09,1.0365227618240495e-13,0.00012118273755451736,2.4237343748192304e-09,1e-06,9.89100672681779e-08,9.072013618149714e-05,1.8146270069668988e-09,6.915942331070871e-16,0.0001032707864397965,2.8651167809784495e-12,2.5422367760791433e-05,2.0655181713719142e-09
star,mixed,5.470084209455073,64,7.97877522873073e-07,0.36395151074364995,7.279951879943684e-06,8.78665235783607e-11,0.3680626555050305,7.3622597258876e-06,True,2.113438269776831e-13,0.5409804186748011,8.881175756463716e-07,5.470084209455073,1.0820867826335162e-05,6.9359017756793e-11,0.3547882419461759,7.096784735275433e-06,0.01,0.0003131974810032567,0.369061148271139,7.382397481740774e-06,3.762868048872744e-13,0.3010346226014863,2.0157075339866538e-07,1.946662230591863,6.022292659491991e-06
star,mixed,0.05470165089806147,64,7.979209028995123e-09,0.0036397129986252452,7.280347685685763e-08,8.78708893783946e-13,0.0036808094872361483,7.362625532482101e-08,True,2.1135099321932316e-15,0.005409988799001818,8.881307073018568e-09,0.05470165089806147,1.0821234740073346e-07,6.936178110381392e-13,0.003548023700145305,7.097067479748907e-08,0.001,3.1319323396180703e-06,0.003690562452182301,7.382297374460211e-08,3.763143621598629e-15,0.0030105666740994747,2.015730858162361e-09,0.01946684755829847,6.022733700629415e-08
star,mixed,0.0005493689765638373,64,8.164859509477297e-11,3.7243973921849725e-05,7.449737914844237e-10,9.011530219312014e-15,3.774825338514875e-05,7.550682933653591e-10,True,2.0406413776387197e-17,5.2234659833777476e-05,8.919501508913852e-11,0.0005493689765638373,1.0448145538081311e-09,7.028350262406458e-15,3.595171989064626e-05,7.191377627537139e-10,0.0001,3.121288878477831e-08,3.678020661239437e-05,7.357209605405678e-10,3.9198199014204985e-17,3.135909852203216e-05,2.0148447905758704e-11,0.0001945829039276086,6.273486689475362e-10
star,mixed,8.263865221026921e-05,64,7.403797665860259e-11,3.377239337428686e-05,6.755333894131568e-10,8.90233034899499e-15,3.729082781759098e-05,7.459185310376144e-10,True,3.140306830881803e-17,8.038299195523634e-05,1.3417131555087947e-11,8.263865221026921e-05,1.6078465899407438e-09,1.173212738501998e-14,6.001268315247825e-05,1.200426206009271e-09,1e-05,3.055178781876926e-08,3.600118781690769e-05,7.201381081785118e-10,4.748448794066194e-17,3.798824366882021e-05,4.2881786988489823e-13,4.141293005224806e-06,7.599668110882922e-10
star,mixed,0.000989311013885371,64,7.245228147574404e-10,0.0003304907915237932,6.610652733219792e-09,8.760088939462263e-14,0.0003669499507507424,7.340002468252846e-09,True,3.8649222410430907e-16,0.000989311013885371,2.919227273107117e-11,0.00017980073188859056,1.97885187031304e-08,1.2853993893241905e-13,0.0006575130301844428,1.315215102508405e-08,1e-06,2.6812321522150797e-07,0.00031594727906537505,6.3199491340318854e-09,4.3781048272472154e-16,0.00035025440980256415,1.5010768507090627e-12,1.4496595171779819e-05,7.006950076688441e-09
star,tangential_phase,12.972490377132898,64,5.141364835048486e-05,6.911317814167554,0.00013823151347004776,1.0039084421818047e-08,11.6061790604662,0.00023213233978281562,False,3.815275986469652e-16,8.348717886232789,4.4489763909958145e-12,4.4489763476665285e-05,0.023618463640145422,8.380467922835106e-09,10.33642967606914,0.00020673575848134058,0.01,0.05137857207249131,12.972490377132898,0.00025945863540969834,3.81527770800079e-16,1.1475683583753555,3.319630023805251e-14,3.319630021005379e-07,0.023618474297282872
star,tangential_phase,0.12976095318054764,64,5.141731745223177e-07,0.06911811035891337,1.382413782725627e-06,1.0041930939508722e-10,0.11609469917702077,2.3219815941177832e-06,True,3.815617399647694e-18,0.08349464977858366,6.086867526264516e-14,6.086867466983548e-07,0.00023620577158213433,8.382470962823302e-11,0.1033890021638663,2.067851709956585e-06,0.001,0.0005139284972555456,0.12976095318054764,2.595307366813222e-06,3.814515364715132e-18,0.011473390588481196,1.0352953382942864e-16,1.0352953374210883e-09,0.00023613755011643386
star,tangential_phase,0.04952808642908437,64,5.1410611408907835e-09,0.0006910909571043494,1.3822334830293783e-08,1.0041579576517475e-12,0.0011609063707173255,2.3219003489465663e-08,True,2.2633812927584263e-18,0.04952808642908437,3.859124865737994e-13,3.859124828153365e-06,0.00014011460496273447,8.381697534431483e-13,0.001033794627347592,2.0676609147567395e-08,0.0001,5.138802076012266e-06,0.0012974876060588664,2.595063507022873e-08,2.2444430649594353e-18,0.006750889556209449,5.433060837953486e-15,5.433060833371086e-08,0.00013894223408769026
star,tangential_phase,0.7139796502951993,64,8.341285532263783e-11,1.1212834945927175e-05,2.242650658732647e-10,1.2424661014596509e-14,1.4364142629092895e-05,2.8729369244653746e-10,True,3.2628116699119067e-17,0.7139796502951993,6.988830690672595e-12,6.988830622607266e-05,0.002019843362937527,1.4901542371405826e-14,1.8379492196506078e-05,3.67602584134971e-10,1e-05,6.445649184197476e-08,1.6274512631141285e-05,3.2550132753824116e-10,3.2643459194859075e-17,0.09818577766458336,1.5392771785847058e-13,1.539277177286435e-06,0.0020207931400416466
star,tangential_phase,5.138541610137533,64,6.010630275394027e-10,8.079834329888362e-05,1.6160271572495221e-09,6.545084334443687e-14,7.566767800662112e-05,1.5134106625583297e-09,True,2.348259299121008e-16,5.138541610137533,2.779830883421793e-12,2.7798308563485798e-05,0.014536897742289728,1.1134933390706126e-13,0.00013733774414909517,2.74685008207522e-09,1e-06,3.5242688602994226e-07,8.898367944550493e-05,1.7797341429030537e-09,2.3456773286812273e-16,0.7055384396975887,3.449607229561423e-14,3.4496072266519246e-07,0.01452091405587539
star,translation_x,0.437996813570263,128,7.201693780237639e-07,0.35931401038382743,7.186983935690947e-06,1.9275884699204242e-10,0.435401502951743,8.708938029502538e-06,True,9.936068226467873e-14,0.4202857935596422,1.35062526371299e-08,0.054324868846505864,8.407329763067572e-06,1.696874665457942e-10,0.437996813570263,8.760834927929268e-06,0.01,0.0,0.0,0.0,9.936068227315736e-14,0.41977659890763064,8.199681410204704e-10,0.007932382939654946,8.407329763784983e-06
star,translation_x,0.004380230306737145,128,7.201892587532567e-09,0.003593239302255774,7.187182336911347e-08,1.9276334088904357e-12,0.004354116551967899,8.709141065944728e-08,True,9.936028806878967e-16,0.004202841363912561,1.3502251573760393e-10,0.0005430877576364752,8.407296408477454e-08,1.6969762282274596e-12,0.004380230306737145,8.761359288789078e-08,0.001,2.1759408396905954e-10,0.0016001212726214516,1.6001212726214518,9.93604822351743e-16,0.004197757701518127,8.200546822547186e-12,7.933220140731165e-05,8.407312837720766e-08
star,translation_x,0.015888448219677054,128,7.236678215271726e-11,3.610594891590771e-05,7.221896913146218e-10,1.9314081536827958e-14,4.3626429043148426e-05,8.726195545667367e-10,True,1.2166379786431822e-17,5.1462576582435804e-05,1.5886701676404158e-12,6.389951440724854e-06,1.0294491196706827e-09,1.8156853148011918e-14,4.68664187174413e-05,9.374245280364105e-10,0.0001,2.160606446026768e-09,0.015888448219677054,15.888448219677056,1.2155232815374731e-17,5.1353134783056895e-05,7.725013662605862e-14,7.473188715551123e-07,1.028505927057666e-09
star,translation_x,0.16001212726214395,128,4.208478289789159e-11,2.0997355088602066e-05,4.1998822478981797e-10,8.871723097221553e-15,2.003934784403553e-05,4.008287446946518e-10,True,5.675579025808095e-17,0.00024007134863743447,1.0365743853546494e-11,4.169310988544124e-05,4.802348713670312e-09,3.450941171363786e-14,8.907559729344331e-05,1.7816946981263269e-09,1e-05,2.175940839690579e-08,0.16001212726214395,160.01212726214396,5.684028242501092e-17,0.00024013745602009584,2.2028860398141947e-13,2.1310749486533923e-06,4.8094979551367115e-09
star,translation_x,1.5888448219677072,128,3.503738245116216e-10,0.00017481196528653173,3.496581672441689e-09,8.119703280712443e-14,0.00018340693983569562,3.668521253013739e-09,True,5.894492854868724e-16,0.0024933118591102827,1.1033306386576403e-10,0.00044378180869082895,4.987581011663778e-08,3.692792462140408e-13,0.0009531825606786616,1.906560681379651e-08,1e-06,2.1606064460267704e-07,1.5888448219677072,1588.8448219677073,5.905042699243492e-16,0.002494748215602938,2.2476266182437643e-12,2.174357045028909e-05,4.9965076835209064e-08
star,translation_y,1.0615517642003134,128,5.915030497648624e-07,0.3367309105263789,6.735370697238846e-06,1.8531051985354322e-10,0.41764258643355895,8.353720687890041e-06,True,3.1189651367829906e-13,1.0615517642003134,9.760212661084205e-09,0.05593546719135973,2.1234314122118904e-05,1.5345796071114459e-10,0.41593297490301584,8.319555581624183e-06,0.01,0.0,0.0,0.0,3.1189651362974835e-13,1.060516759902992,1.831919670212262e-10,0.0018048616627933422,2.123431411881351e-05
star,translation_y,0.01061584450140975,128,5.915163621019023e-09,0.003367384892074877,6.735522283143341e-08,1.853147186848418e-12,0.004176520494883543,8.353909969447892e-08,True,3.119061245691827e-15,0.01061584450140975,9.743193491590363e-11,0.0005583793087428308,2.12349684438797e-07,1.5346173128372211e-12,0.004159431952510577,8.319759999094532e-08,0.001,2.0908743436987325e-10,0.0015375659368599781,1.5375659368599783,3.119063142317889e-15,0.010605499824012024,1.8282931321233348e-12,1.80128868976849e-05,2.123498135635285e-07
star,translation_y,0.015509244257407687,128,5.888494150592285e-11,3.352202493720358e-05,6.705154093208474e-10,1.857043175047849e-14,4.185301057272388e-05,8.371472921215058e-10,True,3.2831190625233346e-17,0.00011174221542788196,5.361397090175579e-13,3.0725995575188043e-06,2.235189507307006e-09,1.5985608311844288e-14,4.332744681400196e-05,8.666422793588168e-10,0.0001,2.1090400177695762e-09,0.015509244257407687,15.50924425740769,3.2817521664720034e-17,0.00011158678135712765,1.445584374860226e-14,1.4242326565640245e-07,2.234258906968325e-09
star,translation_y,0.15375659368599684,128,3.271201950084199e-11,1.8622301481793664e-05,3.7248764428359694e-10,8.37214845016083e-15,1.8868684493112913e-05,3.7741294863059986e-10,True,5.917621680820712e-17,0.00020140852157041715,3.864098711142683e-12,2.2145026362293132e-05,4.0287926320335495e-09,3.0491873990918395e-14,8.26452783557925e-05,1.6530836150809313e-09,1e-05,2.0908743436987192e-08,0.15375659368599684,153.75659368599688,5.931981776865408e-17,0.00020170040860402233,7.911833894199555e-14,7.794973715400499e-07,4.038569169342056e-09
star,translation_y,1.550924425740773,128,3.4513261981157866e-10,0.0001964771296731311,3.929981654472058e-09,8.480330064171073e-14,0.00019112498223226683,3.822897305192965e-09,True,7.868753229614187e-16,0.0026781603151111396,3.1034853333056223e-10,0.0017785975374505732,5.3571479801600225e-08,4.781908922390403e-13,0.0012960902110550996,2.592459647041457e-08,1e-06,2.109040017769582e-07,1.550924425740773,1550.9244257407731,7.878345293837505e-16,0.002678810428810615,6.573224318909103e-12,6.476135808272249e-05,5.363678380336524e-08
star,scale,31.266454342180857,128,1.2639776318703392e-06,0.5659663835054985,1.1320324439053075e-05,2.3493130643695625e-10,0.48790625964854817,9.759060652400765e-06,False,1.9671705157068288e-13,0.5367852100336178,5.1170473489787e-06,31.266454342180857,1.0737036744252017e-05,1.8011995980229972e-10,0.5339075739115838,1.0679409004504158e-05,0.01,0.004861839777339419,1.6767618098699508,3.353681221694529e-05,1.96717051206969e-13,0.5363656814161117,1.0281421363742352e-07,1.014675429294209,1.0737036724400106e-05
star,scale,0.31266548723775717,128,1.2639808081248205e-08,0.005659678961032758,1.1320352885941946e-07,2.3493057091545255e-12,0.004879047327224933,9.759030098793098e-08,True,1.9672588737483082e-15,0.00536809460206629,5.117062795408425e-08,0.31266548723775717,1.0737519012327123e-07,1.8011729669207848e-12,0.005338996614016089,1.0679251107271069e-07,0.001,4.8618959914953156e-05,0.016767813398487534,3.353719998035926e-07,1.9672603930307258e-15,0.005363901638569808,1.0281452652140602e-09,0.010146785171521816,1.0737527304740521e-07
star,scale,0.0031319868619026983,128,1.2643412768950098e-10,5.661293108785248e-05,1.1323581284392836e-09,2.3473099406799634e-14,4.874902508022246e-05,9.750739664501138e-10,True,2.0065817005254583e-17,5.475395647909096e-05,5.125789094388711e-10,0.0031319868619026983,1.0952147399964588e-09,1.782011171949688e-14,5.2821976315594106e-05,1.0565639797352167e-09,0.0001,4.859126883948654e-07,0.0001675826338240891,3.351809876681583e-09,2.005977712404796e-17,5.469467655580442e-05,1.0299672451182483e-11,0.00010164766325839322,1.09488507652332e-09
star,scale,0.0001769579896673269,128,4.2229510584162614e-11,1.89089482411248e-05,3.7821219985337987e-10,9.331496152436165e-15,1.937968787560265e-05,3.8763091352282854e-10,True,6.485022923217931e-17,0.0001769579896673269,1.019865442097867e-11,6.231635962267463e-05,3.5395980601553827e-09,3.036263265122598e-14,9.000023610772954e-05,1.8002167715996495e-09,1e-05,3.607560883626861e-08,1.2441835117967404e-05,2.488483731596753e-10,6.485545104527189e-17,0.00017683386481617087,2.1067995709545678e-13,2.0792045024376576e-06,3.5398830725556752e-09
star,scale,0.002298037217752993,128,4.3039660526041244e-10,0.00019271706019668275,3.854679929584962e-09,9.747158791628485e-14,0.00020242937677964566,4.048975646487966e-09,True,8.421673448976687e-16,0.002298037217752993,5.999259465941376e-11,0.00036656993650095916,4.5966435826364495e-08,4.324595239612939e-13,0.0012818868412788622,2.5640757078477076e-08,1e-06,3.943131133672024e-07,0.00013599157159206775,2.7199589956276998e-09,8.424677540351563e-16,0.0022970594841488497,1.2661219864424159e-12,1.2495381958206935e-05,4.598283249315957e-08
star,shape_mode4,0.4547743977098484,128,1.584688047071121e-07,0.13240664183146336,2.6485670838010573e-06,6.924165461129178e-11,0.2754553519853034,5.510118809400733e-06,False,1.9611486031200905e-14,0.19361676518063048,3.770424505250558e-08,0.2997081172289652,3.8740705539017726e-06,6.902948107081887e-11,0.30520525738354215,6.105177823187363e-06,0.01,0.000470224174038666,0.4547743977098484,9.096684336100576e-06,1.9611485891909034e-14,0.1930701423031456,6.94661503338167e-10,0.006914757785284528,3.874070526385933e-06
star,shape_mode4,0.004547761868767516,128,1.5846848962246958e-09,0.0013240637639804038,2.648561817636437e-08,6.924177972218143e-13,0.002754558519783191,5.510128765486707e-08,True,1.9610775273746082e-16,0.0019360973686522083,3.7694824345235745e-10,0.00299633232758135,3.87393015023617e-08,6.902368155940052e-13,0.003051796160527641,6.104664896710916e-08,0.001,4.702260237804691e-06,0.004547761868767516,9.096720120133416e-08,1.9610736906846926e-16,0.0019306276820561373,6.944767887661057e-12,6.912919110593217e-05,3.873922571204474e-08
star,shape_mode4,6.690874477675165e-05,128,1.6414590910334725e-11,1.3715007343243265e-05,2.743451322140339e-10,6.98006636173645e-15,2.7767918962266536e-05,5.554603679906461e-10,True,6.777202358931648e-18,6.690874477675165e-05,3.1292663772719553e-12,2.4874295531817252e-05,1.3387746372100386e-09,7.83644710127324e-15,3.464787539499186e-05,6.930792802308798e-10,0.0001,4.721673133039178e-08,4.566536930193341e-05,9.134275182111875e-10,6.783828438926269e-18,6.678508325990837e-05,5.648589641816734e-14,5.622685151535703e-07,1.3400835589997555e-09
star,shape_mode4,0.0004996410998015675,128,3.19655832966126e-11,2.6708445672824484e-05,5.342565174917946e-10,7.177351619101662e-15,2.8552754058604956e-05,5.711599524897179e-10,True,5.060876352545194e-17,0.0004996410998015675,1.7272141616259118e-11,0.00013729491300282836,9.997300573317422e-09,2.843354748383384e-14,0.0001257153908578626,2.514749652467407e-09,1e-05,2.5599430247430465e-08,2.4758330431390995e-05,4.9523174052245e-10,5.05532875756851e-17,0.0004976843901806673,3.6801614747695825e-13,3.66328421633855e-06,9.98634180440519e-09
star,shape_mode4,0.004255899531140846,128,3.225029082619678e-10,0.00026946329508745263,5.39014974481236e-09,8.054690651228352e-14,0.0003204296144172418,6.409769193181558e-09,True,4.310810560977341e-16,0.004255899531140846,2.089086945968044e-10,0.0016605989973590086,8.515613876052846e-08,2.3417847913332064e-13,0.0010353909954968355,2.0711458862130684e-08,1e-06,2.911370328920115e-07,0.00028157137840513784,5.632168299688024e-09,4.3122526672084413e-16,0.004245304196618278,4.454481237808807e-12,4.434052940968546e-05,8.518462625646131e-08
star,interior_epsr,15.251281155147604,128,0.0,0.0,0.0,0.0,0.0,0.0,True,2.844321041737134e-13,0.7655113176433989,2.1528394160150524e-06,15.251281155147604,1.5312091490377135e-05,2.4896425907954313e-10,0.8447968724083603,1.689821667409445e-05,0.01,0.0005612569905486001,0.5790568850163627,1.1582759535378455e-05,2.844321040562252e-13,0.7649207020924451,4.8957978706409074e-08,0.4858706843700545,1.5312091484052286e-05
star,interior_epsr,0.15251086606135483,128,0.0,0.0,0.0,0.0,0.0,0.0,True,2.844212696848436e-15,0.007654819410067919,2.1528119538774537e-08,0.15251086606135483,1.5311508227509156e-07,2.489539214403225e-12,0.008447618233022225,1.6897515016482653e-07,0.001,5.612597114934056e-06,0.005790595477326933,1.1582815687996458e-07,2.8442121603849362e-15,0.007648914312460248,4.89574096581148e-10,0.004858650369987478,1.5311505339516531e-07
star,interior_epsr,0.0015313916888810173,128,0.0,0.0,0.0,0.0,0.0,0.0,True,2.824330477895973e-17,7.601308852407488e-05,2.1616809470909049e-10,0.0015313916888810173,1.5204474474580236e-09,2.5150190318165043e-14,8.534077543078731e-05,1.707045689860574e-09,0.0001,5.5980032042119924e-08,5.775538590408518e-05,1.1552697976961943e-09,2.824537838144186e-17,7.596004343971473e-05,4.915091757532429e-12,4.877854558283203e-05,1.52055907758154e-09
star,interior_epsr,0.00017788960465478162,128,0.0,0.0,0.0,0.0,0.0,0.0,True,5.1084864356874524e-17,0.00013748809978153526,2.5110529974781137e-11,0.00017788960465478162,2.7500978452426725e-09,2.599606025718581e-14,8.821102000369057e-05,1.7644583223425288e-09,1e-05,2.564558699119981e-09,2.6458912503199936e-06,5.2925250333603734e-11,5.105003173247836e-17,0.00013728839373843758,5.346524004773423e-13,5.306018234082284e-06,2.748222668974672e-09
star,interior_epsr,0.001057294002578482,128,0.0,0.0,0.0,0.0,0.0,0.0,True,3.7425847978983367e-16,0.0010072667872699096,1.4924544239347526e-10,0.001057294002578482,2.0147796256119712e-08,2.7705677150331443e-13,0.0009401217019920111,1.880496973018235e-08,1e-06,2.727902239412661e-08,2.814415075650829e-05,5.629619979299169e-10,3.746167293188719e-16,0.001007453419538435,3.157818326488329e-12,3.133894396678454e-05,2.0167082228007288e-08
star,exterior_epsr,214.39792379302375,128,2.224336682282519e-05,3.3403812651728635,6.680959510447198e-05,5.230428230106509e-09,3.3366165124803424,6.673429593022827e-05,False,2.7136404914086907e-11,10.266118294007304,4.157600832721802e-05,214.39792379302375,0.00020532589549010944,3.1305957396512408e-09,2.5880632508958894,5.17629657306042e-05,0.01,0.0003206211449658022,0.29365136885007326,5.873760863675433e-06,5.147178477242147e-11,7.6859110151853045,2.153701765404898e-05,191.09925822978022,0.00015372584323655486
star,exterior_epsr,2.1438202580410293,128,2.224380966121911e-07,0.03340447804760308,6.681092520229531e-07,5.230531426255325e-11,0.03336682380377459,6.67356125953331e-07,True,2.7138146126400207e-13,0.10266777242062519,4.1572925391954174e-07,2.1438202580410293,2.053390702632085e-06,3.130642612780654e-11,0.025881020107152316,5.1763740756316e-07,0.001,3.2061759796280873e-06,0.0029364820686418706,5.8736958827853896e-08,5.147474028795461e-13,0.07686352280815945,2.153967670934882e-07,1.911228521880317,1.5373467019135233e-06
star,exterior_epsr,0.021445394119599556,128,2.229475446412809e-09,0.00033480984068563275,6.696394168051719e-09,5.242740634257483e-13,0.0003344470932837911,6.689138815787687e-09,True,2.716039844490714e-15,0.0010275195657869869,4.158687121232074e-09,0.021445394119599556,2.0550744102708205e-08,3.1380044301746825e-13,0.00025941880255784774,5.188546503283486e-09,0.0001,3.280989670913446e-08,3.0050027452721095e-05,6.01075413325914e-10,5.154241229739912e-15,0.0007696457248602153,2.1539458815731174e-09,0.019112091880480412,1.5393677969195283e-08
star,exterior_epsr,0.00019390720123207763,128,3.3840945594440286e-11,5.082039195632388e-06,1.0164377951978842e-10,7.876410353375769e-15,5.0245524855321404e-06,1.0049400857172048e-10,True,7.213429907877293e-17,2.7289512646177474e-05,3.06247544684668e-11,0.0001579248234470842,5.457996223446607e-10,3.025873031040092e-14,2.501489006471879e-05,5.00314237405615e-10,1e-05,3.957958626664223e-09,3.6250271311037576e-06,7.250957351495499e-11,1.0150573098121554e-16,1.5157119818448231e-05,2.185347475897048e-11,0.00019390720123207763,3.0315743192940317e-10
star,exterior_epsr,0.0005515986879355481,128,5.787979725909595e-10,8.692056121432289e-05,1.7384624595774116e-09,1.3492770977086346e-13,8.6073646380451e-05,1.7215236146837245e-09,True,6.066410839832528e-16,0.00022950163437964849,1.0696592223080614e-10,0.0005515986879355481,4.590111483238208e-09,4.029768072569619e-13,0.00033314089615774247,6.663036814390544e-09,1e-06,9.928804742535101e-08,9.093623753234533e-05,1.8189512961161097e-09,8.486604785207515e-16,0.00012672435766606938,3.1621681184992867e-12,2.80581086736244e-05,2.534612861375687e-09
star,mixed,5.470094890601919,128,5.641846120922343e-07,0.3639515140722832,7.279951946524855e-06,1.2408729728931075e-10,0.3675225431941364,7.351455935057844e-06,False,2.1134376318856736e-13,0.5409802813972663,8.881199831012494e-07,5.470094890601919,1.0820865080528255e-05,9.805752164103219e-11,0.35468791932589416,7.094778022164471e-06,0.01,0.0003137701662497692,0.36897380628730664,7.380658619455835e-06,3.762868177251425e-13,0.301034631760032,2.015705785417374e-07,1.9466603221370944,6.022292842705918e-06
star,mixed,0.054700414102897624,128,5.642149448269477e-09,0.003639710828427935,7.280343344741658e-08,1.2409413164647135e-12,0.0036754279061234703,7.351860831260825e-08,True,2.1136591195094254e-15,0.005410370936489691,8.881113000829693e-09,0.054700414102897624,1.0821999103911517e-07,9.80545372355841e-13,0.003546771171780118,7.094562090802675e-08,0.001,3.1376787268857353e-06,0.0036897121023788107,7.380604669163459e-08,3.762914442381472e-15,0.0030103833164530918,2.0157340584832286e-09,0.019466876267446826,6.022366887862013e-08
star,mixed,0.000543401276865139,128,5.779900097261215e-11,3.728572802206881e-05,7.458089792228694e-10,1.2680114927935681e-14,3.7556045325288333e-05,7.51223599679597e-10,True,2.1405147287339602e-17,5.479113837658792e-05,8.822617202780547e-11,0.000543401276865139,1.0959500641543738e-09,9.934939388575359e-15,3.5936079593028155e-05,7.188249146621877e-10,0.0001,3.143975112494387e-08,3.6971163557710394e-05,7.395415341978324e-10,3.831728365207099e-17,3.0654353998973033e-05,2.0173393256448305e-11,0.00019482379075011936,6.1325003220909e-10
star,mixed,0.00014315317329595704,128,5.1824149688089403e-11,3.343139358464156e-05,6.687125301055246e-10,1.250332828928052e-14,3.7032437535984366e-05,7.407500120330687e-10,True,5.592537120349136e-17,0.00014315317329595704,5.55196123450119e-12,3.419555393362048e-05,2.8633960484156657e-09,3.3397144633373485e-14,0.000120802191190233,2.416391152688041e-09,1e-05,3.294159599504947e-08,3.87372384687781e-05,7.748686795989245e-10,7.358938551772286e-17,5.887252067777551e-05,3.4160039163663725e-14,3.2989930040203885e-07,1.1777633677994694e-09
star,mixed,0.0010707279837116623,128,5.031795333257118e-10,0.0003245975693504661,6.492773366330537e-09,1.2022078876939147e-13,0.0003560706995521576,7.1223876288923835e-09,True,4.1829921443789894e-16,0.0010707279837116623,1.091945752568213e-10,0.0006725495423580505,2.1417047252465665e-08,2.9416043455600466e-13,0.0010640198569433306,2.128345639530201e-08,1e-06,2.687930750491283e-07,0.000316083697078777,6.322685008338797e-09,5.011449828073133e-16,0.0004009228797765258,3.2224767288185213e-12,3.1120948465711955e-05,8.02058881935902e-09
star,tangential_phase,12.970934781393902,128,3.635493433108979e-05,6.911316869463594,0.00013823149457527694,1.4269181178350323e-08,11.662411038246251,0.0002332570198837718,False,4.1108838451224034e-20,0.0009059625493352224,4.659915630523427e-15,4.659915630523395e-08,0.9059625562225916,1.1909740273010452e-08,10.385278131425036,0.00020771276022128868,0.01,0.05138606271454276,12.970934781393902,0.0002594276006765328,4.1075003404168244e-20,0.0001236665515503836,1.0070683566111715e-16,1.0070683566111703e-09,0.12366655167882204
star,tangential_phase,0.12974539305298233,128,3.6357527618179703e-07,0.0691180987073403,1.3824135496856046e-06,1.4273267357816403e-10,0.11665750732645885,2.333238162915723e-06,True,8.091701333947247e-19,0.017832608862592914,1.6987294331683614e-14,1.6987294331683498e-07,17.832608998161163,1.1912618564625573e-10,0.10387787997992812,2.077629592921663e-06,0.001,0.0005140034250967901,0.12974539305298233,2.5949969362926453e-06,8.093978600799789e-19,0.0024368943126659203,3.854793125280129e-16,3.854793125280125e-09,2.4368943151968465
star,tangential_phase,0.19189234542378447,128,3.6355863075228445e-09,0.0006911493429953965,1.382350259168328e-08,1.4272886268429547e-12,0.0011665439262700942,2.3331758665767975e-08,True,8.707282032619678e-18,0.19189234542378447,3.725353344436532e-12,3.725353344436507e-05,191.8923468826013,1.1910855865944923e-12,0.001038625092702038,2.0773221680744343e-08,0.0001,5.1399352366825705e-06,0.0012974289372189992,2.5949469479551095e-08,8.719245570707181e-18,0.026251465428750037,7.946601069102939e-14,7.94660106910293e-07,26.251465456014454
star,tangential_phase,1.3323678124895733,128,5.699742549789836e-11,1.083559290114693e-05,2.1671994348177685e-10,1.7339030198377054e-14,1.4171443662428908e-05,2.83439565395983e-10,True,6.045734804538592e-17,1.3323678124895733,2.591277872016694e-12,2.5912778720166765e-05,1332.3678226185891,3.870439903466812e-14,3.375018595455872e-05,6.750271099039643e-10,1e-05,6.610230240064512e-08,1.6685626569635786e-05,3.3372398672102793e-10,6.054660695698552e-17,0.18229067486059003,6.421094731097944e-14,6.421094731097937e-07,182.2906750499147
star,tangential_phase,16.92868003970067,128,4.345607797567704e-10,8.261291907689686e-05,1.6523200268362427e-09,9.677722386923717e-14,7.909744433097158e-05,1.582008564486718e-09,True,7.681535770492549e-16,16.92868003970067,1.0305338181497086e-10,0.0010305338181497016,16928.68016839701,4.580830141133752e-13,0.00039944779649215206,7.989232770054817e-09,1e-06,4.0038489982588394e-07,0.00010106566155781181,2.021382616643764e-09,7.677297638520141e-16,2.311442107112139,2.1489167372750564e-12,2.148916737275054e-05,2311.4421095127723
zero_contrast,translation_x,41105.10426162474,32,1.060250704279177e-06,0.35650528417863114,7.130802970079534e-06,9.7101094992699e-11,0.43868152134913835,8.774543803194679e-06,True,4.148737527248033e-21,41105.10426162474,1.9516952992560047e-12,1.9516952992486077e-05,89.22871504650637,9.7101094992699e-11,0.4386815213491383,8.774543803194677e-06,0.01,0.0,0.0,0.0,4.168533125923603e-21,1.2673656946890185e-05,1.641537820429196e-17,1.641537820429196e-10,0.01267365695077921
zero_contrast,translation_x,365435.76679443294,32,1.06027333019508e-08,0.0035651289275258164,7.130955142530512e-08,9.710250677000456e-13,0.004386879009972794,8.774671378499661e-08,True,3.688342100242313e-20,365435.76679443294,2.627974677322766e-12,2.627974677312806e-05,793.2678895568957,9.710250677000456e-13,0.004386879009972793,8.77467137849966e-08,0.001,0.0,0.0,0.0,3.8207905179625315e-20,0.00011616409616478467,1.247850141029999e-16,1.247850141029999e-09,0.11616409620043067
zero_contrast,translation_x,4194298.750130735,32,1.049754035723178e-10,3.529758198845235e-05,7.060206765792223e-10,9.705861240414023e-15,4.3848959600126205e-05,8.770704862612082e-10,True,4.233304860272171e-19,4194298.750130735,6.052610541152468e-11,0.0006052610541129529,9104.754171632925,9.705861240414023e-15,4.38489596001262e-05,8.77070486261208e-10,0.0001,0.0,0.0,0.0,4.2779325244954106e-19,0.0013006265662189286,2.643013966290035e-15,2.643013966290035e-08,1.3006265666180377
zero_contrast,translation_x,35608929.291104786,32,5.510997216313309e-11,1.853051948028318e-05,3.706466325330484e-10,3.558584714273593e-15,1.6076907912672076e-05,3.2157163063012265e-10,True,3.594008613793084e-18,35608929.291104786,5.939503676050051e-10,0.005939503676027541,77297.91734681123,3.558584714273593e-15,1.6076907912672076e-05,3.215716306301226e-10,1e-05,0.0,0.0,0.0,3.821925955109683e-18,0.011619861703928189,2.625530965631713e-15,2.6255309656317128e-08,11.619861707493849
zero_contrast,translation_x,493047324.16712844,32,5.715451871662693e-10,0.00019217990517789385,3.8439739787305506e-09,3.996243947903105e-14,0.00018054156667829234,3.6112072239518992e-09,True,4.976325811729148e-17,493047324.16712844,2.442509604744798e-09,0.024425096047355408,1070280.1874475104,3.996243947903105e-14,0.00018054156667829234,3.611207223951899e-09,1e-06,0.0,0.0,0.0,4.948339307388055e-17,0.1504451396790885,1.600894982019194e-13,1.600894982019194e-06,150.44513972525394
zero_contrast,translation_y,51601.65342546222,32,8.701743802342891e-07,0.3348943525934832,6.698636768179443e-06,9.262023183577763e-11,0.4188287704074887,8.377448230782046e-06,True,5.213122145366337e-21,51601.65342546222,1.5159785807518623e-12,1.5159785807517035e-05,101.604073412641,9.262023183577763e-11,0.4188287704074887,8.377448230782046e-06,0.01,0.0,0.0,0.0,5.227547307095609e-21,1.5893394448933584e-05,9.913319064748863e-18,9.913319064748863e-11,0.015893394453815265
zero_contrast,translation_y,462161.3378147394,32,8.701952817275049e-09,0.003349023969677668,6.698797668700241e-08,9.262127600589134e-13,0.00418833492146844,8.377542675385545e-08,True,4.669042482941979e-20,462161.3378147394,2.1644107458805316e-12,2.1644107458803047e-05,909.99927102272,9.262127600589134e-13,0.00418833492146844,8.377542675385545e-08,0.001,0.0,0.0,0.0,4.7766753391815427e-20,0.00014522601300433796,2.880215378851976e-17,2.880215378851976e-10,0.14522601304894436
zero_contrast,translation_y,4457398.745919077,32,8.62649819037276e-11,3.319984585382831e-05,6.640712398715524e-10,9.226663753022945e-15,4.172298166458067e-05,8.345465823367201e-10,True,4.503141754521882e-19,4457398.745919077,2.142725196005167e-10,0.0021427251960049426,8776.651163269802,9.226663753022945e-15,4.172298166458067e-05,8.345465823367201e-10,0.0001,0.0,0.0,0.0,4.621526541603429e-19,0.0014050899966456445,4.472330927920832e-15,4.472330927920832e-08,1.40508999707722
zero_contrast,translation_y,30598030.245574776,32,4.45515856707202e-11,1.7146074156407965e-05,3.4295986716390225e-10,3.692993868087744e-15,1.669972154291994e-05,3.3402923241820086e-10,True,3.091203513654319e-18,30598030.245574776,2.08166764702003e-09,0.02081667647019812,60247.747890180355,3.692993868087744e-15,1.669972154291994e-05,3.3402923241820086e-10,1e-05,0.0,0.0,0.0,3.1091663346791887e-18,0.0094528473988801,1.8973534984914453e-14,1.8973534984914454e-07,9.452847401783558
zero_contrast,translation_y,435928455.3596225,32,5.384024089342709e-10,0.00020720895767464405,4.144643021542932e-09,4.169894972343723e-14,0.00018856268758826869,3.771646708955204e-09,True,4.404021219802544e-17,435928455.3596225,3.058664380427092e-08,0.30586643804267716,858346.4627341895,4.169894972343723e-14,0.00018856268758826869,3.771646708955204e-09,1e-06,0.0,0.0,0.0,4.4631970551213125e-17,0.13569528333885708,3.837059220726162e-13,3.837059220726162e-06,135.6952833805361
zero_contrast,scale,44712.73160513797,32,1.8440384458128912e-06,0.5107687243051844,1.0216199042565103e-05,1.121472403045616e-10,0.4143363750238116,8.287432958697726e-06,True,4.504376703057881e-21,44712.73160513797,2.212489721829303e-12,2.2124897218254547e-05,121.69533614677131,1.121472403045616e-10,0.4143363750238116,8.287432958697726e-06,0.01,0.0,0.0,0.0,4.566640263429778e-21,1.3884028350086645e-05,3.6049300788227855e-17,3.6049300788227854e-10,0.013884028354339077
zero_contrast,scale,484033.5450497106,32,1.8440431333204914e-08,0.005107700969985889,1.021622501193183e-07,1.1214722383899047e-12,0.004143363144251041,8.287431741928446e-08,True,4.876170812887173e-20,484033.5450497106,1.2498706044981379e-11,0.00012498706044959638,1317.4014637375556,1.1214722383899047e-12,0.004143363144251041,8.287431741928446e-08,0.001,0.0,0.0,0.0,4.92392461140906e-20,0.0001497028558302685,3.205214817101789e-17,3.2052148171017893e-10,0.14970285587611984
zero_contrast,scale,4524176.545790556,32,1.829778758338428e-10,5.068191034122725e-05,1.0137198625922667e-09,1.1133291361218588e-14,4.1132778435173944e-05,8.227256017640467e-10,True,4.55767124905473e-19,4524176.545790556,3.180875935730557e-10,0.0031808759357250245,12313.520188568104,1.1133291361218588e-14,4.1132778435173944e-05,8.227256017640467e-10,0.0001,0.0,0.0,0.0,4.679706360491446e-19,0.0014227784986581334,5.1670360820758776e-15,5.167036082075878e-08,1.4227784990939052
zero_contrast,scale,60625802.604779035,32,4.902931782380366e-11,1.3580327579658485e-05,2.7162843103759624e-10,4.0463128025655275e-15,1.4949405579021838e-05,2.990135645791557e-10,True,6.1074642147295476e-18,60625802.604779035,2.858832985427726e-09,0.028588329854227535,165006.16169853642,4.0463128025655275e-15,1.4949405579021838e-05,2.990135645791557e-10,1e-05,0.0,0.0,0.0,6.104067590825255e-18,0.018558292879021766,5.217736465468954e-14,5.217736465468954e-07,18.558292884705843
zero_contrast,scale,482298073.58943635,32,4.944637316945941e-10,0.00013695845163054713,2.7393896877755464e-09,3.819276510847607e-14,0.0001411060300205249,2.8223608488644246e-09,True,4.8586880508989356e-17,482298073.58943635,2.2315491491983595e-08,0.2231549149194478,1312678.1230021142,3.819276510847607e-14,0.0001411060300205249,2.8223608488644246e-09,1e-06,0.0,0.0,0.0,5.029640576567312e-17,0.15291695497678542,2.7105067822520076e-13,2.710506782252008e-06,152.91695502362117
zero_contrast,shape_mode4,45894.32958546183,32,3.1105918597250377e-07,0.14294054452834418,2.859192979248422e-06,4.3247458331474044e-11,0.3150869963331589,6.302797549973193e-06,True,6.0746788100083336e-21,45894.32958546183,9.747571215121933e-13,9.747571212260567e-06,3.7541798595584566,4.3247458331474044e-11,0.3150869963331589,6.302797549973193e-06,0.01,0.0,0.0,0.0,6.048125030597093e-21,1.8388209829897582e-05,1.6900564657446302e-17,1.6900564657446228e-10,0.01838820983729742
zero_contrast,shape_mode4,407603.26143713825,32,3.1105969183475888e-09,0.0014294077709445204,2.8591976290317222e-08,4.3247506836680547e-13,0.003150873326495434,6.302804619024381e-08,True,5.3951300757039105e-20,407603.26143713825,4.244158709126179e-11,0.0004244158707880321,33.342155698068794,4.3247506836680547e-13,0.003150873326495434,6.302804619024381e-08,0.001,0.0,0.0,0.0,5.3478439683930536e-20,0.00016259134282257953,6.132964628191991e-16,6.132964628191964e-09,0.16259134288801005
zero_contrast,shape_mode4,3985438.1251420192,32,3.12613104622466e-11,1.4365461446230582e-05,2.873476284467024e-10,4.292808307230121e-15,3.1276011282661705e-05,6.256252442383098e-10,True,5.275217195785039e-19,3985438.1251420192,8.124388180191101e-11,0.0008124388177806215,326.01088502958174,4.292808307230121e-15,3.1276011282661705e-05,6.256252442383098e-10,0.0001,0.0,0.0,0.0,5.237152711132283e-19,0.0015922597908662967,8.674063469954892e-16,8.674063469954855e-09,1.5922597915070589
zero_contrast,shape_mode4,30146196.945138164,32,4.183654939085686e-11,1.922508456719954e-05,3.845530808561029e-10,3.306826466235814e-15,2.4092466844503216e-05,4.819302348320735e-10,True,3.9902194780782745e-18,30146196.945138164,9.007483834790398e-10,0.00900748383214628,2465.9742627279356,3.306826466235814e-15,2.4092466844503216e-05,4.819302348320735e-10,1e-05,0.0,0.0,0.0,4.010396045092086e-18,0.012192870287085385,2.5630770893844266e-15,2.5630770893844156e-08,12.19287029199208
zero_contrast,shape_mode4,358065188.17195994,32,4.528730198515101e-10,0.0002081080354765525,4.1627169916304225e-09,3.2890546589183804e-14,0.00023962987209805698,4.7934020739600105e-09,True,4.739433648887805e-17,358065188.17195994,5.3122703994781076e-08,0.5312270397918708,29289.92117419264,3.2890546589183804e-14,0.00023962987209805698,4.7934020739600105e-09,1e-06,0.0,0.0,0.0,4.841162532802193e-17,0.14718662729929832,8.571753643737304e-13,8.571753643737267e-06,147.18662735852962
zero_contrast,interior_epsr,8.110338361673977,32,0.0,0.0,0.0,0.0,0.0,0.0,True,1.298411274220067e-13,0.3995222232002781,0.0017302544321289304,8.110338361673977,7.990448458111998e-06,7.025228946834024e-11,0.418641337581899,8.373976948509413e-06,0.01,0.0003104612486720847,0.29212308025407224,5.8425238698829874e-06,1.29841127437641e-13,0.3991185122051707,2.3857050160044913e-08,0.23272581366485093,7.990448459074138e-06
zero_contrast,interior_epsr,0.08110278805382486,32,0.0,0.0,0.0,0.0,0.0,0.0,True,1.2984111008946147e-15,0.003995223495975051,1.7302417264275505e-05,0.08110278805382486,7.990447391463765e-08,7.025211529201256e-13,0.004186403205214272,8.373956186929057e-08,0.001,3.1045714007502043e-06,0.0029211921773652266,5.842446550808473e-08,1.2984112673642537e-15,0.0039911848776199525,2.3856851628749343e-10,0.0023272387698965473,7.99044841592119e-08
zero_contrast,interior_epsr,0.0008104066206558501,32,0.0,0.0,0.0,0.0,0.0,0.0,True,1.3126626346030646e-17,4.03907578457327e-05,1.7289163345424186e-07,0.0008104066206558501,8.078151609539672e-10,7.12382932227609e-15,4.24517068742328e-05,8.491507249274677e-10,0.0001,3.1862542109169456e-08,2.9980501897493612e-05,5.996164211289305e-10,1.3129907193667521e-17,4.0360006155645614e-05,2.38477152521982e-12,2.3263475152558647e-05,8.080170649612866e-10
zero_contrast,interior_epsr,8.196020299167533e-06,32,0.0,0.0,0.0,0.0,0.0,0.0,True,1.2622588689639413e-18,3.883982921460499e-06,1.7485337622247243e-09,8.196020299167533e-06,7.767965846807371e-11,3.6834060642846516e-16,2.194983449823785e-06,4.390569717762706e-11,1e-05,3.32077490948789e-09,3.12462508904823e-06,6.249316704798793e-11,1.5085436909320353e-18,4.637110660420709e-06,2.3099686226324412e-14,2.2533771930561167e-07,9.283607473635853e-11
zero_contrast,interior_epsr,8.788644382148246e-05,32,0.0,0.0,0.0,0.0,0.0,0.0,True,2.735833063838473e-17,8.418185177355086e-05,1.817441841467371e-08,8.51901778909349e-05,1.6836370355557174e-09,1.3815667712050539e-14,8.232913083291929e-05,1.6468087207480202e-09,1e-06,9.340355697373961e-08,8.788644382148246e-05,1.7577475884194538e-09,2.839924433085531e-17,8.729640342454186e-05,1.4054707918320641e-13,1.3710384620773403e-06,1.7476950684315126e-09
zero_contrast,exterior_epsr,77.44724323429833,32,3.410115599993046e-05,3.434914966300313,6.870031254512874e-05,2.7017607891132417e-09,3.4349149665753047,6.870031255062875e-05,True,8.160692588074733e-12,25.110518616134552,0.009126251923456508,42.77809650343649,0.0005022106231068956,1.571171895273925e-09,2.333758307370139,4.6676763575749144e-05,0.01,0.0003104612486720847,0.29212308025407224,5.8425238698829874e-06,4.599991505269543e-11,7.2937681491398285,8.328866861094237e-06,77.44724323429833,0.00014588296860972269
zero_contrast,exterior_epsr,0.7745675440457699,32,3.410186006200438e-07,0.03434985921986885,6.870173095113614e-07,2.7018162642319662e-11,0.034349855329764416,6.870172317069937e-07,True,8.16151614285233e-14,0.2511306398597482,9.126593722896814e-05,0.4277969864301853,5.022613048295014e-06,1.5711911541549255e-11,0.023337869145817657,4.6677335723353047e-07,0.001,3.1045714007502043e-06,0.0029211921773652266,5.842446550808473e-08,4.600253825143243e-13,0.07294183969856521,8.329889715719347e-08,0.7745675440457699,1.4589128775593348e-06
zero_contrast,exterior_epsr,0.007745645249126548,32,3.417634811911671e-09,0.00034424889014487205,6.88517948611252e-09,2.707955302968613e-13,0.0003442790475036114,6.8857826509554356e-09,True,8.163708453167278e-16,0.002511981087621701,9.128443316797075e-07,0.00427883683693225,5.023962200364438e-08,1.576472077985391e-13,0.00023416309958220908,4.683422271569147e-09,0.0001,3.1862542109169456e-08,2.9980501897493612e-05,5.996164211289305e-10,4.60448293338e-15,0.0007300889652126856,8.329857247219886e-10,0.007745645249126548,1.4602540862625314e-08
zero_contrast,exterior_epsr,7.759780849102028e-05,32,5.1145067872312066e-11,5.15170105126031e-06,1.0303703921288847e-10,3.856743963054296e-15,4.903316301989729e-06,9.806919870820406e-11,True,8.632401910654059e-18,2.6561985355415377e-05,9.164978109765798e-09,4.295962036986527e-05,5.312397073740906e-10,2.784690131010349e-15,4.136271625494791e-06,8.272826370422737e-11,1e-05,3.32077490948789e-09,3.12462508904823e-06,6.249316704798793e-11,5.478345990690017e-17,8.686490997269748e-06,8.345059018810552e-12,7.759780849102028e-05,1.7373888088217278e-10
zero_contrast,exterior_epsr,0.00010652676502810428,32,8.625468895531468e-10,8.688195954328447e-05,1.7376900917156787e-09,6.688411984598748e-14,8.503390381375636e-05,1.7007278944192485e-09,True,3.290112726711741e-17,0.00010123709137783627,2.2726352355562085e-08,0.00010652676502810428,2.0247418276585857e-09,5.786013823370055e-14,8.594322411611027e-05,1.718923308721576e-09,1e-06,9.340355697373961e-08,8.788644382148246e-05,1.7577475884194538e-09,5.458170041540398e-16,8.654499917900976e-05,1.5579659957964953e-14,1.4486985257363662e-07,1.7309902592742048e-09
zero_contrast,mixed,1.5424723581792754,32,8.866406654251707e-07,0.3715719578305255,7.432345026530545e-06,6.595507811683257e-11,0.38813886417674814,7.763829878869242e-06,True,1.5637425718960226e-13,0.5346276476831399,0.00017753697620825903,0.924597455495392,1.0692558300182151e-05,5.015262860758144e-11,0.35382649593471793,7.077679861615047e-06,0.01,0.00027159280513456283,0.2839446626233702,5.678960484598759e-06,3.5304544919505814e-13,0.2907271481770331,1.54632070442871e-07,1.5424723581792754,5.8161182478434855e-06
zero_contrast,mixed,0.015424801923634298,32,8.866832975409714e-09,0.0037158982768519385,7.432702394070969e-08,6.595850871834885e-13,0.00388159048873298,7.764233708374341e-08,True,1.5637301620582521e-15,0.005346236454784468,1.7754033674322045e-06,0.009246149568753343,1.0692473444198665e-07,5.015479648180776e-13,0.0035384176704907856,7.077985798116885e-08,0.001,2.715923151032654e-06,0.002839441532745589,5.678950238125649e-08,3.5306729047141398e-15,0.002907451323867482,1.5463285581585328e-09,0.015424801923634298,5.816478063969877e-08
zero_contrast,mixed,0.00015420819160130567,32,9.010520856487766e-11,3.776114769443669e-05,7.553150051159994e-10,6.6685708649086145e-15,3.9243854536293435e-05,7.849835252809916e-10,True,1.5730226295943716e-17,5.3780067105118313e-05,1.8183664352022788e-08,9.469897567558332e-05,1.0756013474807434e-09,5.125666929975973e-15,3.616154703324938e-05,7.233485186089158e-10,0.0001,2.7592560706955634e-08,2.8847452051263274e-05,5.769558654031966e-10,3.5898059684642e-17,2.9561464318372993e-05,1.54592928814024e-11,0.00015420819160130567,5.913894669087366e-10
zero_contrast,mixed,3.7017503536154885e-05,32,6.922409240303392e-11,2.901032270088288e-05,5.802771730992771e-10,5.357106207235338e-15,3.152601973784753e-05,6.306058975828108e-10,True,6.131823964303693e-18,2.0964091651118008e-05,9.632419306626616e-10,5.016481958510085e-06,4.1928183323214446e-10,5.2469932676117574e-15,3.7017503536154885e-05,7.404704322634773e-10,1e-05,4.50371281929593e-09,4.708538688643136e-06,9.417188766134808e-11,3.677273993622049e-17,3.0281749180835624e-05,1.9764805365822015e-13,1.9715616465755863e-06,6.057990670999666e-10
zero_contrast,mixed,0.00045186957357191683,32,7.799885191663362e-10,0.00032687634981873136,6.538323829752315e-09,6.346711010261688e-14,0.00037349742349256467,7.470961445414851e-09,True,5.769204464406555e-17,0.0001972433192870013,5.0212735303034606e-08,0.0002615036500350718,3.944866385938618e-09,6.404960853748871e-14,0.00045186957357191683,9.038860715300243e-09,1e-06,4.690824002219666e-08,4.9041595639573295e-05,9.808435144522467e-10,1.4014299403480886e-16,0.00011540546073392383,2.3771271375741445e-13,2.3712111537306167e-06,2.308734546137529e-09
zero_contrast,tangential_phase,62115.75141818355,32,4.95347304081468e-06,1.4323873463511538,2.865015618587764e-05,3.9245294843239403e-10,1.43238734491637,2.8650156157179556e-05,True,6.3452260484578865e-21,62115.75141818355,1.6718484358703317e-13,1.6718484358515528e-06,58.98303300535775,3.9245294843239403e-10,1.43238734491637,2.8650156157179556e-05,0.01,0.0,0.0,0.0,6.2943551237338104e-21,1.913682706362846e-05,9.302410494324198e-18,9.302410494324197e-11,0.019136827069571843
zero_contrast,tangential_phase,530286.2173814202,32,4.9535431615549776e-08,0.01432407623045968,2.865056175387909e-07,3.9245823686257535e-12,0.014324066467982807,2.8650542227283313e-07,True,5.4169600447856794e-20,530286.2173814202,2.3647099034622575e-11,0.00023647099034356962,503.5419237553401,3.9245823686257535e-12,0.014324066467982807,2.8650542227283313e-07,0.001,0.0,0.0,0.0,5.46352479358155e-20,0.00016610840519369169,3.5830988861404216e-16,3.583098886140421e-09,0.16610840524528048
zero_contrast,tangential_phase,4948585.756403923,32,4.962293489659963e-10,0.00014349379404920764,2.8701172358765767e-09,3.9352911038419625e-14,0.00014363151552870124,2.872871897112376e-09,True,5.055061675695327e-19,4948585.756403923,2.8593859138210235e-10,0.0028593859137889055,4699.010994795381,3.9352911038419625e-14,0.00014363151552870124,2.872871897112376e-09,0.0001,0.0,0.0,0.0,5.162398608904752e-19,0.0015695321835213364,2.4148759806965372e-15,2.414875980696537e-08,1.5695321840087908
zero_contrast,tangential_phase,62693681.618161894,32,5.559489769225211e-11,1.6076281695675053e-05,3.215526740323086e-10,4.364103323810188e-15,1.5928244131945986e-05,3.1859167376026714e-10,True,6.4042628407021815e-18,62693681.618161894,8.332288938801124e-11,0.0008332288938707532,59531.81866545602,4.364103323810188e-15,1.5928244131945986e-05,3.1859167376026714e-10,1e-05,0.0,0.0,0.0,6.470809637505823e-18,0.019673304502265343,1.4569798773795747e-14,1.4569798773795746e-07,19.673304508375338
zero_contrast,tangential_phase,557396461.8761021,32,4.634114917037171e-10,0.00013400391026675433,2.6803035983533777e-09,3.426209140895927e-14,0.00012505087894126325,2.5012279129490123e-09,True,5.693895262141182e-17,557396461.8761021,3.830325597497915e-09,0.03830325597454891,529284.8664667276,3.426209140895927e-14,0.00012505087894126325,2.5012279129490123e-09,1e-06,0.0,0.0,0.0,5.748234932829714e-17,0.17476449241938616,1.6932338134868194e-15,1.6932338134868193e-08,174.7644924736633
zero_contrast,translation_x,34119.780407264545,64,7.497104609758793e-07,0.3565052833332734,7.130802953170726e-06,1.3732168562749113e-10,0.43868152188434745,8.774543813899973e-06,True,3.429656452160485e-21,34119.780407264545,3.44997861901369e-13,3.4499786190027715e-06,132.39920471370692,1.3732168562749113e-10,0.43868152188434745,8.774543813899973e-06,0.01,0.0,0.0,0.0,3.5029029787311746e-21,1.0649931121969422e-05,5.3855895680755574e-18,5.385589568075558e-11,0.010649931125224114
zero_contrast,translation_x,397752.3811697,64,7.497305041555726e-09,0.003565148150407627,7.130993592053852e-08,1.373244805696891e-12,0.004386904520246461,8.774722404358293e-08,True,3.9981326222355525e-20,397752.3811697,4.076100962484505e-11,0.0004076100962471605,1543.447826065655,1.373244805696891e-12,0.004386904520246461,8.774722404358293e-08,0.001,0.0,0.0,0.0,4.0070528302858706e-20,0.00012182705859611013,5.016483326583486e-16,5.0164833265834866e-09,0.12182705863334131
zero_contrast,translation_x,3255761.9997516326,64,7.468997845408317e-11,3.5516874012131613e-05,7.104069459553262e-10,1.3781798628598668e-14,4.402669827799225e-05,8.806256298733941e-10,True,3.272631317469467e-19,3255761.9997516326,2.964453721960186e-10,0.002964453721950804,12633.737221148735,1.3781798628598668e-14,4.402669827799225e-05,8.806256298733941e-10,0.0001,0.0,0.0,0.0,3.3831337334037747e-19,0.0010285794798179748,4.4132464830787075e-15,4.413246483078708e-08,1.0285794801323158
zero_contrast,translation_x,37831497.86018198,64,3.8498171850105045e-11,1.8306802969086513e-05,3.661718647530456e-10,6.069961216913427e-15,1.9390818155696314e-05,3.8785673510417386e-10,True,3.8027513199206746e-18,37831497.86018198,2.5313243207664582e-09,0.02531324320758447,146802.24025480237,6.069961216913427e-15,1.9390818155696314e-05,3.8785673510417386e-10,1e-05,0.0,0.0,0.0,3.965253244733902e-18,0.012055621921015437,5.065277507369096e-14,5.065277507369096e-07,12.055621924699718
zero_contrast,translation_x,446208396.96693945,64,3.8152045978913985e-10,0.00018142211825649665,3.6287971996791714e-09,5.55244560531722e-14,0.00017737586650879662,3.5478866295243587e-09,True,4.485203211151433e-17,446208396.96693945,1.2434513700422855e-08,0.12434513700383502,1731477.61712906,5.55244560531722e-14,0.00017737586650879662,3.5478866295243587e-09,1e-06,0.0,0.0,0.0,4.559070836952488e-17,0.13861014903504604,3.091672305757034e-13,3.091672305757034e-06,138.61014907740625
zero_contrast,translation_y,35066.61658102177,64,6.153062078780587e-07,0.3348943541172245,6.69863679865768e-06,1.3098478782616308e-10,0.4188287698123186,8.377448218877401e-06,True,3.5241100363538485e-21,35066.61658102177,1.163358562218491e-12,1.1633585622164606e-05,141.66995950535562,1.3098478782616308e-10,0.4188287698123185,8.3774482188774e-06,0.01,0.0,0.0,0.0,3.4509285868035185e-21,1.049191255922465e-05,2.6412039170622638e-17,2.6412039170622637e-10,0.010491912562430395
zero_contrast,translation_y,291614.44057900814,64,6.153244525602774e-09,0.003349042844478234,6.69883542252678e-08,1.3098793806196507e-12,0.004188388428105767,8.377649699810771e-08,True,2.930653996076792e-20,291614.44057900814,4.727174471265243e-12,4.727174471256993e-05,1178.1290273727418,1.3098793806196507e-12,0.004188388428105766,8.377649699810769e-08,0.001,0.0,0.0,0.0,3.0121943840767916e-20,9.158022049478194e-05,1.4553577909062433e-17,1.4553577909062433e-10,0.09158022052276377
zero_contrast,translation_y,3376303.9209673144,64,6.159755745830864e-11,3.3525867239637323e-05,6.705923974351157e-10,1.3118773610915803e-14,4.1947770455714876e-05,8.390428266103624e-10,True,3.393102869997032e-19,3376303.9209673144,7.2077230434551895e-12,7.20772304344261e-05,13640.344405571772,1.3118773610915803e-14,4.194777045571486e-05,8.390428266103621e-10,0.0001,0.0,0.0,0.0,3.497359149704672e-19,0.001063307613122592,2.1160421900783577e-16,2.1160421900783577e-09,1.0633076134474797
zero_contrast,translation_y,24777143.473804235,64,3.609937495701809e-11,1.964790329666884e-05,3.930020506855443e-10,6.0120076825838406e-15,1.922361996072433e-05,3.845124604788589e-10,True,2.490042402843156e-18,24777143.473804235,5.051602028210545e-10,0.005051602028201729,100100.22466335612,6.0120076825838406e-15,1.9223619960724327e-05,3.845124604788588e-10,1e-05,0.0,0.0,0.0,2.557665391821863e-18,0.007776110392248433,6.352901122212991e-15,6.352901122212992e-08,7.7761103946243795
zero_contrast,translation_y,257592069.3987271,64,3.4977311908389785e-10,0.00019037195042081217,3.807865184323004e-09,5.5741726610425733e-14,0.0001782362606451105,3.5650966502263416e-09,True,2.5887371749369527e-17,257592069.3987271,1.6764358945223255e-08,0.16764358945193997,1040677.7511486948,5.5741726610425733e-14,0.00017823626064511044,3.565096650226341e-09,1e-06,0.0,0.0,0.0,2.700082970381804e-17,0.08209104800437989,1.6093610596051132e-13,1.6093610596051132e-06,82.09104802946234
zero_contrast,scale,37338.80920863833,64,1.3039320846196057e-06,0.5107687222747763,1.0216199001953664e-05,1.5860014813438015e-10,0.4143363747964091,8.287432954149287e-06,True,3.762174790418431e-21,37338.80920863833,4.398883124410919e-12,4.3988831244032624e-05,99.30433945802226,1.5860014813438015e-10,0.4143363747964091,8.287432954149287e-06,0.01,0.0,0.0,0.0,3.782893641331722e-21,1.1501191145317587e-05,4.748711143395797e-17,4.748711143395797e-10,0.011501191148840809
zero_contrast,scale,448887.4477166629,64,1.3039370821786764e-08,0.005107707542196279,1.0216238157411675e-07,1.5859944565483431e-12,0.004143345398320165,8.287396247045249e-08,True,4.5228894515536907e-20,448887.4477166629,9.723153748821072e-12,9.723153748804149e-05,1193.837539319224,1.5859944565483431e-12,0.004143345398320165,8.287396247045249e-08,0.001,0.0,0.0,0.0,4.6306713610946496e-20,0.00014078703105263252,2.466027278527351e-16,2.4660272785273512e-09,0.14078703109576055
zero_contrast,scale,3593871.5847562314,64,1.2986016042997962e-10,5.0868077883264916e-05,1.0174435133754148e-09,1.5724589124482316e-14,4.107984345347426e-05,8.216668120024484e-10,True,3.6211047243348563e-19,3593871.5847562314,9.824603539597541e-11,0.0009824603539580442,9558.072997411231,1.5724589124482316e-14,4.107984345347426e-05,8.216668120024484e-10,0.0001,0.0,0.0,0.0,3.6640760014141926e-19,0.0011139948002450387,2.227580511077076e-15,2.227580511077076e-08,1.1139948005862947
zero_contrast,scale,54953314.42922172,64,3.7714925132043744e-11,1.477347436979793e-05,2.954932891348758e-10,5.425321224812657e-15,1.4173428942214912e-05,2.834927106578878e-10,True,5.5369733984372836e-18,54953314.42922172,4.651825770896055e-09,0.04651825770887958,146150.96760756854,5.425321224812657e-15,1.4173428942214912e-05,2.834927106578878e-10,1e-05,0.0,0.0,0.0,5.593816986956209e-18,0.017006969927988592,6.632256362980999e-14,6.632256362980999e-07,17.00696993319843
zero_contrast,scale,372783934.6824072,64,3.4677927226322987e-10,0.0001358383895385429,2.7169866413919502e-09,5.5737662215802943e-14,0.00014561235401293427,2.9124950012222264e-09,True,3.7560873918046253e-17,372783934.6824072,9.547926714059697e-09,0.09547926714043078,991436.597628892,5.5737662215802943e-14,0.00014561235401293427,2.9124950012222264e-09,1e-06,0.0,0.0,0.0,3.848501154636729e-17,0.11700658701805436,1.524660466459758e-13,1.524660466459758e-06,117.00658705389762
zero_contrast,shape_mode4,37702.5894627181,64,2.1995209076831698e-07,0.14294056468526917,2.8591933824408023e-06,6.11611511106183e-11,0.3150870426993457,6.302798477452559e-06,True,3.792817981033943e-21,37702.5894627181,2.6160266083380256e-12,2.6160266083242632e-05,126.78677491320016,6.11611511106183e-11,0.3150870426993457,6.302798477452559e-06,0.01,0.0,0.0,0.0,3.764044036577909e-21,1.1443882394974296e-05,3.52697343712558e-17,3.5269734371255794e-10,0.011443882398474416
zero_contrast,shape_mode4,425460.98845324543,64,2.1995169098255174e-09,0.0014294030498396084,2.8591881855599253e-08,6.116127621047814e-13,0.0031508767010583415,6.302811369283268e-08,True,4.280067591869112e-20,425460.98845324543,3.2336696977553467e-11,0.0003233669697738335,1430.7461341333885,6.116127621047814e-13,0.0031508767010583415,6.302811369283268e-08,0.001,0.0,0.0,0.0,4.295512310884053e-20,0.00013059713763766934,5.637335901632138e-16,5.637335901632137e-09,0.13059713767761258
zero_contrast,shape_mode4,5708604.941199433,64,2.2104193640756133e-11,1.4364882426524307e-05,2.873360465048313e-10,6.080663731431177e-15,3.1326065709576714e-05,6.266265008493555e-10,True,5.74276366706707e-19,5708604.941199433,6.322457083337568e-10,0.006322457083304307,19196.97934562235,6.080663731431177e-15,3.1326065709576714e-05,6.266265008493555e-10,0.0001,0.0,0.0,0.0,5.858394227745782e-19,0.001781136828214983,1.1265147845774044e-14,1.1265147845774042e-07,1.781136828759745
zero_contrast,shape_mode4,35906137.62779014,64,3.382229738053854e-11,2.1980142463598023e-05,4.3966160317722467e-10,5.298862314228084e-15,2.7298419429697342e-05,5.460600515177236e-10,True,3.612098060200708e-18,35906137.62779014,3.3806554141738713e-09,0.03380655414156086,120745.64769866176,5.298862314228084e-15,2.7298419429697342e-05,5.460600515177236e-10,1e-05,0.0,0.0,0.0,3.721988431385252e-18,0.011316020075831029,3.608399390574134e-14,3.608399390574134e-07,11.316020079292041
zero_contrast,shape_mode4,514368962.2369033,64,3.4527439594896427e-10,0.00022438394194826056,4.488278627291531e-09,5.197840198339706e-14,0.00026777978637816267,5.3564948816748995e-09,True,5.174467953938501e-17,514368962.2369033,4.773956375469146e-08,0.4773956375444031,1729727.3611657056,5.197840198339706e-14,0.00026777978637816267,5.3564948816748995e-09,1e-06,0.0,0.0,0.0,5.1840955138889947e-17,0.1576128727739223,7.021899229211068e-13,7.021899229211067e-06,157.6128728221283
zero_contrast,interior_epsr,8.110338357515129,64,0.0,0.0,0.0,0.0,0.0,0.0,True,1.298411275640313e-13,0.39952222363734086,0.001730254431240752,8.110338357515129,7.990448466853258e-06,9.935174051498721e-11,0.4186413374180435,8.373976945231851e-06,0.01,0.00031046122931936997,0.2916388136000776,5.832863988247269e-06,1.2984112739572526e-13,0.39911851207637766,2.385705015939439e-08,0.23272581365850903,7.990448456495671e-06
zero_contrast,interior_epsr,0.08110277155086985,64,0.0,0.0,0.0,0.0,0.0,0.0,True,1.2984111441221092e-15,0.0039952236289869875,1.730241374353625e-05,0.08110277155086985,7.990447657487651e-08,9.935148991942787e-13,0.004186403023521601,8.373955823493816e-08,0.001,3.104573098397983e-06,0.002916351341490926,5.832790350095104e-08,1.2984106141073317e-15,0.003991182869574781,2.385685128180465e-10,0.0023272387360520896,7.990444395766312e-08
zero_contrast,interior_epsr,0.0008098715388169518,64,0.0,0.0,0.0,0.0,0.0,0.0,True,1.3116116394967963e-17,4.035841862337014e-05,1.7277747943467148e-07,0.0008098715388169518,8.071683765034819e-10,1.0067765503454406e-14,4.242284055112761e-05,8.485733191882028e-10,0.0001,3.1863563198777076e-08,2.9931762706774943e-05,5.986442517374651e-10,1.3106122617413011e-17,4.028689477490137e-05,2.3824353405886567e-12,2.3240685643147297e-05,8.065533574718377e-10
zero_contrast,interior_epsr,5.855142373351216e-06,64,0.0,0.0,0.0,0.0,0.0,0.0,True,1.7239543418903478e-18,5.304624420485599e-06,1.2491323531094167e-09,5.855142373351216e-06,1.0609248846279086e-10,5.135628583250254e-16,2.1640149698638e-06,4.3286242528306733e-11,1e-05,3.2514751604783407e-09,3.0543471344794874e-06,6.10878608379309e-11,1.68103894986603e-18,5.167343632050236e-06,2.377893888738658e-14,2.319638372526892e-07,1.0345146681704145e-10
zero_contrast,interior_epsr,0.00011140508343593394,64,0.0,0.0,0.0,0.0,0.0,0.0,True,3.4673084008699024e-17,0.0001066894196555002,1.2173464014608726e-08,5.706149937192306e-05,2.1337883932173504e-09,1.9930378859893508e-14,8.398122549337158e-05,1.6798551511768248e-09,1e-06,9.466550706272731e-08,8.892619686768704e-05,1.7785506689060165e-09,3.624227413825558e-17,0.00011140508343593394,1.9043569347322598e-13,1.857702499557639e-06,2.2303566616863145e-09
zero_contrast,exterior_epsr,77.44724323455095,64,2.411315865399154e-05,3.4349149663203113,6.870031254552871e-05,3.820866750275951e-09,3.434914966597032,6.870031255106331e-05,True,8.160692588513434e-12,25.11051861748766,0.009126251922456419,42.778096498772065,0.0005022106231339578,2.2219726031573136e-09,2.333758307413551,4.667676357661741e-05,0.01,0.00031046122931936997,0.2916388136000776,5.832863988247269e-06,4.599991505206011e-11,7.293768149038908,8.328866861121234e-06,77.44724323455095,0.00014588296860770417
zero_contrast,exterior_epsr,0.7745675446053157,64,2.4113656373783767e-07,0.03434985903876637,6.870173058892057e-07,3.820945392949229e-11,0.03434985702914178,6.870172656955366e-07,True,8.161515426567505e-14,0.2511306178196272,9.126594844488523e-05,0.42779703900354393,5.022612607492571e-06,2.2219998844190684e-11,0.02333786961984721,4.6677336671444585e-07,0.001,3.104573098397983e-06,0.002916351341490926,5.832790350095104e-08,4.600253882317978e-13,0.07294184060512865,8.329889721736669e-08,0.7745675446053157,1.458912895691549e-06
zero_contrast,exterior_epsr,0.007745629741074993,64,2.416736361478414e-09,0.0003442636494210601,6.885474680283218e-09,3.829720366257279e-13,0.00034428743061559015,6.885950318106378e-09,True,8.163785875796716e-16,0.0025120049106409394,9.128479447895188e-07,0.0042788537729080275,5.0240098464031525e-08,2.2295314396893053e-13,0.0002341697423993714,4.683555132459267e-09,0.0001,3.1863563198777076e-08,2.9931762706774943e-05,5.986442517374651e-10,4.6043997116107085e-15,0.0007300757695300458,8.329840569479968e-10,0.007745629741074993,1.4602276935208054e-08
zero_contrast,exterior_epsr,7.767524037218096e-05,64,3.557573468184775e-11,5.067756851331826e-06,1.0135810603457259e-10,5.602467357102112e-15,5.036553343919367e-06,1.0073401760536324e-10,True,8.973063959966946e-18,2.7610205822752225e-05,9.697611602632605e-09,4.545626928446323e-05,5.522041167313162e-10,4.103326189835231e-15,4.309761323623516e-06,8.619817641699394e-11,1e-05,3.2514751604783407e-09,3.0543471344794874e-06,6.10878608379309e-11,5.483379398610656e-17,8.694471992384206e-06,8.353386233596327e-12,7.767524037218096e-05,1.738985091094913e-10
zero_contrast,exterior_epsr,0.00014709084441144528,64,6.094869528127132e-10,8.682130414368357e-05,1.7364769481879594e-09,9.513555437125337e-14,8.552576283947017e-05,1.7105653630951016e-09,True,2.9654036179618914e-17,9.124576024598782e-05,3.138026727356191e-08,0.00014709084441144528,1.824915205011564e-09,8.21314699850024e-14,8.626344005277399e-05,1.7253278466361846e-09,1e-06,9.466550706272731e-08,8.892619686768704e-05,1.7785506689060165e-09,5.406058032057221e-16,8.571870872202042e-05,2.297679733108404e-13,2.136532665635493e-06,1.7144635882250627e-09
zero_contrast,mixed,1.5424723573389216,64,6.269496313838858e-07,0.3715719604299571,7.432345078525514e-06,9.32745665464427e-11,0.38813886653301954,7.76382992600106e-06,True,1.5637425710714428e-13,0.5346276474012934,0.0001775369737071486,0.9245974424702529,1.0692558294545221e-05,7.092654609371192e-11,0.3538265884205668,7.077681711632784e-06,0.01,0.00027158472686273814,0.2834654015421897,5.6694027519010514e-06,3.530454472156811e-13,0.2907271465470146,1.5463207035862511e-07,1.5424723573389216,5.816118215234284e-06
zero_contrast,mixed,0.015424798218976549,64,6.269809938752904e-09,0.0037159055157929303,7.432716873717619e-08,9.327938556580678e-13,0.0038815891564009247,7.764231043348887e-08,True,1.563737778005658e-15,0.0053462624929448395,1.7754206513842519e-06,0.009246239582108254,1.0692525520522013e-07,7.092953600668558e-13,0.003538414807770993,7.077980071746711e-08,0.001,2.715844492723953e-06,0.0028346511390808724,5.669396957129483e-08,3.53067906601293e-15,0.0029074563975958084,1.5463281867684667e-09,0.015424798218976549,5.816488214175753e-08
zero_contrast,mixed,0.00015428983281030406,64,6.427296111851832e-11,3.809242278495422e-05,7.619413144833367e-10,9.512673905362577e-15,3.958462163643117e-05,7.917997914894628e-10,True,1.5734166906009198e-17,5.3793539655981785e-05,1.763684487343653e-08,9.185118639074447e-05,1.0758707984993601e-09,7.290595644941312e-15,3.637011162178105e-05,7.275204885196779e-10,0.0001,2.757434986513796e-08,2.878061040307303e-05,5.756218209071324e-10,3.593669534339631e-17,2.9593280150693516e-05,1.5467477371136564e-11,0.00015428983281030406,5.920259559511145e-10
zero_contrast,mixed,4.254458544560211e-05,64,5.408053830390137e-11,3.205171652058974e-05,6.411124635639157e-10,8.691936118432925e-15,3.616932588285586e-05,7.234846137567249e-10,True,3.8580595137769904e-18,1.3190318853434918e-05,1.785634751172438e-09,9.299433744113463e-06,2.6380637720069176e-10,8.528304031463615e-15,4.254458544560211e-05,8.510300416290187e-10,1e-05,4.197999021553216e-09,4.381643625427682e-06,8.763433599600236e-11,3.6440138398777585e-17,3.0007857261125435e-05,1.6489544105158238e-13,1.6448506385731673e-06,6.003197446058862e-10
zero_contrast,mixed,0.0004171532477751564,64,5.256164871416248e-10,0.00031151521735794854,6.231063734379816e-09,8.32343080290875e-14,0.0003463588285379067,6.9281159427791e-09,True,4.684730117538136e-17,0.00016016622812521083,6.209659808575907e-08,0.0003233937955420056,3.2033245626654788e-09,8.362074016494876e-14,0.0004171532477751564,8.344421320004546e-09,1e-06,4.387769996009004e-08,4.57971627295486e-05,9.15958551036448e-10,1.4423914653962987e-16,0.00011877857524677583,2.047059912666004e-13,2.0419653709485605e-06,2.37621511381928e-09
zero_contrast,tangential_phase,39640.48534869584,64,3.5026343770453872e-06,1.4323873461305598,2.865015618146539e-05,5.550122826214682e-10,1.432387345832736,2.865015617550842e-05,True,4.012892307323774e-21,39640.48534869584,3.3843764014715237e-12,3.3843764014703026e-05,65.13943929865441,5.550122826214682e-10,1.432387345832736,2.865015617550842e-05,0.01,0.0,0.0,0.0,3.928798018975174e-21,1.1944786523685145e-05,3.736305969780328e-17,3.736305969780328e-10,0.011944786527361483
zero_contrast,tangential_phase,573173.9827982944,64,3.502685199548881e-08,0.014324081297759726,2.8650571889331495e-07,5.550199166407824e-12,0.014324070478699807,2.8650550249391913e-07,True,5.802364292053674e-20,573173.9827982944,2.757519325210855e-13,2.7575193252098604e-06,941.8711683368751,5.550199166407824e-12,0.014324070478699807,2.8650550249391913e-07,0.001,0.0,0.0,0.0,6.019524467837774e-20,0.000183012550900179,7.715579477097813e-17,7.715579477097814e-10,0.18301255095650618
zero_contrast,tangential_phase,4176584.9868576117,64,3.504057685197931e-10,0.00014329694019114055,2.8661798276093355e-09,5.558990063719576e-14,0.0001434675821095754,2.8695929529957553e-09,True,4.228047485145966e-19,4176584.9868576117,1.7818899162870242e-10,0.0017818899162863814,6863.19545650027,5.558990063719576e-14,0.0001434675821095754,2.8695929529957553e-09,0.0001,0.0,0.0,0.0,4.245363354901222e-19,0.0012907245102663373,2.100565912619828e-15,2.100565912619828e-08,1.2907245106635934
zero_contrast,tangential_phase,52791524.91037103,64,3.989687990432568e-11,1.631565837975164e-05,3.263406103426384e-10,6.3642200590913954e-15,1.6424912680634736e-05,3.2852588012476365e-10,True,5.344200597057407e-18,52791524.91037103,3.9079832428569155e-09,0.039079832428555054,86749.95582525765,6.3642200590913954e-15,1.6424912680634736e-05,3.2852588012476365e-10,1e-05,0.0,0.0,0.0,5.3730927828536035e-18,0.016335898652250158,6.030867004793535e-14,6.030867004793535e-07,16.335898657277983
zero_contrast,tangential_phase,427042312.88911384,64,3.3405678513930676e-10,0.00013661109336973707,2.7324516456646845e-09,5.5310193622413693e-14,0.00014274570837621923,2.85515426414541e-09,True,4.32304120970267e-17,427042312.88911384,4.996021649049556e-10,0.004996021649047755,701739.4410287825,5.5310193622413693e-14,0.00014274570837621923,2.85515426414541e-09,1e-06,0.0,0.0,0.0,4.445674739208062e-17,0.13516254960704682,8.470253675972167e-15,8.470253675972168e-08,135.16254964864686
zero_contrast,translation_x,26340.370906550266,128,5.301253490234129e-07,0.3565052820830267,7.130802928163346e-06,1.9420219033494843e-10,0.4386815221387347,8.774543818988247e-06,True,2.6428342740866155e-21,26340.370906550266,1.33128747972975e-12,1.331287479726533e-05,158.2815288781091,1.9420219033494843e-10,0.4386815221387346,8.774543818988245e-06,0.01,0.0,0.0,0.0,2.675870304912169e-21,8.135490652092336e-06,6.490036411138255e-18,6.490036411138255e-11,0.008135490654574043
zero_contrast,translation_x,329161.41617497907,128,5.301387483971291e-09,0.003565142937557793,7.130983165334624e-08,1.9420652656939327e-12,0.004386913187652999,8.774739740975944e-08,True,3.3026075713208334e-20,329161.41617497907,2.2383076326263595e-11,0.00022383076326209508,1977.958969272653,1.9420652656939327e-12,0.004386913187652998,8.774739740975942e-08,0.001,0.0,0.0,0.0,3.4398547525862654e-20,0.00010458244606567177,4.542111836004757e-16,4.542111836004757e-09,0.10458244609757433
zero_contrast,translation_x,3665852.6820599576,128,5.299793455107005e-11,3.5640709659121206e-05,7.128839010991889e-10,1.9452583051253795e-14,4.3941259163114836e-05,8.789166696901963e-10,True,3.678096772617253e-19,3665852.6820599576,1.208238006668943e-14,1.2082380066660234e-07,22028.42555206008,1.9452583051253795e-14,4.394125916311483e-05,8.789166696901962e-10,0.0001,0.0,0.0,0.0,3.7793413322904454e-19,0.0011490391004179976,2.0246102678099485e-15,2.0246102678099486e-08,1.1490391007685086
zero_contrast,translation_x,33829687.37943076,128,2.7579055465369813e-11,1.854670595862596e-05,3.7097039375823715e-10,8.705096826715567e-15,1.9663862362564e-05,3.9331818772388696e-10,True,3.3942674052274825e-18,33829687.37943076,1.909595684735336e-09,0.019095956847307215,203285.48013333752,8.705096826715567e-15,1.9663862362563996e-05,3.933181877238869e-10,1e-05,0.0,0.0,0.0,3.4844894259439615e-18,0.010593948107291458,1.7787893416212477e-14,1.7787893416212478e-07,10.59394811052311
zero_contrast,translation_x,374951926.87265533,128,2.6639251469989214e-10,0.0001791469488841401,3.583289362340779e-09,7.901266430396024e-14,0.0001784809734694511,3.5699910695875504e-09,True,3.76204215848839e-17,374951926.87265533,2.82551880590903e-08,0.28255188059022024,2253118.1405812525,7.901266430396024e-14,0.00017848097346945108,3.56999106958755e-09,1e-06,0.0,0.0,0.0,3.7645812140252083e-17,0.11445515584040898,3.21025688533252e-13,3.2102568853325203e-06,114.45515587532319
zero_contrast,translation_y,32202.436712924882,128,4.3508719210259373e-07,0.3348943541217188,6.698636798747576e-06,1.8524046347024775e-10,0.4188287699523324,8.37744822167797e-06,True,3.235036102817309e-21,32202.436712924882,1.1641098118540055e-12,1.1641098118530913e-05,140.86682921932416,1.8524046347024775e-10,0.4188287699523324,8.37744822167797e-06,0.01,0.0,0.0,0.0,3.271007675025617e-21,9.944896176108402e-06,2.688842814027652e-18,2.6888428140276524e-11,0.009944896179145853
zero_contrast,translation_y,268266.5872439539,128,4.3509953866800195e-09,0.003349038577414701,6.698826887444469e-08,1.852447933531058e-12,0.004188385598205684,8.377644039420863e-08,True,2.694988735336852e-20,268266.5872439539,1.2105357719534923e-11,0.00012105357719525417,1173.5093701059004,1.852447933531058e-12,0.004188385598205684,8.377644039420863e-08,0.001,0.0,0.0,0.0,2.9064641526056807e-20,8.83656876073151e-05,5.003798456554304e-17,5.003798456554304e-10,0.08836568763430448
zero_contrast,translation_y,3344253.6288112267,128,4.3480504470616003e-11,3.346771805231821e-05,6.694292835131253e-10,1.8502472786000637e-14,4.183409916432596e-05,8.367691638961044e-10,True,3.3596151544193643e-19,3344253.6288112267,7.993213102189056e-11,0.0007993213102182779,14629.151550676592,1.8502472786000637e-14,4.183409916432596e-05,8.367691638961044e-10,0.0001,0.0,0.0,0.0,3.4438131033595573e-19,0.001047027924279152,7.11444635016073e-16,7.11444635016073e-09,1.0470279245989438
zero_contrast,translation_y,27180163.874568608,128,2.6409835407955375e-11,2.032812029228999e-05,4.066079133648254e-10,8.295704434131303e-15,1.8756591399932903e-05,3.751709159939643e-10,True,2.7305014751659703e-18,27180163.874568608,1.7763529126491296e-09,0.017763529126477346,118897.30833308071,8.295704434131303e-15,1.8756591399932903e-05,3.751709159939643e-10,1e-05,0.0,0.0,0.0,2.805718937916346e-18,0.008530271497055009,1.4400190510098497e-15,1.4400190510098498e-08,8.530271499660394
zero_contrast,translation_y,284925172.0842496,128,2.575619672382855e-10,0.0001982500296524169,3.96544440520641e-09,8.319357612472122e-14,0.00018810071246638064,3.7624062437795436e-09,True,2.862339481301024e-17,284925172.0842496,1.4155347490721867e-08,0.1415534749071075,1246380.794727503,8.319357612472122e-14,0.00018810071246638064,3.7624062437795436e-09,1e-06,0.0,0.0,0.0,2.813326419835538e-17,0.08553400644206091,6.098643524298716e-14,6.098643524298717e-07,85.5340064681854
zero_contrast,scale,34471.68774880643,128,9.22019219612914e-07,0.5107687224806747,1.0216199006071964e-05,2.2429447992988841e-10,0.41433637376906995,8.287432933600753e-06,True,3.4677053141440676e-21,34471.68774880643,3.790137387494641e-12,3.790137387485259e-05,116.42609806580901,2.2429447992988841e-10,0.41433637376906995,8.287432933600753e-06,0.01,0.0,0.0,0.0,3.496362071586398e-21,1.0630044698908659e-05,4.4897882274363797e-17,4.48978822743638e-10,0.010630044702159782
zero_contrast,scale,389497.65527462424,128,9.220204380752794e-09,0.005107694717990561,1.0216212506933706e-07,2.2429307966652764e-12,0.004143337873147388,8.287381195418453e-08,True,3.9181807193766395e-20,389497.65527462424,4.009179360497084e-12,4.00917936048716e-05,1315.505359734713,2.2429307966652764e-12,0.004143337873147388,8.287381195418453e-08,0.001,0.0,0.0,0.0,4.0011272576212905e-20,0.00012164690247665941,2.221716059949171e-16,2.2217160599491713e-09,0.12164690251386424
zero_contrast,scale,3002381.1884406875,128,9.172785393492653e-11,5.0814262082096895e-05,1.0163671106471427e-09,2.2273389213274243e-14,4.114535198015894e-05,8.229770940715838e-10,True,3.020267487966513e-19,3002381.1884406875,1.3432460950779741e-10,0.0013432460950746493,10140.36450285161,2.2273389213274243e-14,4.114535198015894e-05,8.229770940715838e-10,0.0001,0.0,0.0,0.0,3.0919567751810245e-19,0.0009400524903976776,1.041601551308499e-15,1.0416015513084992e-08,0.9400524906851858
zero_contrast,scale,40433420.489185706,128,2.5873260885664962e-11,1.4332949099720359e-05,2.866820739972662e-10,7.764534933988164e-15,1.4343327805388189e-05,2.868909771927577e-10,True,4.0674302994718554e-18,40433420.489185706,1.237886295985203e-09,0.012378862959821388,136561.49990329862,7.764534933988164e-15,1.4343327805388189e-05,2.868909771927577e-10,1e-05,0.0,0.0,0.0,4.0245983627429396e-18,0.012236049818404765,4.319843133615502e-14,4.319843133615502e-07,12.236049822147073
zero_contrast,scale,324390033.09727204,128,2.673609590692148e-10,0.00014810931776567375,2.9624249757527535e-09,8.393075277391742e-14,0.00015504422482798087,3.1011484763151218e-09,True,3.263225351463574e-17,324390033.09727204,1.7708069619243094e-08,0.17708069619199263,1095608.0761265864,8.393075277391742e-14,0.00015504422482798087,3.1011484763151218e-09,1e-06,0.0,0.0,0.0,3.449203878223382e-17,0.10486668900548855,2.1429958462915227e-13,2.142995846291523e-06,104.86668903756129
zero_contrast,shape_mode4,31940.450213294298,128,1.5552961461936737e-07,0.1429405644104081,2.859193376942846e-06,8.649492917394826e-11,0.3150870419087098,6.302798461637187e-06,True,3.208779415735871e-21,31940.450213294298,1.3404834348527697e-12,1.3404834348490195e-05,139.12876634817363,8.649492917394826e-11,0.3150870419087098,6.302798461637188e-06,0.01,0.0,0.0,0.0,3.3116033286328452e-21,1.006831978144182e-05,1.98355942623017e-18,1.9835594262301698e-11,0.010068319784517029
zero_contrast,shape_mode4,373420.1872647396,128,1.5553011868539446e-09,0.0014294102778377668,2.8592026434883186e-08,8.649532386171965e-13,0.0031508846261551924,6.30282722213797e-08,True,3.751428415395106e-20,373420.1872647396,3.007305531215182e-11,0.0003007305531206769,1626.5736588743048,8.649532386171965e-13,0.0031508846261551924,6.302827222137972e-08,0.001,0.0,0.0,0.0,3.780287824400765e-20,0.00011493268639052541,3.919714643417449e-16,3.9197146434174494e-09,0.11493268642562977
zero_contrast,shape_mode4,4645407.0830407515,128,1.5648301946636066e-11,1.438167978177716e-05,2.876720385099716e-10,8.63522222540961e-15,3.145671649201415e-05,6.292399551972779e-10,True,4.666838094277355e-19,4645407.0830407515,5.484361855096374e-10,0.005484361855081031,20234.84143594731,8.63522222540961e-15,3.145671649201415e-05,6.29239955197278e-10,0.0001,0.0,0.0,0.0,4.699963054492557e-19,0.0014289371732552555,7.843320301337824e-15,7.843320301337824e-08,1.4289371736917018
zero_contrast,shape_mode4,27463632.95485957,128,2.3944493032192402e-11,2.2006351392030557e-05,4.40185851803515e-10,7.742826549732782e-15,2.8205863512475237e-05,5.642119801986964e-10,True,2.7590326479717576e-18,27463632.95485957,1.9373531666260883e-09,0.019373531666206683,119628.29440509062,7.742826549732782e-15,2.8205863512475237e-05,5.642119801986965e-10,1e-05,0.0,0.0,0.0,2.9353283555417534e-18,0.008924325051735306,3.125572054392068e-14,3.1255720543920677e-07,8.924325054461098
zero_contrast,shape_mode4,409604459.3214831,128,2.566636875215224e-10,0.00023588853142889946,4.7184011691872485e-09,7.647298869159983e-14,0.0002785787163712043,5.572509742309691e-09,True,4.1149410223080985e-17,409604459.3214831,4.085619331755057e-08,0.4085619331743627,1784188.29671383,7.647298869159983e-14,0.0002785787163712043,5.572509742309692e-09,1e-06,0.0,0.0,0.0,4.2883950435083115e-17,0.13038075023622123,4.3537473009847335e-13,4.353747300984734e-06,130.38075027604398
zero_contrast,interior_epsr,8.110338354084488,128,0.0,0.0,0.0,0.0,0.0,0.0,True,1.2984112772656658e-13,0.39952222413746324,0.001730254430508893,8.110338354084488,7.99044847685571e-06,1.4050457876446354e-10,0.41864133706882783,8.373976938246579e-06,0.01,0.0003104612280963573,0.29139020676413874,5.827927939972929e-06,1.2984112788314173e-13,0.39911851357464667,2.3857050161996476e-08,0.2327258136838923,7.990448486491378e-06
zero_contrast,interior_epsr,0.08110284402417853,128,0.0,0.0,0.0,0.0,0.0,0.0,True,1.2984103618956326e-15,0.003995221222068565,1.730242920494618e-05,0.08110284402417853,7.990442843650566e-08,1.4050416776720248e-12,0.004186401333552019,8.373952443090505e-08,0.001,3.104572751136619e-06,0.002913864983035365,5.827853735221379e-08,1.2984121525752289e-15,0.003991187598669453,2.385685167753844e-10,0.002327238774655968,7.990453863527937e-08
zero_contrast,interior_epsr,0.0008105523582880959,128,0.0,0.0,0.0,0.0,0.0,0.0,True,1.3147751735504536e-17,4.0455760876078246e-05,1.7292272502800188e-07,0.0008105523582880959,8.091152215673788e-10,1.4235544342662748e-14,4.2415611624792804e-05,8.484287208083112e-10,0.0001,3.184682021243259e-08,2.9890532991846703e-05,5.978233560865959e-10,1.3146725442650305e-17,4.041170375125913e-05,2.3845594281698274e-12,2.3261406143263907e-05,8.090520633037572e-10
zero_contrast,interior_epsr,7.3383030319786096e-06,128,0.0,0.0,0.0,0.0,0.0,0.0,True,2.235272744725439e-18,6.877956161596894e-06,1.354409917553312e-09,6.3486170055662104e-06,1.3755912330075975e-10,6.909367058183758e-16,2.0586850969984613e-06,4.117935579886246e-11,1e-05,3.2383050249979277e-09,3.0393823478060307e-06,6.078893795872861e-11,2.387294923868167e-18,7.3383030319786096e-06,1.940721888749053e-16,1.8931765563067703e-09,1.4691459803398447e-10
zero_contrast,interior_epsr,0.00010781984053619973,128,0.0,0.0,0.0,0.0,0.0,0.0,True,3.41462896584573e-17,0.00010506846827168371,9.842189285791392e-09,4.613395801520133e-05,2.1013693655393893e-09,2.8774399217040244e-14,8.573495422564288e-05,1.714934542164103e-09,1e-06,9.446344776682259e-08,8.866074487704043e-05,1.7732525569201604e-09,3.507592380650321e-17,0.00010781984053619973,1.0742844331126933e-13,1.0479657674625441e-06,2.1585792334167666e-09
zero_contrast,exterior_epsr,77.44724323525307,128,1.7050578000389207e-05,3.4349149663857244,6.8700312546837e-05,5.403521578163638e-09,3.4349149665353558,6.870031254982973e-05,True,8.160692589285565e-12,25.110518619863488,0.009126251924705286,42.77809650931235,0.0005022106231814744,3.1423437907057557e-09,2.333758307487249,4.667676357809141e-05,0.01,0.0003104612280963573,0.29139020676413874,5.827927939972929e-06,4.599991505145716e-11,7.293768148943304,8.328866861196586e-06,77.44724323525307,0.000145882968605792
zero_contrast,exterior_epsr,0.7745675441546817,128,1.7050929867002562e-07,0.03434985888948427,6.870173029034763e-07,5.40363283219969e-11,0.03434985726055437,6.870172703239237e-07,True,8.16151513910042e-14,0.25113060897423695,9.126594319575076e-05,0.42779701439891193,5.022612430584758e-06,3.142382450039212e-11,0.023337870198412734,4.667733782861523e-07,0.001,3.104572751136619e-06,0.002913864983035365,5.827853735221379e-08,4.600253884197778e-13,0.07294184063493482,8.329889716890285e-08,0.7745675441546817,1.4589128962877037e-06
zero_contrast,exterior_epsr,0.007745642404093733,128,1.708901904612445e-09,0.0003442659127762281,6.885519948712597e-09,5.416001117334212e-13,0.00034428480113948357,6.885897727043729e-09,True,8.163863745834085e-16,0.002512028871327711,9.127443831857818e-07,0.004278368341614133,5.0240577677769355e-08,3.1530642202431075e-13,0.00023417201652482341,4.6836006165249e-09,0.0001,3.184682021243259e-08,2.9890532991846703e-05,5.978233560865959e-10,4.604415880625482e-15,0.0007300783332965827,8.329854187601356e-10,0.007745642404093733,1.4602328213213067e-08
zero_contrast,exterior_epsr,7.750682842504608e-05,128,2.5220684992307016e-11,5.080819511775908e-06,1.0161936689637517e-10,7.995872425491332e-15,5.082822711089812e-06,1.0165943205625231e-10,True,8.811465609260815e-18,2.7112966112490505e-05,9.720061200368946e-09,4.556149879888756e-05,5.422593225211063e-10,5.842455116482908e-15,4.339079068873895e-06,8.678455138940558e-11,1e-05,3.2383050249979277e-09,3.0393823478060307e-06,6.078893795872861e-11,5.531494565281918e-17,8.770763625448696e-06,8.335274798935283e-12,7.750682842504608e-05,1.754244213510931e-10
zero_contrast,exterior_epsr,9.429493358969416e-05,128,4.321310998907799e-10,8.705473799240316e-05,1.7411457619224028e-09,1.3487698844301594e-13,8.573871412498377e-05,1.7148245135654674e-09,True,3.064498958291609e-17,9.429493358969416e-05,1.0119741489234002e-08,4.743494718832497e-05,1.8858986718887585e-09,1.1615430590654094e-13,8.626556943448489e-05,1.7253704357279214e-09,1e-06,9.446344776682259e-08,8.866074487704043e-05,1.7732525569201604e-09,5.355656225662993e-16,8.491953532511066e-05,4.651433860476673e-13,4.3252069649877225e-06,1.698479286663507e-09
zero_contrast,mixed,1.542472357280125,128,4.433203367020988e-07,0.37157196117436336,7.432345093415455e-06,1.319101576003827e-10,0.38813886819824445,7.763829959310073e-06,True,1.5637425689281264e-13,0.5346276466685154,0.0001775369719627662,0.9245974333856376,1.0692558279889652e-05,1.0030528366907368e-10,0.3538265893062008,7.077681729348341e-06,0.01,0.00027158880444352337,0.2832278201407562,5.664690103192741e-06,3.5304544641742926e-13,0.29072714588966725,1.5463207035273146e-07,1.542472357280125,5.816118202083776e-06
zero_contrast,mixed,0.01542479789319033,128,4.4334161048855076e-09,0.0037158979559892887,7.43270175226745e-08,1.3191713446892639e-12,0.0038815939323462046,7.764240596534734e-08,True,1.5637351379511398e-15,0.005346253466863455,1.7754056518271e-06,0.00924616146569156,1.0692507468358341e-07,1.0030994500037422e-12,0.003538430089130083,7.078010639433368e-08,0.001,2.7158852461621536e-06,0.0028322752980620525,5.664684266667242e-08,3.530675115176693e-15,0.00290745314414686,1.5463281541085703e-09,0.01542479789319033,5.8164817055149603e-08
zero_contrast,mixed,0.0001542986575611047,128,4.528586974983269e-11,3.7956660737612864e-05,7.592257425862117e-10,1.3463049194400259e-14,3.96143307841452e-05,7.92394055018905e-10,True,1.5716782003742004e-17,5.3734102417574934e-05,1.757876688657234e-08,9.154872118027296e-05,1.074682053725279e-09,1.0309445168476869e-14,3.6366534491804356e-05,7.27448934289237e-10,0.0001,2.7570344153379193e-08,2.875187926998224e-05,5.75051154951941e-10,3.596317895169499e-17,2.9615088968457503e-05,1.546836204792206e-11,0.0001542986575611047,5.92462250478762e-10
zero_contrast,mixed,4.288005027495389e-05,128,4.054949270351955e-11,3.398683400100862e-05,6.798195304493968e-10,1.2378913785634947e-14,3.642431802191599e-05,7.285851481110674e-10,True,3.673285134215091e-18,1.2558593766337688e-05,1.988913922446045e-09,1.0358094359659607e-05,2.511718754524256e-10,1.2155943193336424e-14,4.288005027495389e-05,8.577404289720411e-10,1e-05,4.230646392739665e-09,4.411951974244459e-06,8.824112172136319e-11,3.636103410176591e-17,2.99427161678757e-05,2.140864068189913e-13,2.1355360749839964e-06,5.990165697699511e-10
zero_contrast,mixed,0.000407900063344305,128,3.6529672406118776e-10,0.00030617594189587635,6.124265209473876e-09,1.148506114559053e-13,0.00033794202537321415,6.7597570519758914e-09,True,3.5460243209923416e-17,0.00012123501804455478,1.0567708486064475e-08,5.503572599532691e-05,2.4247003610131602e-09,1.1563442596504706e-13,0.000407900063344305,8.159327544864267e-09,1e-06,4.213656618107526e-08,4.394234097879567e-05,8.788675583204993e-10,1.4198500114582816e-16,0.00011692232342680761,5.601864085720987e-13,5.587922661679794e-06,2.339080019207319e-09
zero_contrast,tangential_phase,34075.48881712885,128,2.4767365210680788e-06,1.432387346733283,2.8650156193520864e-05,7.849058971266911e-10,1.4323873453943217,2.865015616673939e-05,True,3.442295535553119e-21,34075.48881712885,3.126702051998151e-13,3.1267020519831355e-06,67.51976761992607,7.849058971266911e-10,1.4323873453943217,2.8650156166739386e-05,0.01,0.0,0.0,0.0,3.550445466196394e-21,1.0794475295727105e-05,1.5065761749526936e-18,1.5065761749526937e-11,0.010794475299042431
zero_contrast,tangential_phase,378027.1053263104,128,2.4767707800720653e-08,0.014324071599687259,2.865055249155536e-07,7.849165471911718e-12,0.014324067808676,2.8650544908895196e-07,True,3.81881797060782e-20,378027.1053263104,1.6968334693717183e-12,1.6968334693635695e-05,749.0516119116606,7.849165471911718e-12,0.014324067808676,2.8650544908895196e-07,0.001,0.0,0.0,0.0,3.695849066301648e-20,0.00011236548152271333,1.0535281550832991e-16,1.053528155083299e-09,0.11236548155722434
zero_contrast,tangential_phase,3635558.678640244,128,2.478393423104257e-10,0.00014333455938020408,2.866932274665644e-09,7.857571361437487e-14,0.00014339407851128951,2.8681227573978396e-09,True,3.6726302762550284e-19,3635558.678640244,8.551118511493433e-11,0.0008551118511452367,7203.772605968273,7.857571361437487e-14,0.00014339407851128951,2.8681227573978392e-09,0.0001,0.0,0.0,0.0,3.665008116969297e-19,0.001114278192805117,1.7819764897219975e-16,1.7819764897219976e-09,1.1142781931473473
zero_contrast,tangential_phase,41623801.92288583,128,2.8814682584117234e-11,1.6664585183984906e-05,3.3331973331812964e-10,9.231055347280017e-15,1.6845900779293362e-05,3.36946350195021e-10,True,4.204824289152789e-18,41623801.92288583,1.5931460281183022e-09,0.015931460281106515,82476.57876957906,9.231055347280017e-15,1.6845900779293362e-05,3.3694635019502094e-10,1e-05,0.0,0.0,0.0,4.202767258955425e-18,0.012777739520975247,3.3849244885292343e-16,3.3849244885292343e-09,12.777739524899697
zero_contrast,tangential_phase,281188687.57520753,128,2.6380218989098715e-10,0.00015256645817029733,3.051585778413886e-09,8.690802573239259e-14,0.00015859984837416762,3.1722637305834326e-09,True,2.840559473646362e-17,281188687.57520753,3.4971785153504456e-09,0.03497178515333651,557168.6497869622,8.690802573239259e-14,0.00015859984837416762,3.1722637305834322e-09,1e-06,0.0,0.0,0.0,2.865735417565489e-17,0.08712740545805564,4.404603398727242e-14,4.4046033987272417e-07,87.12740548481524
