curve,cutoff,cutoff_converged,field_error,gradient_error,gradient_step_consistency,grid,halfband,halfwidth,kd,knee_0.001,knee_0.1,knee_1e-06,ko,matrix_error,max_mode,nonzeros,order,r2_K,r2_Kp,r2_T,r2_V,rate_K,rate_Kp,rate_T,rate_V,rate_envelope,retained,trace_error
circle,24,1.7016054108119002e-16,2.4290497904079607e-16,1.6520265055570558,6.259422184717758e-09,256,0,3.5,2.0,1,1,1,2.0,8.771546496162992e-16,1,196,49,nan,nan,nan,nan,nan,nan,nan,nan,nan,0.02040816326530612,2.0829669881200746e-16
circle,24,1.7016054108119002e-16,1.2310280720375695e-16,0.6950184017844151,6.259422184717758e-09,256,1,3.5,2.0,1,1,1,2.0,7.401476295509601e-16,1,580,49,nan,nan,nan,nan,nan,nan,nan,nan,nan,0.060391503540191585,2.0192572217566698e-16
circle,24,1.7016054108119002e-16,6.711653323476778e-17,0.26021624693367246,6.259422184717758e-09,256,2,3.5,2.0,1,1,1,2.0,6.998318158877823e-16,1,956,49,nan,nan,nan,nan,nan,nan,nan,nan,nan,0.09954185755935027,1.9934206241018215e-16
circle,24,1.7016054108119002e-16,4.3895734876195325e-17,9.443343368333511e-11,6.259422184717758e-09,256,3,3.5,2.0,1,1,1,2.0,6.802633589603131e-16,1,1324,49,nan,nan,nan,nan,nan,nan,nan,nan,nan,0.13785922532278216,1.986312751855758e-16
circle,24,1.7016054108119002e-16,2.1649243082012894e-17,3.4746829358790484e-11,6.259422184717758e-09,256,4,3.5,2.0,1,1,1,2.0,6.514260095905059e-16,1,1684,49,nan,nan,nan,nan,nan,nan,nan,nan,nan,0.1753436068304873,1.9750572116485177e-16
circle,24,1.7016054108119002e-16,1.0205551060564847e-17,3.472119348922567e-11,6.259422184717758e-09,256,5,3.5,2.0,1,1,1,2.0,6.289647108176451e-16,1,2036,49,nan,nan,nan,nan,nan,nan,nan,nan,nan,0.21199500208246563,1.971532185687666e-16
circle,24,1.7016054108119002e-16,0.0,1.414722599484193e-12,6.259422184717758e-09,256,6,3.5,2.0,1,1,1,2.0,6.181121117412705e-16,1,2380,49,nan,nan,nan,nan,nan,nan,nan,nan,nan,0.2478134110787172,1.96880469250399e-16
circle,24,1.7016054108119002e-16,0.0,1.3884947772846442e-12,6.259422184717758e-09,256,7,3.5,2.0,1,1,1,2.0,6.066729604546535e-16,1,2716,49,nan,nan,nan,nan,nan,nan,nan,nan,nan,0.282798833819242,1.965827821642489e-16
circle,24,1.7016054108119002e-16,0.0,1.3884947772846442e-12,6.259422184717758e-09,256,8,3.5,2.0,1,1,1,2.0,5.931556344101102e-16,1,3044,49,nan,nan,nan,nan,nan,nan,nan,nan,nan,0.31695127030403997,1.938450670367656e-16
circle,24,1.7016054108119002e-16,0.0,0.0,6.259422184717758e-09,256,9,3.5,2.0,1,1,1,2.0,5.819973255642344e-16,1,3364,49,nan,nan,nan,nan,nan,nan,nan,nan,nan,0.3502707205331112,1.9350333638060022e-16
circle,24,1.7016054108119002e-16,0.0,0.0,6.259422184717758e-09,256,10,3.5,2.0,1,1,1,2.0,5.762063608206459e-16,1,3676,49,nan,nan,nan,nan,nan,nan,nan,nan,nan,0.3827571845064556,1.9316593300901332e-16
circle,24,1.7016054108119002e-16,0.0,0.0,6.259422184717758e-09,256,11,3.5,2.0,1,1,1,2.0,5.713028591334257e-16,1,3980,49,nan,nan,nan,nan,nan,nan,nan,nan,nan,0.4144106622240733,1.928173906455749e-16
circle,24,1.7016054108119002e-16,0.0,0.0,6.259422184717758e-09,256,12,3.5,2.0,1,1,1,2.0,5.632109922986354e-16,1,4276,49,nan,nan,nan,nan,nan,nan,nan,nan,nan,0.44523115368596416,1.9193144267829645e-16
circle,24,1.7016054108119002e-16,0.0,0.0,6.259422184717758e-09,256,13,3.5,2.0,1,1,1,2.0,5.60338565440408e-16,1,4564,49,nan,nan,nan,nan,nan,nan,nan,nan,nan,0.4752186588921283,1.9165278953275777e-16
circle,24,1.7016054108119002e-16,0.0,0.0,6.259422184717758e-09,256,14,3.5,2.0,1,1,1,2.0,5.583687715333476e-16,1,4844,49,nan,nan,nan,nan,nan,nan,nan,nan,nan,0.5043731778425656,1.906004074667785e-16
circle,24,1.7016054108119002e-16,0.0,0.0,6.259422184717758e-09,256,15,3.5,2.0,1,1,1,2.0,5.554083138515027e-16,1,5116,49,nan,nan,nan,nan,nan,nan,nan,nan,nan,0.5326947105372761,1.895337758484344e-16
circle,24,1.7016054108119002e-16,0.0,0.0,6.259422184717758e-09,256,16,3.5,2.0,1,1,1,2.0,5.515130769056888e-16,1,5380,49,nan,nan,nan,nan,nan,nan,nan,nan,nan,0.5601832569762599,1.8722806769278147e-16
circle,24,1.7016054108119002e-16,0.0,0.0,6.259422184717758e-09,256,17,3.5,2.0,1,1,1,2.0,5.498223256467572e-16,1,5636,49,nan,nan,nan,nan,nan,nan,nan,nan,nan,0.5868388171595169,1.8682495741952385e-16
circle,24,1.7016054108119002e-16,0.0,0.0,6.259422184717758e-09,256,18,3.5,2.0,1,1,1,2.0,5.485137106753631e-16,1,5884,49,nan,nan,nan,nan,nan,nan,nan,nan,nan,0.6126613910870471,1.8630040839851789e-16
circle,24,1.7016054108119002e-16,0.0,0.0,6.259422184717758e-09,256,19,3.5,2.0,1,1,1,2.0,5.473313608532367e-16,1,6124,49,nan,nan,nan,nan,nan,nan,nan,nan,nan,0.6376509787588505,1.8493167666410215e-16
circle,24,1.7016054108119002e-16,0.0,0.0,6.259422184717758e-09,256,20,3.5,2.0,1,1,1,2.0,5.446150508037483e-16,1,6356,49,nan,nan,nan,nan,nan,nan,nan,nan,nan,0.6618075801749271,1.7576509467522364e-16
circle,24,1.7016054108119002e-16,0.0,0.0,6.259422184717758e-09,256,21,3.5,2.0,1,1,1,2.0,5.429807196738809e-16,1,6580,49,nan,nan,nan,nan,nan,nan,nan,nan,nan,0.685131195335277,1.7357191738300421e-16
circle,24,1.7016054108119002e-16,0.0,0.0,6.259422184717758e-09,256,22,3.5,2.0,1,1,1,2.0,5.40816704497062e-16,1,6796,49,nan,nan,nan,nan,nan,nan,nan,nan,nan,0.7076218242399,1.6824826770208648e-16
circle,24,1.7016054108119002e-16,0.0,0.0,6.259422184717758e-09,256,23,3.5,2.0,1,1,1,2.0,5.327742400922658e-16,1,7004,49,nan,nan,nan,nan,nan,nan,nan,nan,nan,0.7292794668887963,1.373196220250945e-16
circle,24,1.7016054108119002e-16,0.0,0.0,6.259422184717758e-09,256,24,3.5,2.0,1,1,1,2.0,5.117263830085053e-16,1,7204,49,nan,nan,nan,nan,nan,nan,nan,nan,nan,0.7501041232819659,8.370865774782614e-17
circle,24,1.7016054108119002e-16,0.0,0.0,6.259422184717758e-09,256,25,3.5,2.0,1,1,1,2.0,5.010691616805738e-16,1,7396,49,nan,nan,nan,nan,nan,nan,nan,nan,nan,0.7700957934194086,1.1276350344292272e-17
circle,24,1.7016054108119002e-16,0.0,0.0,6.259422184717758e-09,256,26,3.5,2.0,1,1,1,2.0,4.95055014410409e-16,1,7580,49,nan,nan,nan,nan,nan,nan,nan,nan,nan,0.7892544773011245,2.0030897403907946e-18
circle,24,1.7016054108119002e-16,0.0,0.0,6.259422184717758e-09,256,27,3.5,2.0,1,1,1,2.0,4.892358673580383e-16,1,7756,49,nan,nan,nan,nan,nan,nan,nan,nan,nan,0.8075801749271136,4.622928179191555e-19
circle,24,1.7016054108119002e-16,0.0,0.0,6.259422184717758e-09,256,28,3.5,2.0,1,1,1,2.0,4.750421358347193e-16,1,7924,49,nan,nan,nan,nan,nan,nan,nan,nan,nan,0.8250728862973761,4.7870752023991447e-20
circle,24,1.7016054108119002e-16,0.0,0.0,6.259422184717758e-09,256,29,3.5,2.0,1,1,1,2.0,4.699246257632174e-16,1,8084,49,nan,nan,nan,nan,nan,nan,nan,nan,nan,0.8417326114119117,2.066036736009991e-20
circle,24,1.7016054108119002e-16,0.0,0.0,6.259422184717758e-09,256,30,3.5,2.0,1,1,1,2.0,4.61833349735404e-16,1,8236,49,nan,nan,nan,nan,nan,nan,nan,nan,nan,0.8575593502707205,9.0943959190475e-21
circle,24,1.7016054108119002e-16,0.0,0.0,6.259422184717758e-09,256,31,3.5,2.0,1,1,1,2.0,4.541783602513468e-16,1,8380,49,nan,nan,nan,nan,nan,nan,nan,nan,nan,0.8725531028738026,3.77077517244177e-21
circle,24,1.7016054108119002e-16,0.0,0.0,6.259422184717758e-09,256,32,3.5,2.0,1,1,1,2.0,4.3610896896985444e-16,1,8516,49,nan,nan,nan,nan,nan,nan,nan,nan,nan,0.8867138692211578,4.585536642481766e-22
circle,24,1.7016054108119002e-16,0.0,0.0,6.259422184717758e-09,256,33,3.5,2.0,1,1,1,2.0,4.2719296912951896e-16,1,8644,49,nan,nan,nan,nan,nan,nan,nan,nan,nan,0.9000416493127863,2.2972177993890674e-22
circle,24,1.7016054108119002e-16,0.0,0.0,6.259422184717758e-09,256,34,3.5,2.0,1,1,1,2.0,4.1941392642788964e-16,1,8764,49,nan,nan,nan,nan,nan,nan,nan,nan,nan,0.9125364431486881,1.336591858763212e-22
circle,24,1.7016054108119002e-16,0.0,0.0,6.259422184717758e-09,256,35,3.5,2.0,1,1,1,2.0,4.096662287732943e-16,1,8876,49,nan,nan,nan,nan,nan,nan,nan,nan,nan,0.924198250728863,3.008674517340443e-23
circle,24,1.7016054108119002e-16,0.0,0.0,6.259422184717758e-09,256,36,3.5,2.0,1,1,1,2.0,3.9199437610468155e-16,1,8980,49,nan,nan,nan,nan,nan,nan,nan,nan,nan,0.9350270720533111,1.2223839300130722e-23
circle,24,1.7016054108119002e-16,0.0,0.0,6.259422184717758e-09,256,37,3.5,2.0,1,1,1,2.0,3.755597030978501e-16,1,9076,49,nan,nan,nan,nan,nan,nan,nan,nan,nan,0.9450229071220325,2.3640795652639577e-24
circle,24,1.7016054108119002e-16,0.0,0.0,6.259422184717758e-09,256,38,3.5,2.0,1,1,1,2.0,3.6465011770684707e-16,1,9164,49,nan,nan,nan,nan,nan,nan,nan,nan,nan,0.9541857559350271,1.448444865314823e-24
circle,24,1.7016054108119002e-16,0.0,0.0,6.259422184717758e-09,256,39,3.5,2.0,1,1,1,2.0,3.424108050229678e-16,1,9244,49,nan,nan,nan,nan,nan,nan,nan,nan,nan,0.9625156184922948,3.981044893146588e-25
circle,24,1.7016054108119002e-16,0.0,0.0,6.259422184717758e-09,256,40,3.5,2.0,1,1,1,2.0,3.089005352980649e-16,1,9316,49,nan,nan,nan,nan,nan,nan,nan,nan,nan,0.9700124947938359,1.3700756463143183e-25
circle,24,1.7016054108119002e-16,0.0,0.0,6.259422184717758e-09,256,41,3.5,2.0,1,1,1,2.0,2.868181576680992e-16,1,9380,49,nan,nan,nan,nan,nan,nan,nan,nan,nan,0.9766763848396501,3.440455658753805e-26
circle,24,1.7016054108119002e-16,0.0,0.0,6.259422184717758e-09,256,42,3.5,2.0,1,1,1,2.0,2.7568118475593714e-16,1,9436,49,nan,nan,nan,nan,nan,nan,nan,nan,nan,0.9825072886297376,1.5375226136558673e-26
circle,24,1.7016054108119002e-16,0.0,0.0,6.259422184717758e-09,256,43,3.5,2.0,1,1,1,2.0,2.5725693344815837e-16,1,9484,49,nan,nan,nan,nan,nan,nan,nan,nan,nan,0.9875052061640983,6.001040422775651e-27
circle,24,1.7016054108119002e-16,0.0,0.0,6.259422184717758e-09,256,44,3.5,2.0,1,1,1,2.0,2.266234312872146e-16,1,9524,49,nan,nan,nan,nan,nan,nan,nan,nan,nan,0.9916701374427322,1.8498633099132265e-27
circle,24,1.7016054108119002e-16,0.0,0.0,6.259422184717758e-09,256,45,3.5,2.0,1,1,1,2.0,1.8952989856540232e-16,1,9556,49,nan,nan,nan,nan,nan,nan,nan,nan,nan,0.9950020824656394,1.1124976923258779e-27
circle,24,1.7016054108119002e-16,0.0,0.0,6.259422184717758e-09,256,46,3.5,2.0,1,1,1,2.0,1.4862767040929714e-16,1,9580,49,nan,nan,nan,nan,nan,nan,nan,nan,nan,0.9975010412328197,4.041902111737904e-28
circle,24,1.7016054108119002e-16,0.0,0.0,6.259422184717758e-09,256,47,3.5,2.0,1,1,1,2.0,5.2228662997064277e-17,1,9596,49,nan,nan,nan,nan,nan,nan,nan,nan,nan,0.9991670137442732,4.768995688240036e-29
circle,24,1.7016054108119002e-16,0.0,0.0,6.259422184717758e-09,256,48,3.5,2.0,1,1,1,2.0,0.0,1,9604,49,nan,nan,nan,nan,nan,nan,nan,nan,nan,1.0,0.0
circle,24,5.575451929415153e-16,5.147471343222277e-16,3.6687915546087595,5.062706571102665e-08,256,0,3.5,10.0,1,1,1,10.0,2.042852127932581e-15,1,196,49,nan,nan,nan,nan,nan,nan,nan,nan,nan,0.02040816326530612,1.2772713423487956e-15
circle,24,5.575451929415153e-16,4.520162951962036e-16,2.9462644661397532,5.062706571102665e-08,256,1,3.5,10.0,1,1,1,10.0,1.973802229690216e-15,1,580,49,nan,nan,nan,nan,nan,nan,nan,nan,nan,0.060391503540191585,1.2490810282055945e-15
circle,24,5.575451929415153e-16,4.529641177185958e-16,2.024708571283938,5.062706571102665e-08,256,2,3.5,10.0,1,1,1,10.0,1.947718994005687e-15,1,956,49,nan,nan,nan,nan,nan,nan,nan,nan,nan,0.09954185755935027,1.2444782455862303e-15
circle,24,5.575451929415153e-16,4.2213966513848725e-16,1.3001077426758492e-08,5.062706571102665e-08,256,3,3.5,10.0,1,1,1,10.0,1.932375133350872e-15,1,1324,49,nan,nan,nan,nan,nan,nan,nan,nan,nan,0.13785922532278216,1.2335025629965347e-15
circle,24,5.575451929415153e-16,3.5887014079333456e-16,8.351792879239637e-09,5.062706571102665e-08,256,4,3.5,10.0,1,1,1,10.0,1.897542028662817e-15,1,1684,49,nan,nan,nan,nan,nan,nan,nan,nan,nan,0.1753436068304873,1.2117233001099916e-15
circle,24,5.575451929415153e-16,3.4845800758358194e-16,8.35165564602183e-09,5.062706571102665e-08,256,5,3.5,10.0,1,1,1,10.0,1.8769946589845945e-15,1,2036,49,nan,nan,nan,nan,nan,nan,nan,nan,nan,0.21199500208246563,1.2077529766690607e-15
circle,24,5.575451929415153e-16,3.0166443488618807e-16,1.7915833809901349e-09,5.062706571102665e-08,256,6,3.5,10.0,1,1,1,10.0,1.8682996151452325e-15,1,2380,49,nan,nan,nan,nan,nan,nan,nan,nan,nan,0.2478134110787172,1.1996983578422128e-15
circle,24,5.575451929415153e-16,2.804795387110071e-16,1.791402549287352e-09,5.062706571102665e-08,256,7,3.5,10.0,1,1,1,10.0,1.860661363429686e-15,1,2716,49,nan,nan,nan,nan,nan,nan,nan,nan,nan,0.282798833819242,1.193258526341839e-15
circle,24,5.575451929415153e-16,2.2659635236058874e-16,1.7915265213513204e-09,5.062706571102665e-08,256,8,3.5,10.0,1,1,1,10.0,1.8418214003663424e-15,1,3044,49,nan,nan,nan,nan,nan,nan,nan,nan,nan,0.31695127030403997,1.1778584069950536e-15
circle,24,5.575451929415153e-16,1.8717886983147118e-16,4.473347474962984e-12,5.062706571102665e-08,256,9,3.5,10.0,1,1,1,10.0,1.830767950729303e-15,1,3364,49,nan,nan,nan,nan,nan,nan,nan,nan,nan,0.3502707205331112,1.173582997799396e-15
circle,24,5.575451929415153e-16,1.598214838038227e-16,4.012527691394983e-12,5.062706571102665e-08,256,10,3.5,10.0,1,1,1,10.0,1.8266286269430647e-15,1,3676,49,nan,nan,nan,nan,nan,nan,nan,nan,nan,0.3827571845064556,1.1701918325871075e-15
circle,24,5.575451929415153e-16,1.459139682674276e-16,3.700004037888269e-12,5.062706571102665e-08,256,11,3.5,10.0,1,1,1,10.0,1.8189740491748993e-15,1,3980,49,nan,nan,nan,nan,nan,nan,nan,nan,nan,0.4144106622240733,1.1666173319319512e-15
circle,24,5.575451929415153e-16,6.288578317917319e-17,1.7965995143033779e-12,5.062706571102665e-08,256,12,3.5,10.0,1,1,1,10.0,1.7962567218675153e-15,1,4276,49,nan,nan,nan,nan,nan,nan,nan,nan,nan,0.44523115368596416,1.1573303218704795e-15
circle,24,5.575451929415153e-16,6.366500541861567e-17,1.337812510063914e-12,5.062706571102665e-08,256,13,3.5,10.0,1,1,1,10.0,1.7911425341346966e-15,1,4564,49,nan,nan,nan,nan,nan,nan,nan,nan,nan,0.4752186588921283,1.1559732593369986e-15
circle,24,5.575451929415153e-16,2.908644685132791e-17,1.073292566777188e-12,5.062706571102665e-08,256,14,3.5,10.0,1,1,1,10.0,1.7860929477831968e-15,1,4844,49,nan,nan,nan,nan,nan,nan,nan,nan,nan,0.5043731778425656,1.15077055545629e-15
circle,24,5.575451929415153e-16,3.505319840989285e-17,6.253796583960519e-13,5.062706571102665e-08,256,15,3.5,10.0,1,1,1,10.0,1.772356634323474e-15,1,5116,49,nan,nan,nan,nan,nan,nan,nan,nan,nan,0.5326947105372761,1.142295956820099e-15
circle,24,5.575451929415153e-16,0.0,1.8188400417103455e-13,5.062706571102665e-08,256,16,3.5,10.0,1,1,1,10.0,1.758443273313036e-15,1,5380,49,nan,nan,nan,nan,nan,nan,nan,nan,nan,0.5601832569762599,1.1235641846068661e-15
circle,24,5.575451929415153e-16,0.0,3.985377080628303e-14,5.062706571102665e-08,256,17,3.5,10.0,1,1,1,10.0,1.7522125778596834e-15,1,5636,49,nan,nan,nan,nan,nan,nan,nan,nan,nan,0.5868388171595169,1.1218631221218237e-15
circle,24,5.575451929415153e-16,0.0,3.985377080628303e-14,5.062706571102665e-08,256,18,3.5,10.0,1,1,1,10.0,1.7495369213978136e-15,1,5884,49,nan,nan,nan,nan,nan,nan,nan,nan,nan,0.6126613910870471,1.1183039295647398e-15
circle,24,5.575451929415153e-16,0.0,1.9926885403141515e-14,5.062706571102665e-08,256,19,3.5,10.0,1,1,1,10.0,1.7439140581073608e-15,1,6124,49,nan,nan,nan,nan,nan,nan,nan,nan,nan,0.6376509787588505,1.1122025165829959e-15
circle,24,5.575451929415153e-16,0.0,0.0,5.062706571102665e-08,256,20,3.5,10.0,1,1,1,10.0,1.722286944642356e-15,1,6356,49,nan,nan,nan,nan,nan,nan,nan,nan,nan,0.6618075801749271,1.0872764743286666e-15
circle,24,5.575451929415153e-16,0.0,0.0,5.062706571102665e-08,256,21,3.5,10.0,1,1,1,10.0,1.717487303194111e-15,1,6580,49,nan,nan,nan,nan,nan,nan,nan,nan,nan,0.685131195335277,1.0797765123846078e-15
circle,24,5.575451929415153e-16,0.0,0.0,5.062706571102665e-08,256,22,3.5,10.0,1,1,1,10.0,1.688321592535074e-15,1,6796,49,nan,nan,nan,nan,nan,nan,nan,nan,nan,0.7076218242399,1.052045937205882e-15
circle,24,5.575451929415153e-16,0.0,0.0,5.062706571102665e-08,256,23,3.5,10.0,1,1,1,10.0,1.581012468736097e-15,1,7004,49,nan,nan,nan,nan,nan,nan,nan,nan,nan,0.7292794668887963,9.399296872299855e-16
circle,24,5.575451929415153e-16,0.0,0.0,5.062706571102665e-08,256,24,3.5,10.0,1,1,1,10.0,1.3418143178922124e-15,1,7204,49,nan,nan,nan,nan,nan,nan,nan,nan,nan,0.7501041232819659,6.661956086800684e-16
circle,24,5.575451929415153e-16,0.0,0.0,5.062706571102665e-08,256,25,3.5,10.0,1,1,1,10.0,1.1514225124765233e-15,1,7396,49,nan,nan,nan,nan,nan,nan,nan,nan,nan,0.7700957934194086,3.622645553040781e-16
circle,24,5.575451929415153e-16,0.0,0.0,5.062706571102665e-08,256,26,3.5,10.0,1,1,1,10.0,1.1022600619017854e-15,1,7580,49,nan,nan,nan,nan,nan,nan,nan,nan,nan,0.7892544773011245,2.3643034347800053e-16
circle,24,5.575451929415153e-16,0.0,0.0,5.062706571102665e-08,256,27,3.5,10.0,1,1,1,10.0,1.0860728170160668e-15,1,7756,49,nan,nan,nan,nan,nan,nan,nan,nan,nan,0.8075801749271136,1.8766488774282232e-16
circle,24,5.575451929415153e-16,0.0,0.0,5.062706571102665e-08,256,28,3.5,10.0,1,1,1,10.0,1.008282316157659e-15,1,7924,49,nan,nan,nan,nan,nan,nan,nan,nan,nan,0.8250728862973761,5.627991798905876e-17
circle,24,5.575451929415153e-16,0.0,0.0,5.062706571102665e-08,256,29,3.5,10.0,1,1,1,10.0,9.982747854135608e-16,1,8084,49,nan,nan,nan,nan,nan,nan,nan,nan,nan,0.8417326114119117,2.1143664765325698e-17
circle,24,5.575451929415153e-16,0.0,0.0,5.062706571102665e-08,256,30,3.5,10.0,1,1,1,10.0,9.89310078750407e-16,1,8236,49,nan,nan,nan,nan,nan,nan,nan,nan,nan,0.8575593502707205,1.0077819783938147e-17
circle,24,5.575451929415153e-16,0.0,0.0,5.062706571102665e-08,256,31,3.5,10.0,1,1,1,10.0,9.769148626818394e-16,1,8380,49,nan,nan,nan,nan,nan,nan,nan,nan,nan,0.8725531028738026,3.50749853406819e-18
circle,24,5.575451929415153e-16,0.0,0.0,5.062706571102665e-08,256,32,3.5,10.0,1,1,1,10.0,8.98168834424343e-16,1,8516,49,nan,nan,nan,nan,nan,nan,nan,nan,nan,0.8867138692211578,4.579438286952151e-19
circle,24,5.575451929415153e-16,0.0,0.0,5.062706571102665e-08,256,33,3.5,10.0,1,1,1,10.0,8.86662984422985e-16,1,8644,49,nan,nan,nan,nan,nan,nan,nan,nan,nan,0.9000416493127863,2.0613937282595712e-19
circle,24,5.575451929415153e-16,0.0,0.0,5.062706571102665e-08,256,34,3.5,10.0,1,1,1,10.0,8.640129833192572e-16,1,8764,49,nan,nan,nan,nan,nan,nan,nan,nan,nan,0.9125364431486881,8.5330862806499e-20
circle,24,5.575451929415153e-16,0.0,0.0,5.062706571102665e-08,256,35,3.5,10.0,1,1,1,10.0,8.527446431141177e-16,1,8876,49,nan,nan,nan,nan,nan,nan,nan,nan,nan,0.924198250728863,3.0752889336984505e-20
circle,24,5.575451929415153e-16,0.0,0.0,5.062706571102665e-08,256,36,3.5,10.0,1,1,1,10.0,8.166636582971406e-16,1,8980,49,nan,nan,nan,nan,nan,nan,nan,nan,nan,0.9350270720533111,5.325124822819905e-21
circle,24,5.575451929415153e-16,0.0,0.0,5.062706571102665e-08,256,37,3.5,10.0,1,1,1,10.0,8.016801396412564e-16,1,9076,49,nan,nan,nan,nan,nan,nan,nan,nan,nan,0.9450229071220325,4.49201568547737e-22
circle,24,5.575451929415153e-16,0.0,0.0,5.062706571102665e-08,256,38,3.5,10.0,1,1,1,10.0,7.876891375226157e-16,1,9164,49,nan,nan,nan,nan,nan,nan,nan,nan,nan,0.9541857559350271,2.7768277616807036e-22
circle,24,5.575451929415153e-16,0.0,0.0,5.062706571102665e-08,256,39,3.5,10.0,1,1,1,10.0,7.637586028851889e-16,1,9244,49,nan,nan,nan,nan,nan,nan,nan,nan,nan,0.9625156184922948,4.1360689380163003e-23
circle,24,5.575451929415153e-16,0.0,0.0,5.062706571102665e-08,256,40,3.5,10.0,1,1,1,10.0,6.037555056736953e-16,1,9316,49,nan,nan,nan,nan,nan,nan,nan,nan,nan,0.9700124947938359,5.188643457132162e-24
circle,24,5.575451929415153e-16,0.0,0.0,5.062706571102665e-08,256,41,3.5,10.0,1,1,1,10.0,5.858659706745364e-16,1,9380,49,nan,nan,nan,nan,nan,nan,nan,nan,nan,0.9766763848396501,2.2383577576879256e-24
circle,24,5.575451929415153e-16,0.0,0.0,5.062706571102665e-08,256,42,3.5,10.0,1,1,1,10.0,5.670198077532178e-16,1,9436,49,nan,nan,nan,nan,nan,nan,nan,nan,nan,0.9825072886297376,9.940650232911857e-25
circle,24,5.575451929415153e-16,0.0,0.0,5.062706571102665e-08,256,43,3.5,10.0,1,1,1,10.0,5.029969861671014e-16,1,9484,49,nan,nan,nan,nan,nan,nan,nan,nan,nan,0.9875052061640983,2.0320235108654548e-25
circle,24,5.575451929415153e-16,0.0,0.0,5.062706571102665e-08,256,44,3.5,10.0,1,1,1,10.0,4.441571225913546e-16,1,9524,49,nan,nan,nan,nan,nan,nan,nan,nan,nan,0.9916701374427322,5.84661677145386e-26
circle,24,5.575451929415153e-16,0.0,0.0,5.062706571102665e-08,256,45,3.5,10.0,1,1,1,10.0,4.030834961805537e-16,1,9556,49,nan,nan,nan,nan,nan,nan,nan,nan,nan,0.9950020824656394,2.541059675057255e-26
circle,24,5.575451929415153e-16,0.0,0.0,5.062706571102665e-08,256,46,3.5,10.0,1,1,1,10.0,2.404524754562175e-16,1,9580,49,nan,nan,nan,nan,nan,nan,nan,nan,nan,0.9975010412328197,4.326748147249538e-27
circle,24,5.575451929415153e-16,0.0,0.0,5.062706571102665e-08,256,47,3.5,10.0,1,1,1,10.0,1.196332045689163e-16,1,9596,49,nan,nan,nan,nan,nan,nan,nan,nan,nan,0.9991670137442732,1.46852927917921e-27
circle,24,5.575451929415153e-16,0.0,0.0,5.062706571102665e-08,256,48,3.5,10.0,1,1,1,10.0,0.0,1,9604,49,nan,nan,nan,nan,nan,nan,nan,nan,nan,1.0,0.0
circle,54,7.37181566688145e-16,2.407941106018415e-15,5.135084605537966,3.673053287700986e-07,512,0,3.5,30.0,1,1,1,30.0,6.521160999786383e-15,1,436,109,nan,nan,nan,nan,nan,nan,nan,nan,nan,0.009174311926605505,4.467869342548913e-15
circle,54,7.37181566688145e-16,2.147933804759041e-15,4.027195966519607,3.673053287700986e-07,512,1,3.5,30.0,1,1,1,30.0,6.4694104401989786e-15,1,1300,109,nan,nan,nan,nan,nan,nan,nan,nan,nan,0.0273545997811632,4.329512396645525e-15
circle,54,7.37181566688145e-16,2.046963682115543e-15,2.591760871303311,3.673053287700986e-07,512,2,3.5,30.0,1,1,1,30.0,6.449310539590231e-15,1,2156,109,nan,nan,nan,nan,nan,nan,nan,nan,nan,0.045366551637067584,4.2788871191353825e-15
circle,54,7.37181566688145e-16,1.9909279002684574e-15,1.2090408693217215e-07,3.673053287700986e-07,512,3,3.5,30.0,1,1,1,30.0,6.431311196476221e-15,1,3004,109,nan,nan,nan,nan,nan,nan,nan,nan,nan,0.06321016749431865,4.2612586201071025e-15
circle,54,7.37181566688145e-16,1.913285334704048e-15,8.061805964790968e-08,3.673053287700986e-07,512,4,3.5,30.0,1,1,1,30.0,6.3791722781961215e-15,1,3844,109,nan,nan,nan,nan,nan,nan,nan,nan,nan,0.08088544735291642,4.223099937171943e-15
circle,54,7.37181566688145e-16,1.9159399714927395e-15,8.061812738080649e-08,3.673053287700986e-07,512,5,3.5,30.0,1,1,1,30.0,6.365028610368364e-15,1,4676,109,nan,nan,nan,nan,nan,nan,nan,nan,nan,0.09839239121286086,4.218910082839568e-15
circle,54,7.37181566688145e-16,1.940190037102654e-15,1.8716417300442385e-08,3.673053287700986e-07,512,6,3.5,30.0,1,1,1,30.0,6.352846276398375e-15,1,5500,109,nan,nan,nan,nan,nan,nan,nan,nan,nan,0.115730999074152,4.2189829370245484e-15
circle,54,7.37181566688145e-16,1.902350242699844e-15,1.8716560312366643e-08,3.673053287700986e-07,512,7,3.5,30.0,1,1,1,30.0,6.337901066708033e-15,1,6316,109,nan,nan,nan,nan,nan,nan,nan,nan,nan,0.13290127093678983,4.209065621741618e-15
circle,54,7.37181566688145e-16,1.9691057583661556e-15,1.871652638151054e-08,3.673053287700986e-07,512,8,3.5,30.0,1,1,1,30.0,6.31381366188425e-15,1,7124,109,nan,nan,nan,nan,nan,nan,nan,nan,nan,0.14990320680077435,4.2172363379712475e-15
circle,54,7.37181566688145e-16,1.9551162473399756e-15,6.221521577777402e-12,3.673053287700986e-07,512,9,3.5,30.0,1,1,1,30.0,6.301006776362311e-15,1,7924,109,nan,nan,nan,nan,nan,nan,nan,nan,nan,0.16673680666610555,4.203824310167564e-15
circle,54,7.37181566688145e-16,1.9031083193996467e-15,6.072891776533823e-12,3.673053287700986e-07,512,10,3.5,30.0,1,1,1,30.0,6.29084947577433e-15,1,8716,109,nan,nan,nan,nan,nan,nan,nan,nan,nan,0.18340207053278343,4.190037288724945e-15
circle,54,7.37181566688145e-16,1.8668004507012664e-15,6.062252992877521e-12,3.673053287700986e-07,512,11,3.5,30.0,1,1,1,30.0,6.274857055113905e-15,1,9500,109,nan,nan,nan,nan,nan,nan,nan,nan,nan,0.19989899840080802,4.182089323387018e-15
circle,54,7.37181566688145e-16,1.6656801711144538e-15,5.889609650970548e-12,3.673053287700986e-07,512,12,3.5,30.0,1,1,1,30.0,6.235889138186471e-15,1,10276,109,nan,nan,nan,nan,nan,nan,nan,nan,nan,0.21622759027017927,4.095196302449614e-15
circle,54,7.37181566688145e-16,1.6401559711696328e-15,5.8696348019712375e-12,3.673053287700986e-07,512,13,3.5,30.0,1,1,1,30.0,6.226269775458069e-15,1,11044,109,nan,nan,nan,nan,nan,nan,nan,nan,nan,0.23238784614089722,4.089141181169486e-15
circle,54,7.37181566688145e-16,1.6362093697267091e-15,5.7720569358251146e-12,3.673053287700986e-07,512,14,3.5,30.0,1,1,1,30.0,6.217574274433181e-15,1,11804,109,nan,nan,nan,nan,nan,nan,nan,nan,nan,0.24837976601296188,4.087304384293913e-15
circle,54,7.37181566688145e-16,1.5602259345951409e-15,5.617547818723882e-12,3.673053287700986e-07,512,15,3.5,30.0,1,1,1,30.0,6.205925017193907e-15,1,12556,109,nan,nan,nan,nan,nan,nan,nan,nan,nan,0.2642033498863732,4.0558092170182936e-15
circle,54,7.37181566688145e-16,1.5037816048691142e-15,5.267194767738827e-12,3.673053287700986e-07,512,16,3.5,30.0,1,1,1,30.0,6.1879831333699486e-15,1,13300,109,nan,nan,nan,nan,nan,nan,nan,nan,nan,0.2798585977611312,4.0341301495991095e-15
circle,54,7.37181566688145e-16,1.3982333758952432e-15,4.961784946517755e-12,3.673053287700986e-07,512,17,3.5,30.0,1,1,1,30.0,6.1744149169481535e-15,1,14036,109,nan,nan,nan,nan,nan,nan,nan,nan,nan,0.29534550963723594,3.995425052585451e-15
circle,54,7.37181566688145e-16,1.3798935319236197e-15,5.04087668191773e-12,3.673053287700986e-07,512,18,3.5,30.0,1,1,1,30.0,6.169409659913731e-15,1,14764,109,nan,nan,nan,nan,nan,nan,nan,nan,nan,0.3106640855146873,3.991959782624963e-15
circle,54,7.37181566688145e-16,1.3439512275021288e-15,4.734583175988246e-12,3.673053287700986e-07,512,19,3.5,30.0,1,1,1,30.0,6.1603506596184294e-15,1,15484,109,nan,nan,nan,nan,nan,nan,nan,nan,nan,0.32581432539348537,3.976073788284538e-15
circle,54,7.37181566688145e-16,1.2484353866443808e-15,4.516156632482492e-12,3.673053287700986e-07,512,20,3.5,30.0,1,1,1,30.0,6.138750376955341e-15,1,16196,109,nan,nan,nan,nan,nan,nan,nan,nan,nan,0.3407962292736302,3.945232199669986e-15
circle,54,7.37181566688145e-16,1.221803300669342e-15,4.397526921138355e-12,3.673053287700986e-07,512,21,3.5,30.0,1,1,1,30.0,6.131394930107442e-15,1,16900,109,nan,nan,nan,nan,nan,nan,nan,nan,nan,0.35560979715512164,3.934447132069991e-15
circle,54,7.37181566688145e-16,1.1018259734869738e-15,4.179151051173413e-12,3.673053287700986e-07,512,22,3.5,30.0,1,1,1,30.0,6.123353700900957e-15,1,17596,109,nan,nan,nan,nan,nan,nan,nan,nan,nan,0.37025502903795976,3.905676820973567e-15
circle,54,7.37181566688145e-16,1.0484889081108771e-15,3.9905582748699934e-12,3.673053287700986e-07,512,23,3.5,30.0,1,1,1,30.0,6.1155465974120175e-15,1,18284,109,nan,nan,nan,nan,nan,nan,nan,nan,nan,0.3847319249221446,3.885086663162819e-15
circle,54,7.37181566688145e-16,8.310843457608049e-16,3.69849630626555e-12,3.673053287700986e-07,512,24,3.5,30.0,1,1,1,30.0,6.101068827919981e-15,1,18964,109,nan,nan,nan,nan,nan,nan,nan,nan,nan,0.3990404848076761,3.843673831489707e-15
circle,54,7.37181566688145e-16,6.378042736739745e-16,3.2990700507057434e-12,3.673053287700986e-07,512,25,3.5,30.0,1,1,1,30.0,6.0937659406353955e-15,1,19636,109,nan,nan,nan,nan,nan,nan,nan,nan,nan,0.4131807086945543,3.810067033322806e-15
circle,54,7.37181566688145e-16,5.28368347842656e-16,3.033201827646163e-12,3.673053287700986e-07,512,26,3.5,30.0,1,1,1,30.0,6.086578623597295e-15,1,20300,109,nan,nan,nan,nan,nan,nan,nan,nan,nan,0.4271525965827792,3.794905185866721e-15
circle,54,7.37181566688145e-16,4.2479290287484567e-16,2.567646475474756e-12,3.673053287700986e-07,512,27,3.5,30.0,1,1,1,30.0,6.079554352741353e-15,1,20956,109,nan,nan,nan,nan,nan,nan,nan,nan,nan,0.4409561484723508,3.784654400469673e-15
circle,54,7.37181566688145e-16,3.863921180816642e-16,2.432183709105902e-12,3.673053287700986e-07,512,28,3.5,30.0,1,1,1,30.0,6.0710951228389144e-15,1,21604,109,nan,nan,nan,nan,nan,nan,nan,nan,nan,0.4545913643632691,3.777599663624922e-15
circle,54,7.37181566688145e-16,3.27612276795858e-16,2.198012039374237e-12,3.673053287700986e-07,512,29,3.5,30.0,1,1,1,30.0,6.065465024109621e-15,1,22244,109,nan,nan,nan,nan,nan,nan,nan,nan,nan,0.46805824425553405,3.7727369447848015e-15
circle,54,7.37181566688145e-16,3.0535597949127926e-16,2.0546234409367803e-12,3.673053287700986e-07,512,30,3.5,30.0,1,1,1,30.0,6.058058424316247e-15,1,22876,109,nan,nan,nan,nan,nan,nan,nan,nan,nan,0.4813567881491457,3.771001760804406e-15
circle,54,7.37181566688145e-16,2.951371095709197e-16,1.8603669229826393e-12,3.673053287700986e-07,512,31,3.5,30.0,1,1,1,30.0,6.045795305997428e-15,1,23500,109,nan,nan,nan,nan,nan,nan,nan,nan,nan,0.494486996044104,3.76053776460944e-15
circle,54,7.37181566688145e-16,2.3988104570333756e-16,1.7174651741960184e-12,3.673053287700986e-07,512,32,3.5,30.0,1,1,1,30.0,6.021295928116362e-15,1,24116,109,nan,nan,nan,nan,nan,nan,nan,nan,nan,0.5074488679404091,3.733684015029576e-15
circle,54,7.37181566688145e-16,1.5090966986247197e-16,1.2532218686110632e-12,3.673053287700986e-07,512,33,3.5,30.0,1,1,1,30.0,5.9927284229309994e-15,1,24724,109,nan,nan,nan,nan,nan,nan,nan,nan,nan,0.5202424038380608,3.710198531500181e-15
circle,54,7.37181566688145e-16,1.619622907455614e-16,1.1384565164061732e-12,3.673053287700986e-07,512,34,3.5,30.0,1,1,1,30.0,5.98856439773757e-15,1,25324,109,nan,nan,nan,nan,nan,nan,nan,nan,nan,0.5328676037370592,3.7059810649240305e-15
circle,54,7.37181566688145e-16,1.4861037828777424e-16,1.089497311973817e-12,3.673053287700986e-07,512,35,3.5,30.0,1,1,1,30.0,5.974305724897064e-15,1,25916,109,nan,nan,nan,nan,nan,nan,nan,nan,nan,0.5453244676374043,3.695161457561584e-15
circle,54,7.37181566688145e-16,1.1014931103697753e-16,7.127069599424859e-13,3.673053287700986e-07,512,36,3.5,30.0,1,1,1,30.0,5.9498270119381204e-15,1,26500,109,nan,nan,nan,nan,nan,nan,nan,nan,nan,0.557612995539096,3.682331472983991e-15
circle,54,7.37181566688145e-16,1.0972033874722118e-16,6.985226489147784e-13,3.673053287700986e-07,512,37,3.5,30.0,1,1,1,30.0,5.938146056906613e-15,1,27076,109,nan,nan,nan,nan,nan,nan,nan,nan,nan,0.5697331874421345,3.667163726314999e-15
circle,54,7.37181566688145e-16,7.820507408605798e-17,5.585598320634718e-13,3.673053287700986e-07,512,38,3.5,30.0,1,1,1,30.0,5.911091642910794e-15,1,27644,109,nan,nan,nan,nan,nan,nan,nan,nan,nan,0.5816850433465196,3.649669660232602e-15
circle,54,7.37181566688145e-16,4.66456685280779e-17,3.3038429062066347e-13,3.673053287700986e-07,512,39,3.5,30.0,1,1,1,30.0,5.845911013844866e-15,1,28204,109,nan,nan,nan,nan,nan,nan,nan,nan,nan,0.5934685632522515,3.606390412961213e-15
circle,54,7.37181566688145e-16,2.2578861399174284e-17,1.9930251700975018e-13,3.673053287700986e-07,512,40,3.5,30.0,1,1,1,30.0,5.785158053699039e-15,1,28756,109,nan,nan,nan,nan,nan,nan,nan,nan,nan,0.60508374715933,3.507520429482132e-15
circle,54,7.37181566688145e-16,9.06210216663118e-18,1.6060201487818873e-13,3.673053287700986e-07,512,41,3.5,30.0,1,1,1,30.0,5.779281007265187e-15,1,29300,109,nan,nan,nan,nan,nan,nan,nan,nan,nan,0.6165305950677552,3.5005392998517924e-15
circle,54,7.37181566688145e-16,1.1334354994465436e-17,1.1646757372004036e-13,3.673053287700986e-07,512,42,3.5,30.0,1,1,1,30.0,5.765864316708203e-15,1,29836,109,nan,nan,nan,nan,nan,nan,nan,nan,nan,0.6278091069775271,3.4794749104060626e-15
circle,54,7.37181566688145e-16,4.771416003990624e-18,9.777954616142762e-14,3.673053287700986e-07,512,43,3.5,30.0,1,1,1,30.0,5.732906190702367e-15,1,30364,109,nan,nan,nan,nan,nan,nan,nan,nan,nan,0.6389192828886457,3.454906740575196e-15
circle,54,7.37181566688145e-16,1.8034257354561086e-18,4.4467581073035114e-14,3.673053287700986e-07,512,44,3.5,30.0,1,1,1,30.0,5.6912384899665216e-15,1,30884,109,nan,nan,nan,nan,nan,nan,nan,nan,nan,0.649861122801111,3.4165886012085925e-15
circle,54,7.37181566688145e-16,1.8034257354561086e-18,5.0743423145269464e-14,3.673053287700986e-07,512,45,3.5,30.0,1,1,1,30.0,5.679195617058226e-15,1,31396,109,nan,nan,nan,nan,nan,nan,nan,nan,nan,0.660634626714923,3.402198263495115e-15
circle,54,7.37181566688145e-16,1.8034257354561086e-18,4.097115956852686e-14,3.673053287700986e-07,512,46,3.5,30.0,1,1,1,30.0,5.525250336300362e-15,1,31900,109,nan,nan,nan,nan,nan,nan,nan,nan,nan,0.6712397946300817,3.306228729457224e-15
circle,54,7.37181566688145e-16,0.0,1.3184718317089496e-14,3.673053287700986e-07,512,47,3.5,30.0,1,1,1,30.0,4.631085340476315e-15,1,32396,109,nan,nan,nan,nan,nan,nan,nan,nan,nan,0.681676626546587,2.5396158857495847e-15
circle,54,7.37181566688145e-16,0.0,0.0,3.673053287700986e-07,512,48,3.5,30.0,1,1,1,30.0,4.6166817338910505e-15,1,32884,109,nan,nan,nan,nan,nan,nan,nan,nan,nan,0.6919451224644391,2.5246015698044486e-15
circle,54,7.37181566688145e-16,0.0,0.0,3.673053287700986e-07,512,49,3.5,30.0,1,1,1,30.0,3.512168666970219e-15,1,33364,109,nan,nan,nan,nan,nan,nan,nan,nan,nan,0.7020452823836377,1.4213356926669771e-15
circle,54,7.37181566688145e-16,0.0,0.0,3.673053287700986e-07,512,50,3.5,30.0,1,1,1,30.0,3.2287448360199463e-15,1,33836,109,nan,nan,nan,nan,nan,nan,nan,nan,nan,0.7119771063041832,1.1749022884302183e-15
circle,54,7.37181566688145e-16,0.0,0.0,3.673053287700986e-07,512,51,3.5,30.0,1,1,1,30.0,3.2076113540643717e-15,1,34300,109,nan,nan,nan,nan,nan,nan,nan,nan,nan,0.7217405942260753,1.1478173975170876e-15
circle,54,7.37181566688145e-16,0.0,0.0,3.673053287700986e-07,512,52,3.5,30.0,1,1,1,30.0,3.03796786632874e-15,1,34756,109,nan,nan,nan,nan,nan,nan,nan,nan,nan,0.7313357461493141,9.548255560169768e-16
circle,54,7.37181566688145e-16,0.0,0.0,3.673053287700986e-07,512,53,3.5,30.0,1,1,1,30.0,3.002749410322152e-15,1,35204,109,nan,nan,nan,nan,nan,nan,nan,nan,nan,0.7407625620738995,9.293460740237003e-16
circle,54,7.37181566688145e-16,0.0,0.0,3.673053287700986e-07,512,54,3.5,30.0,1,1,1,30.0,2.9650684437625164e-15,1,35644,109,nan,nan,nan,nan,nan,nan,nan,nan,nan,0.7500210419998317,8.615652732948367e-16
circle,54,7.37181566688145e-16,0.0,0.0,3.673053287700986e-07,512,55,3.5,30.0,1,1,1,30.0,2.877134955020337e-15,1,36076,109,nan,nan,nan,nan,nan,nan,nan,nan,nan,0.7591111859271105,7.21106758351398e-16
circle,54,7.37181566688145e-16,0.0,0.0,3.673053287700986e-07,512,56,3.5,30.0,1,1,1,30.0,2.7309836052143546e-15,1,36500,109,nan,nan,nan,nan,nan,nan,nan,nan,nan,0.7680329938557361,6.199698508716306e-16
circle,54,7.37181566688145e-16,0.0,0.0,3.673053287700986e-07,512,57,3.5,30.0,1,1,1,30.0,2.7239997159387284e-15,1,36916,109,nan,nan,nan,nan,nan,nan,nan,nan,nan,0.7767864657857083,6.122368523043256e-16
circle,54,7.37181566688145e-16,0.0,0.0,3.673053287700986e-07,512,58,3.5,30.0,1,1,1,30.0,2.7132459437755766e-15,1,37324,109,nan,nan,nan,nan,nan,nan,nan,nan,nan,0.7853716017170271,5.912987408520179e-16
circle,54,7.37181566688145e-16,0.0,0.0,3.673053287700986e-07,512,59,3.5,30.0,1,1,1,30.0,2.701412774787779e-15,1,37724,109,nan,nan,nan,nan,nan,nan,nan,nan,nan,0.7937884016496928,5.783497912638073e-16
circle,54,7.37181566688145e-16,0.0,0.0,3.673053287700986e-07,512,60,3.5,30.0,1,1,1,30.0,2.6663692003553776e-15,1,38116,109,nan,nan,nan,nan,nan,nan,nan,nan,nan,0.8020368655837051,5.308412850675413e-16
circle,54,7.37181566688145e-16,0.0,0.0,3.673053287700986e-07,512,61,3.5,30.0,1,1,1,30.0,2.6581702482938306e-15,1,38500,109,nan,nan,nan,nan,nan,nan,nan,nan,nan,0.8101169935190641,5.148963959585495e-16
circle,54,7.37181566688145e-16,0.0,0.0,3.673053287700986e-07,512,62,3.5,30.0,1,1,1,30.0,2.626572985978836e-15,1,38876,109,nan,nan,nan,nan,nan,nan,nan,nan,nan,0.8180287854557697,4.084625094535509e-16
circle,54,7.37181566688145e-16,0.0,0.0,3.673053287700986e-07,512,63,3.5,30.0,1,1,1,30.0,2.6062363665341165e-15,1,39244,109,nan,nan,nan,nan,nan,nan,nan,nan,nan,0.8257722413938221,3.922946337015285e-16
circle,54,7.37181566688145e-16,0.0,0.0,3.673053287700986e-07,512,64,3.5,30.0,1,1,1,30.0,2.493094918383228e-15,1,39604,109,nan,nan,nan,nan,nan,nan,nan,nan,nan,0.8333473613332211,2.4430500487122677e-16
circle,54,7.37181566688145e-16,0.0,0.0,3.673053287700986e-07,512,65,3.5,30.0,1,1,1,30.0,2.4798620244848632e-15,1,39956,109,nan,nan,nan,nan,nan,nan,nan,nan,nan,0.8407541452739669,2.000194602794843e-16
circle,54,7.37181566688145e-16,0.0,0.0,3.673053287700986e-07,512,66,3.5,30.0,1,1,1,30.0,2.4521954150586533e-15,1,40300,109,nan,nan,nan,nan,nan,nan,nan,nan,nan,0.8479925932160592,1.8466419819536253e-16
circle,54,7.37181566688145e-16,0.0,0.0,3.673053287700986e-07,512,67,3.5,30.0,1,1,1,30.0,2.4377434578875814e-15,1,40636,109,nan,nan,nan,nan,nan,nan,nan,nan,nan,0.8550627051594983,1.450405171258922e-16
circle,54,7.37181566688145e-16,0.0,0.0,3.673053287700986e-07,512,68,3.5,30.0,1,1,1,30.0,2.4074659983537695e-15,1,40964,109,nan,nan,nan,nan,nan,nan,nan,nan,nan,0.8619644811042841,7.798606551477295e-17
circle,54,7.37181566688145e-16,0.0,0.0,3.673053287700986e-07,512,69,3.5,30.0,1,1,1,30.0,2.391731490071876e-15,1,41284,109,nan,nan,nan,nan,nan,nan,nan,nan,nan,0.8686979210504167,2.6088314388185318e-17
circle,54,7.37181566688145e-16,0.0,0.0,3.673053287700986e-07,512,70,3.5,30.0,1,1,1,30.0,2.380848780821751e-15,1,41596,109,nan,nan,nan,nan,nan,nan,nan,nan,nan,0.8752630249978958,1.7051426088267694e-17
circle,54,7.37181566688145e-16,0.0,0.0,3.673053287700986e-07,512,71,3.5,30.0,1,1,1,30.0,2.3701427184901516e-15,1,41900,109,nan,nan,nan,nan,nan,nan,nan,nan,nan,0.8816597929467217,1.1193912383145333e-17
circle,54,7.37181566688145e-16,0.0,0.0,3.673053287700986e-07,512,72,3.5,30.0,1,1,1,30.0,2.3372915828641775e-15,1,42196,109,nan,nan,nan,nan,nan,nan,nan,nan,nan,0.8878882248968942,3.503307719297286e-18
circle,54,7.37181566688145e-16,0.0,0.0,3.673053287700986e-07,512,73,3.5,30.0,1,1,1,30.0,2.3226004424610834e-15,1,42484,109,nan,nan,nan,nan,nan,nan,nan,nan,nan,0.8939483208484135,1.6522374889379483e-18
circle,54,7.37181566688145e-16,0.0,0.0,3.673053287700986e-07,512,74,3.5,30.0,1,1,1,30.0,2.312909928884978e-15,1,42764,109,nan,nan,nan,nan,nan,nan,nan,nan,nan,0.8998400808012793,5.451399247237581e-19
circle,54,7.37181566688145e-16,0.0,0.0,3.673053287700986e-07,512,75,3.5,30.0,1,1,1,30.0,2.30024729437532e-15,1,43036,109,nan,nan,nan,nan,nan,nan,nan,nan,nan,0.905563504755492,2.8979723415673616e-19
circle,54,7.37181566688145e-16,0.0,0.0,3.673053287700986e-07,512,76,3.5,30.0,1,1,1,30.0,2.23156991236822e-15,1,43300,109,nan,nan,nan,nan,nan,nan,nan,nan,nan,0.9111185927110512,5.235576030477326e-20
circle,54,7.37181566688145e-16,0.0,0.0,3.673053287700986e-07,512,77,3.5,30.0,1,1,1,30.0,2.2161583844109994e-15,1,43556,109,nan,nan,nan,nan,nan,nan,nan,nan,nan,0.9165053446679572,2.2927274595464452e-20
circle,54,7.37181566688145e-16,0.0,0.0,3.673053287700986e-07,512,78,3.5,30.0,1,1,1,30.0,2.202470711085677e-15,1,43804,109,nan,nan,nan,nan,nan,nan,nan,nan,nan,0.9217237606262099,1.4533186019035923e-20
circle,54,7.37181566688145e-16,0.0,0.0,3.673053287700986e-07,512,79,3.5,30.0,1,1,1,30.0,2.1878829211056156e-15,1,44044,109,nan,nan,nan,nan,nan,nan,nan,nan,nan,0.9267738405858092,7.482973952602707e-21
circle,54,7.37181566688145e-16,0.0,0.0,3.673053287700986e-07,512,80,3.5,30.0,1,1,1,30.0,2.1536876242880378e-15,1,44276,109,nan,nan,nan,nan,nan,nan,nan,nan,nan,0.9316555845467553,1.4847215828999029e-21
circle,54,7.37181566688145e-16,0.0,0.0,3.673053287700986e-07,512,81,3.5,30.0,1,1,1,30.0,2.1383568966329863e-15,1,44500,109,nan,nan,nan,nan,nan,nan,nan,nan,nan,0.936368992509048,4.545970125861779e-22
circle,54,7.37181566688145e-16,0.0,0.0,3.673053287700986e-07,512,82,3.5,30.0,1,1,1,30.0,2.1236806803731514e-15,1,44716,109,nan,nan,nan,nan,nan,nan,nan,nan,nan,0.9409140644726874,1.7738905736602258e-22
circle,54,7.37181566688145e-16,0.0,0.0,3.673053287700986e-07,512,83,3.5,30.0,1,1,1,30.0,2.1061375838737823e-15,1,44924,109,nan,nan,nan,nan,nan,nan,nan,nan,nan,0.9452908004376736,6.099540840858291e-23
circle,54,7.37181566688145e-16,0.0,0.0,3.673053287700986e-07,512,84,3.5,30.0,1,1,1,30.0,2.0749103755711092e-15,1,45124,109,nan,nan,nan,nan,nan,nan,nan,nan,nan,0.9494992004040064,1.3280174680882192e-23
circle,54,7.37181566688145e-16,0.0,0.0,3.673053287700986e-07,512,85,3.5,30.0,1,1,1,30.0,2.055024409286692e-15,1,45316,109,nan,nan,nan,nan,nan,nan,nan,nan,nan,0.9535392643716859,4.080351582010819e-24
circle,54,7.37181566688145e-16,0.0,0.0,3.673053287700986e-07,512,86,3.5,30.0,1,1,1,30.0,2.0239259466559666e-15,1,45500,109,nan,nan,nan,nan,nan,nan,nan,nan,nan,0.957410992340712,7.097574153543651e-25
circle,54,7.37181566688145e-16,0.0,0.0,3.673053287700986e-07,512,87,3.5,30.0,1,1,1,30.0,1.999962495829206e-15,1,45676,109,nan,nan,nan,nan,nan,nan,nan,nan,nan,0.961114384311085,2.448181591747871e-25
circle,54,7.37181566688145e-16,0.0,0.0,3.673053287700986e-07,512,88,3.5,30.0,1,1,1,30.0,1.9586772487048358e-15,1,45844,109,nan,nan,nan,nan,nan,nan,nan,nan,nan,0.9646494402828045,3.1460135937337064e-26
circle,54,7.37181566688145e-16,0.0,0.0,3.673053287700986e-07,512,89,3.5,30.0,1,1,1,30.0,1.9368437463635345e-15,1,46004,109,nan,nan,nan,nan,nan,nan,nan,nan,nan,0.9680161602558707,9.704381670975233e-27
circle,54,7.37181566688145e-16,0.0,0.0,3.673053287700986e-07,512,90,3.5,30.0,1,1,1,30.0,1.9163196253774558e-15,1,46156,109,nan,nan,nan,nan,nan,nan,nan,nan,nan,0.9712145442302836,2.3932282177157658e-27
circle,54,7.37181566688145e-16,0.0,0.0,3.673053287700986e-07,512,91,3.5,30.0,1,1,1,30.0,1.8968217581453655e-15,1,46300,109,nan,nan,nan,nan,nan,nan,nan,nan,nan,0.9742445922060433,3.7786187543331473e-28
circle,54,7.37181566688145e-16,0.0,0.0,3.673053287700986e-07,512,92,3.5,30.0,1,1,1,30.0,1.823040938301941e-15,1,46436,109,nan,nan,nan,nan,nan,nan,nan,nan,nan,0.9771063041831496,7.110562337990297e-29
circle,54,7.37181566688145e-16,0.0,0.0,3.673053287700986e-07,512,93,3.5,30.0,1,1,1,30.0,1.792913196877564e-15,1,46564,109,nan,nan,nan,nan,nan,nan,nan,nan,nan,0.9797996801616026,2.400823870064232e-29
circle,54,7.37181566688145e-16,0.0,0.0,3.673053287700986e-07,512,94,3.5,30.0,1,1,1,30.0,1.7754935006546502e-15,1,46684,109,nan,nan,nan,nan,nan,nan,nan,nan,nan,0.9823247201414023,7.666071835423056e-30
circle,54,7.37181566688145e-16,0.0,0.0,3.673053287700986e-07,512,95,3.5,30.0,1,1,1,30.0,1.7265388032881812e-15,1,46796,109,nan,nan,nan,nan,nan,nan,nan,nan,nan,0.9846814241225486,2.6613105346290615e-30
circle,54,7.37181566688145e-16,0.0,0.0,3.673053287700986e-07,512,96,3.5,30.0,1,1,1,30.0,1.4240560582104612e-15,1,46900,109,nan,nan,nan,nan,nan,nan,nan,nan,nan,0.9868697921050417,1.6994244632750024e-30
circle,54,7.37181566688145e-16,0.0,0.0,3.673053287700986e-07,512,97,3.5,30.0,1,1,1,30.0,1.3904672489098851e-15,1,46996,109,nan,nan,nan,nan,nan,nan,nan,nan,nan,0.9888898240888814,1.6398778771534973e-30
circle,54,7.37181566688145e-16,0.0,0.0,3.673053287700986e-07,512,98,3.5,30.0,1,1,1,30.0,1.3050877184731247e-15,1,47084,109,nan,nan,nan,nan,nan,nan,nan,nan,nan,0.9907415200740678,1.504686743408446e-30
circle,54,7.37181566688145e-16,0.0,0.0,3.673053287700986e-07,512,99,3.5,30.0,1,1,1,30.0,1.281761134726273e-15,1,47164,109,nan,nan,nan,nan,nan,nan,nan,nan,nan,0.9924248800606009,1.4947061599980879e-30
circle,54,7.37181566688145e-16,0.0,0.0,3.673053287700986e-07,512,100,3.5,30.0,1,1,1,30.0,1.1756167950520527e-15,1,47236,109,nan,nan,nan,nan,nan,nan,nan,nan,nan,0.9939399040484808,1.3909612860853991e-30
circle,54,7.37181566688145e-16,0.0,0.0,3.673053287700986e-07,512,101,3.5,30.0,1,1,1,30.0,1.1474730991386683e-15,1,47300,109,nan,nan,nan,nan,nan,nan,nan,nan,nan,0.9952865920377073,1.3320678508058509e-30
circle,54,7.37181566688145e-16,0.0,0.0,3.673053287700986e-07,512,102,3.5,30.0,1,1,1,30.0,1.1268086179266496e-15,1,47356,109,nan,nan,nan,nan,nan,nan,nan,nan,nan,0.9964649440282805,1.3027733653603342e-30
circle,54,7.37181566688145e-16,0.0,0.0,3.673053287700986e-07,512,103,3.5,30.0,1,1,1,30.0,1.1185130152734085e-15,1,47404,109,nan,nan,nan,nan,nan,nan,nan,nan,nan,0.9974749600202003,1.304448354075908e-30
circle,54,7.37181566688145e-16,0.0,0.0,3.673053287700986e-07,512,104,3.5,30.0,1,1,1,30.0,4.137504225894161e-16,1,47444,109,nan,nan,nan,nan,nan,nan,nan,nan,nan,0.9983166400134669,5.924682196287615e-31
circle,54,7.37181566688145e-16,0.0,0.0,3.673053287700986e-07,512,105,3.5,30.0,1,1,1,30.0,3.797779805003284e-16,1,47476,109,nan,nan,nan,nan,nan,nan,nan,nan,nan,0.9989899840080801,5.234973703861502e-31
circle,54,7.37181566688145e-16,0.0,0.0,3.673053287700986e-07,512,106,3.5,30.0,1,1,1,30.0,3.171579355865877e-16,1,47500,109,nan,nan,nan,nan,nan,nan,nan,nan,nan,0.99949499200404,4.338201740277539e-31
circle,54,7.37181566688145e-16,0.0,0.0,3.673053287700986e-07,512,107,3.5,30.0,1,1,1,30.0,3.046716056579091e-16,1,47516,109,nan,nan,nan,nan,nan,nan,nan,nan,nan,0.9998316640013467,3.9269578261608486e-31
circle,54,7.37181566688145e-16,0.0,0.0,3.673053287700986e-07,512,108,3.5,30.0,1,1,1,30.0,0.0,1,47524,109,nan,nan,nan,nan,nan,nan,nan,nan,nan,1.0,0.0
ellipse,24,8.331431036509984e-16,0.3561167484095871,1.228089441237451,8.315510751095986e-09,256,0,0.30951960420311164,2.0,1,1,1,2.0,0.018898171011671242,1,196,49,0.995173682070024,0.9951736820703725,0.9864831571255339,0.982694668940394,0.3672318851940705,0.36723188519534206,0.30349198896342455,0.43655324495353437,0.3073250274035615,0.02040816326530612,0.057428251899332344
ellipse,24,8.331431036509984e-16,0.3561167484095871,0.47456713529835093,8.315510751095986e-09,256,1,0.30951960420311164,2.0,1,1,1,2.0,0.018898171011671242,1,580,49,0.995173682070024,0.9951736820703725,0.9864831571255339,0.982694668940394,0.3672318851940705,0.36723188519534206,0.30349198896342455,0.43655324495353437,0.3073250274035615,0.060391503540191585,0.05742825189933235
ellipse,24,8.331431036509984e-16,0.005231661294326597,0.15568987265671594,8.315510751095986e-09,256,2,0.30951960420311164,2.0,1,1,1,2.0,0.003020783766989715,1,956,49,0.995173682070024,0.9951736820703725,0.9864831571255339,0.982694668940394,0.3672318851940705,0.36723188519534206,0.30349198896342455,0.43655324495353437,0.3073250274035615,0.09954185755935027,0.004488772722665347
ellipse,24,8.331431036509984e-16,0.005231661294326601,0.08967198109595145,8.315510751095986e-09,256,3,0.30951960420311164,2.0,1,1,1,2.0,0.003020783766989715,1,1324,49,0.995173682070024,0.9951736820703725,0.9864831571255339,0.982694668940394,0.3672318851940705,0.36723188519534206,0.30349198896342455,0.43655324495353437,0.3073250274035615,0.13785922532278216,0.004488772722665348
ellipse,24,8.331431036509984e-16,5.689321835604037e-05,0.004103777813641951,8.315510751095986e-09,256,4,0.30951960420311164,2.0,1,1,1,2.0,0.0007696283367851771,1,1684,49,0.995173682070024,0.9951736820703725,0.9864831571255339,0.982694668940394,0.3672318851940705,0.36723188519534206,0.30349198896342455,0.43655324495353437,0.3073250274035615,0.1753436068304873,0.00034163639381439134
ellipse,24,8.331431036509984e-16,5.689321835604176e-05,0.0035200845294210193,8.315510751095986e-09,256,5,0.30951960420311164,2.0,1,1,1,2.0,0.0007696283367851771,1,2036,49,0.995173682070024,0.9951736820703725,0.9864831571255339,0.982694668940394,0.3672318851940705,0.36723188519534206,0.30349198896342455,0.43655324495353437,0.3073250274035615,0.21199500208246563,0.00034163639381439145
ellipse,24,8.331431036509984e-16,5.47501088362298e-07,7.944293899813015e-05,8.315510751095986e-09,256,6,0.30951960420311164,2.0,1,1,1,2.0,0.0004223913975768387,1,2380,49,0.995173682070024,0.9951736820703725,0.9864831571255339,0.982694668940394,0.3672318851940705,0.36723188519534206,0.30349198896342455,0.43655324495353437,0.3073250274035615,0.2478134110787172,2.9466228954688327e-05
ellipse,24,8.331431036509984e-16,5.47501088362298e-07,7.575757249824663e-05,8.315510751095986e-09,256,7,0.30951960420311164,2.0,1,1,1,2.0,0.0004223913975768387,1,2716,49,0.995173682070024,0.9951736820703725,0.9864831571255339,0.982694668940394,0.3672318851940705,0.36723188519534206,0.30349198896342455,0.43655324495353437,0.3073250274035615,0.282798833819242,2.9466228954688334e-05
ellipse,24,8.331431036509984e-16,4.892292429202922e-09,1.0969871050967256e-06,8.315510751095986e-09,256,8,0.30951960420311164,2.0,1,1,1,2.0,0.00024721326097523744,1,3044,49,0.995173682070024,0.9951736820703725,0.9864831571255339,0.982694668940394,0.3672318851940705,0.36723188519534206,0.30349198896342455,0.43655324495353437,0.3073250274035615,0.31695127030403997,2.203258734318091e-06
ellipse,24,8.331431036509984e-16,4.892292429202922e-09,1.053061551807377e-06,8.315510751095986e-09,256,9,0.30951960420311164,2.0,1,1,1,2.0,0.00024721326097523744,1,3364,49,0.995173682070024,0.9951736820703725,0.9864831571255339,0.982694668940394,0.3672318851940705,0.36723188519534206,0.30349198896342455,0.43655324495353437,0.3073250274035615,0.3502707205331112,2.203258734318093e-06
ellipse,24,8.331431036509984e-16,5.0379239916352555e-11,1.3141872179146276e-08,8.315510751095986e-09,256,10,0.30951960420311164,2.0,1,1,1,2.0,0.00014148679724877377,1,3676,49,0.995173682070024,0.9951736820703725,0.9864831571255339,0.982694668940394,0.3672318851940705,0.36723188519534206,0.30349198896342455,0.43655324495353437,0.3073250274035615,0.3827571845064556,1.5542729841945797e-07
ellipse,24,8.331431036509984e-16,5.0379239916352555e-11,1.2461162214120521e-08,8.315510751095986e-09,256,11,0.30951960420311164,2.0,1,1,1,2.0,0.00014148679724877377,1,3980,49,0.995173682070024,0.9951736820703725,0.9864831571255339,0.982694668940394,0.3672318851940705,0.36723188519534206,0.30349198896342455,0.43655324495353437,0.3073250274035615,0.4144106622240733,1.5542729841945726e-07
ellipse,24,8.331431036509984e-16,6.41182907933781e-13,1.78346228863281e-10,8.315510751095986e-09,256,12,0.30951960420311164,2.0,1,1,1,2.0,7.960571221911678e-05,1,4276,49,0.995173682070024,0.9951736820703725,0.9864831571255339,0.982694668940394,0.3672318851940705,0.36723188519534206,0.30349198896342455,0.43655324495353437,0.3073250274035615,0.44523115368596416,1.1965156918072739e-08
ellipse,24,8.331431036509984e-16,6.41182907933781e-13,1.681243420479605e-10,8.315510751095986e-09,256,13,0.30951960420311164,2.0,1,1,1,2.0,7.960571221911678e-05,1,4564,49,0.995173682070024,0.9951736820703725,0.9864831571255339,0.982694668940394,0.3672318851940705,0.36723188519534206,0.30349198896342455,0.43655324495353437,0.3073250274035615,0.4752186588921283,1.1965156918072792e-08
ellipse,24,8.331431036509984e-16,6.2607381765480626e-15,2.6700604026572707e-11,8.315510751095986e-09,256,14,0.30951960420311164,2.0,1,1,1,2.0,4.4289272280474225e-05,1,4844,49,0.995173682070024,0.9951736820703725,0.9864831571255339,0.982694668940394,0.3672318851940705,0.36723188519534206,0.30349198896342455,0.43655324495353437,0.3073250274035615,0.5043731778425656,1.054752044609171e-09
ellipse,24,8.331431036509984e-16,6.2607381765480626e-15,2.6672786506190225e-11,8.315510751095986e-09,256,15,0.30951960420311164,2.0,1,1,1,2.0,4.4289272280474225e-05,1,5116,49,0.995173682070024,0.9951736820703725,0.9864831571255339,0.982694668940394,0.3672318851940705,0.36723188519534206,0.30349198896342455,0.43655324495353437,0.3073250274035615,0.5326947105372761,1.0547520446091355e-09
ellipse,24,8.331431036509984e-16,3.8962083054237447e-16,1.1257779040791345e-11,8.315510751095986e-09,256,16,0.30951960420311164,2.0,1,1,1,2.0,2.44560030859583e-05,1,5380,49,0.995173682070024,0.9951736820703725,0.9864831571255339,0.982694668940394,0.3672318851940705,0.36723188519534206,0.30349198896342455,0.43655324495353437,0.3073250274035615,0.5601832569762599,1.0138516456015107e-10
ellipse,24,8.331431036509984e-16,3.8962083054237447e-16,1.126014593184411e-11,8.315510751095986e-09,256,17,0.30951960420311164,2.0,1,1,1,2.0,2.44560030859583e-05,1,5636,49,0.995173682070024,0.9951736820703725,0.9864831571255339,0.982694668940394,0.3672318851940705,0.36723188519534206,0.30349198896342455,0.43655324495353437,0.3073250274035615,0.5868388171595169,1.0138516456015534e-10
ellipse,24,8.331431036509984e-16,6.217480936625622e-17,2.282921741242357e-12,8.315510751095986e-09,256,18,0.30951960420311164,2.0,1,1,1,2.0,1.343384600849834e-05,1,5884,49,0.995173682070024,0.9951736820703725,0.9864831571255339,0.982694668940394,0.3672318851940705,0.36723188519534206,0.30349198896342455,0.43655324495353437,0.3073250274035615,0.6126613910870471,1.0180772308838408e-11
ellipse,24,8.331431036509984e-16,6.217480936625622e-17,2.282921741242357e-12,8.315510751095986e-09,256,19,0.30951960420311164,2.0,1,1,1,2.0,1.343384600849834e-05,1,6124,49,0.995173682070024,0.9951736820703725,0.9864831571255339,0.982694668940394,0.3672318851940705,0.36723188519534206,0.30349198896342455,0.43655324495353437,0.3073250274035615,0.6376509787588505,1.0180772308837088e-11
ellipse,24,8.331431036509984e-16,1.480982407264557e-17,1.2340117520228956e-13,8.315510751095986e-09,256,20,0.30951960420311164,2.0,1,1,1,2.0,7.35155005664015e-06,1,6356,49,0.995173682070024,0.9951736820703725,0.9864831571255339,0.982694668940394,0.3672318851940705,0.36723188519534206,0.30349198896342455,0.43655324495353437,0.3073250274035615,0.6618075801749271,1.0481419671766804e-12
ellipse,24,8.331431036509984e-16,1.480982407264557e-17,1.2340117520228956e-13,8.315510751095986e-09,256,21,0.30951960420311164,2.0,1,1,1,2.0,7.35155005664015e-06,1,6580,49,0.995173682070024,0.9951736820703725,0.9864831571255339,0.982694668940394,0.3672318851940705,0.36723188519534206,0.30349198896342455,0.43655324495353437,0.3073250274035615,0.685131195335277,1.048141967567152e-12
ellipse,24,8.331431036509984e-16,0.0,0.0,8.315510751095986e-09,256,22,0.30951960420311164,2.0,1,1,1,2.0,4.011829639320315e-06,1,6796,49,0.995173682070024,0.9951736820703725,0.9864831571255339,0.982694668940394,0.3672318851940705,0.36723188519534206,0.30349198896342455,0.43655324495353437,0.3073250274035615,0.7076218242399,1.0976873561223231e-13
ellipse,24,8.331431036509984e-16,0.0,0.0,8.315510751095986e-09,256,23,0.30951960420311164,2.0,1,1,1,2.0,4.011829639320315e-06,1,7004,49,0.995173682070024,0.9951736820703725,0.9864831571255339,0.982694668940394,0.3672318851940705,0.36723188519534206,0.30349198896342455,0.43655324495353437,0.3073250274035615,0.7292794668887963,1.0976873351184206e-13
ellipse,24,8.331431036509984e-16,0.0,0.0,8.315510751095986e-09,256,24,0.30951960420311164,2.0,1,1,1,2.0,2.1846412432748177e-06,1,7204,49,0.995173682070024,0.9951736820703725,0.9864831571255339,0.982694668940394,0.3672318851940705,0.36723188519534206,0.30349198896342455,0.43655324495353437,0.3073250274035615,0.7501041232819659,1.1648966657901383e-14
ellipse,24,8.331431036509984e-16,0.0,0.0,8.315510751095986e-09,256,25,0.30951960420311164,2.0,1,1,1,2.0,2.1846412432748177e-06,1,7396,49,0.995173682070024,0.9951736820703725,0.9864831571255339,0.982694668940394,0.3672318851940705,0.36723188519534206,0.30349198896342455,0.43655324495353437,0.3073250274035615,0.7700957934194086,1.1648869697258743e-14
ellipse,24,8.331431036509984e-16,0.0,0.0,8.315510751095986e-09,256,26,0.30951960420311164,2.0,1,1,1,2.0,1.1876711870058018e-06,1,7580,49,0.995173682070024,0.9951736820703725,0.9864831571255339,0.982694668940394,0.3672318851940705,0.36723188519534206,0.30349198896342455,0.43655324495353437,0.3073250274035615,0.7892544773011245,1.2491951933251266e-15
ellipse,24,8.331431036509984e-16,0.0,0.0,8.315510751095986e-09,256,27,0.30951960420311164,2.0,1,1,1,2.0,1.1876711870058018e-06,1,7756,49,0.995173682070024,0.9951736820703725,0.9864831571255339,0.982694668940394,0.3672318851940705,0.36723188519534206,0.30349198896342455,0.43655324495353437,0.3073250274035615,0.8075801749271136,1.249195073168609e-15
ellipse,24,8.331431036509984e-16,0.0,0.0,8.315510751095986e-09,256,28,0.30951960420311164,2.0,1,1,1,2.0,6.448203572527105e-07,1,7924,49,0.995173682070024,0.9951736820703725,0.9864831571255339,0.982694668940394,0.3672318851940705,0.36723188519534206,0.30349198896342455,0.43655324495353437,0.3073250274035615,0.8250728862973761,1.3512037224534152e-16
ellipse,24,8.331431036509984e-16,0.0,0.0,8.315510751095986e-09,256,29,0.30951960420311164,2.0,1,1,1,2.0,6.448203572527105e-07,1,8084,49,0.995173682070024,0.9951736820703725,0.9864831571255339,0.982694668940394,0.3672318851940705,0.36723188519534206,0.30349198896342455,0.43655324495353437,0.3073250274035615,0.8417326114119117,1.3512037105989798e-16
ellipse,24,8.331431036509984e-16,0.0,0.0,8.315510751095986e-09,256,30,0.30951960420311164,2.0,1,1,1,2.0,3.497164152992541e-07,1,8236,49,0.995173682070024,0.9951736820703725,0.9864831571255339,0.982694668940394,0.3672318851940705,0.36723188519534206,0.30349198896342455,0.43655324495353437,0.3073250274035615,0.8575593502707205,1.4721826392047406e-17
ellipse,24,8.331431036509984e-16,0.0,0.0,8.315510751095986e-09,256,31,0.30951960420311164,2.0,1,1,1,2.0,3.497164152992541e-07,1,8380,49,0.995173682070024,0.9951736820703725,0.9864831571255339,0.982694668940394,0.3672318851940705,0.36723188519534206,0.30349198896342455,0.43655324495353437,0.3073250274035615,0.8725531028738026,1.47218263894582e-17
ellipse,24,8.331431036509984e-16,0.0,0.0,8.315510751095986e-09,256,32,0.30951960420311164,2.0,1,1,1,2.0,1.8949793689704225e-07,1,8516,49,0.995173682070024,0.9951736820703725,0.9864831571255339,0.982694668940394,0.3672318851940705,0.36723188519534206,0.30349198896342455,0.43655324495353437,0.3073250274035615,0.8867138692211578,1.6139976308906265e-18
ellipse,24,8.331431036509984e-16,0.0,0.0,8.315510751095986e-09,256,33,0.30951960420311164,2.0,1,1,1,2.0,1.8949793689704225e-07,1,8644,49,0.995173682070024,0.9951736820703725,0.9864831571255339,0.982694668940394,0.3672318851940705,0.36723188519534206,0.30349198896342455,0.43655324495353437,0.3073250274035615,0.9000416493127863,1.613997630807248e-18
ellipse,24,8.331431036509984e-16,0.0,0.0,8.315510751095986e-09,256,34,0.30951960420311164,2.0,1,1,1,2.0,1.0259910794124216e-07,1,8764,49,0.995173682070024,0.9951736820703725,0.9864831571255339,0.982694668940394,0.3672318851940705,0.36723188519534206,0.30349198896342455,0.43655324495353437,0.3073250274035615,0.9125364431486881,1.7790538616251824e-19
ellipse,24,8.331431036509984e-16,0.0,0.0,8.315510751095986e-09,256,35,0.30951960420311164,2.0,1,1,1,2.0,1.0259910794124216e-07,1,8876,49,0.995173682070024,0.9951736820703725,0.9864831571255339,0.982694668940394,0.3672318851940705,0.36723188519534206,0.30349198896342455,0.43655324495353437,0.3073250274035615,0.924198250728863,1.7790538616006288e-19
ellipse,24,8.331431036509984e-16,0.0,0.0,8.315510751095986e-09,256,36,0.30951960420311164,2.0,1,1,1,2.0,5.5500580749153427e-08,1,8980,49,0.995173682070024,0.9951736820703725,0.9864831571255339,0.982694668940394,0.3672318851940705,0.36723188519534206,0.30349198896342455,0.43655324495353437,0.3073250274035615,0.9350270720533111,1.970237019002377e-20
ellipse,24,8.331431036509984e-16,0.0,0.0,8.315510751095986e-09,256,37,0.30951960420311164,2.0,1,1,1,2.0,5.5500580749153427e-08,1,9076,49,0.995173682070024,0.9951736820703725,0.9864831571255339,0.982694668940394,0.3672318851940705,0.36723188519534206,0.30349198896342455,0.43655324495353437,0.3073250274035615,0.9450229071220325,1.9702370190215e-20
ellipse,24,8.331431036509984e-16,0.0,0.0,8.315510751095986e-09,256,38,0.30951960420311164,2.0,1,1,1,2.0,2.997847851218481e-08,1,9164,49,0.995173682070024,0.9951736820703725,0.9864831571255339,0.982694668940394,0.3672318851940705,0.36723188519534206,0.30349198896342455,0.43655324495353437,0.3073250274035615,0.9541857559350271,2.191214524738668e-21
ellipse,24,8.331431036509984e-16,0.0,0.0,8.315510751095986e-09,256,39,0.30951960420311164,2.0,1,1,1,2.0,2.997847851218481e-08,1,9244,49,0.995173682070024,0.9951736820703725,0.9864831571255339,0.982694668940394,0.3672318851940705,0.36723188519534206,0.30349198896342455,0.43655324495353437,0.3073250274035615,0.9625156184922948,2.191214524435802e-21
ellipse,24,8.331431036509984e-16,0.0,0.0,8.315510751095986e-09,256,40,0.30951960420311164,2.0,1,1,1,2.0,1.613186215894201e-08,1,9316,49,0.995173682070024,0.9951736820703725,0.9864831571255339,0.982694668940394,0.3672318851940705,0.36723188519534206,0.30349198896342455,0.43655324495353437,0.3073250274035615,0.9700124947938359,2.4500886806699325e-22
ellipse,24,8.331431036509984e-16,0.0,0.0,8.315510751095986e-09,256,41,0.30951960420311164,2.0,1,1,1,2.0,1.613186215894201e-08,1,9380,49,0.995173682070024,0.9951736820703725,0.9864831571255339,0.982694668940394,0.3672318851940705,0.36723188519534206,0.30349198896342455,0.43655324495353437,0.3073250274035615,0.9766763848396501,2.450088680235115e-22
ellipse,24,8.331431036509984e-16,0.0,0.0,8.315510751095986e-09,256,42,0.30951960420311164,2.0,1,1,1,2.0,8.576333368247424e-09,1,9436,49,0.995173682070024,0.9951736820703725,0.9864831571255339,0.982694668940394,0.3672318851940705,0.36723188519534206,0.30349198896342455,0.43655324495353437,0.3073250274035615,0.9825072886297376,2.7530826766606057e-23
ellipse,24,8.331431036509984e-16,0.0,0.0,8.315510751095986e-09,256,43,0.30951960420311164,2.0,1,1,1,2.0,8.576333368247422e-09,1,9484,49,0.995173682070024,0.9951736820703725,0.9864831571255339,0.982694668940394,0.3672318851940705,0.36723188519534206,0.30349198896342455,0.43655324495353437,0.3073250274035615,0.9875052061640983,2.7530826763987896e-23
ellipse,24,8.331431036509984e-16,0.0,0.0,8.315510751095986e-09,256,44,0.30951960420311164,2.0,1,1,1,2.0,4.360307566681028e-09,1,9524,49,0.995173682070024,0.9951736820703725,0.9864831571255339,0.982694668940394,0.3672318851940705,0.36723188519534206,0.30349198896342455,0.43655324495353437,0.3073250274035615,0.9916701374427322,3.3630105134656354e-24
ellipse,24,8.331431036509984e-16,0.0,0.0,8.315510751095986e-09,256,45,0.30951960420311164,2.0,1,1,1,2.0,4.360307566681027e-09,1,9556,49,0.995173682070024,0.9951736820703725,0.9864831571255339,0.982694668940394,0.3672318851940705,0.36723188519534206,0.30349198896342455,0.43655324495353437,0.3073250274035615,0.9950020824656394,3.363010506625879e-24
ellipse,24,8.331431036509984e-16,0.0,0.0,8.315510751095986e-09,256,46,0.30951960420311164,2.0,1,1,1,2.0,1.7574315053910395e-09,1,9580,49,0.995173682070024,0.9951736820703725,0.9864831571255339,0.982694668940394,0.3672318851940705,0.36723188519534206,0.30349198896342455,0.43655324495353437,0.3073250274035615,0.9975010412328197,5.867111318466857e-25
ellipse,24,8.331431036509984e-16,0.0,0.0,8.315510751095986e-09,256,47,0.30951960420311164,2.0,1,1,1,2.0,1.7574315053910385e-09,1,9596,49,0.995173682070024,0.9951736820703725,0.9864831571255339,0.982694668940394,0.3672318851940705,0.36723188519534206,0.30349198896342455,0.43655324495353437,0.3073250274035615,0.9991670137442732,5.867111295079054e-25
ellipse,24,8.331431036509984e-16,0.0,0.0,8.315510751095986e-09,256,48,0.30951960420311164,2.0,1,1,1,2.0,0.0,1,9604,49,0.995173682070024,0.9951736820703725,0.9864831571255339,0.982694668940394,0.3672318851940705,0.36723188519534206,0.30349198896342455,0.43655324495353437,0.3073250274035615,1.0,0.0
ellipse,24,1.062559454371746e-15,1.2060408262690119,1.6463834449007724,6.201586944019784e-08,256,0,0.30951960420311164,10.0,1,1,1,10.0,0.35060555912092534,1,196,49,0.9952582490238285,0.9952582490237714,0.9965262970872826,0.9930898045800879,0.3845560671082649,0.38455606710802676,0.3289956748367188,0.4416278807464809,0.34126370833747055,0.02040816326530612,0.7871089739350904
ellipse,24,1.062559454371746e-15,1.2060408262690119,1.8876653778772643,6.201586944019784e-08,256,1,0.30951960420311164,10.0,1,1,1,10.0,0.35060555912092534,1,580,49,0.9952582490238285,0.9952582490237714,0.9965262970872826,0.9930898045800879,0.3845560671082649,0.38455606710802676,0.3289956748367188,0.4416278807464809,0.34126370833747055,0.060391503540191585,0.7871089739350904
ellipse,24,1.062559454371746e-15,0.860392817058421,1.555461597223378,6.201586944019784e-08,256,2,0.30951960420311164,10.0,1,1,1,10.0,0.26332341978742246,1,956,49,0.9952582490238285,0.9952582490237714,0.9965262970872826,0.9930898045800879,0.3845560671082649,0.38455606710802676,0.3289956748367188,0.4416278807464809,0.34126370833747055,0.09954185755935027,0.6397987926454076
ellipse,24,1.062559454371746e-15,0.860392817058421,1.5424519411144086,6.201586944019784e-08,256,3,0.30951960420311164,10.0,1,1,1,10.0,0.26332341978742246,1,1324,49,0.9952582490238285,0.9952582490237714,0.9965262970872826,0.9930898045800879,0.3845560671082649,0.38455606710802676,0.3289956748367188,0.4416278807464809,0.34126370833747055,0.13785922532278216,0.6397987926454076
ellipse,24,1.062559454371746e-15,0.43234675541509116,0.964012925072322,6.201586944019784e-08,256,4,0.30951960420311164,10.0,1,1,1,10.0,0.14954853542539767,1,1684,49,0.9952582490238285,0.9952582490237714,0.9965262970872826,0.9930898045800879,0.3845560671082649,0.38455606710802676,0.3289956748367188,0.4416278807464809,0.34126370833747055,0.1753436068304873,0.3555342898401628
ellipse,24,1.062559454371746e-15,0.43234675541509116,0.7677718472903018,6.201586944019784e-08,256,5,0.30951960420311164,10.0,1,1,1,10.0,0.14954853542539767,1,2036,49,0.9952582490238285,0.9952582490237714,0.9965262970872826,0.9930898045800879,0.3845560671082649,0.38455606710802676,0.3289956748367188,0.4416278807464809,0.34126370833747055,0.21199500208246563,0.3555342898401628
ellipse,24,1.062559454371746e-15,0.125269010331625,0.41213559737302247,6.201586944019784e-08,256,6,0.30951960420311164,10.0,1,1,1,10.0,0.06375571216373657,1,2380,49,0.9952582490238285,0.9952582490237714,0.9965262970872826,0.9930898045800879,0.3845560671082649,0.38455606710802676,0.3289956748367188,0.4416278807464809,0.34126370833747055,0.2478134110787172,0.11581134591396838
ellipse,24,1.062559454371746e-15,0.125269010331625,0.3160419140349757,6.201586944019784e-08,256,7,0.30951960420311164,10.0,1,1,1,10.0,0.06375571216373657,1,2716,49,0.9952582490238285,0.9952582490237714,0.9965262970872826,0.9930898045800879,0.3845560671082649,0.38455606710802676,0.3289956748367188,0.4416278807464809,0.34126370833747055,0.282798833819242,0.11581134591396838
ellipse,24,1.062559454371746e-15,0.018028794890506385,0.10682781609193978,6.201586944019784e-08,256,8,0.30951960420311164,10.0,1,1,1,10.0,0.022414024107044128,1,3044,49,0.9952582490238285,0.9952582490237714,0.9965262970872826,0.9930898045800879,0.3845560671082649,0.38455606710802676,0.3289956748367188,0.4416278807464809,0.34126370833747055,0.31695127030403997,0.025195094006152906
ellipse,24,1.062559454371746e-15,0.01802879489050637,0.08893488976544794,6.201586944019784e-08,256,9,0.30951960420311164,10.0,1,1,1,10.0,0.022414024107044128,1,3364,49,0.9952582490238285,0.9952582490237714,0.9965262970872826,0.9930898045800879,0.3845560671082649,0.38455606710802676,0.3289956748367188,0.4416278807464809,0.34126370833747055,0.3502707205331112,0.02519509400615291
ellipse,24,1.062559454371746e-15,0.0015160481573355908,0.01589931293289219,6.201586944019784e-08,256,10,0.30951960420311164,10.0,1,1,1,10.0,0.007806836608684973,1,3676,49,0.9952582490238285,0.9952582490237714,0.9965262970872826,0.9930898045800879,0.3845560671082649,0.38455606710802676,0.3289956748367188,0.4416278807464809,0.34126370833747055,0.3827571845064556,0.00492976424650437
ellipse,24,1.062559454371746e-15,0.0015160481573355926,0.014393896048027422,6.201586944019784e-08,256,11,0.30951960420311164,10.0,1,1,1,10.0,0.007806836608684973,1,3980,49,0.9952582490238285,0.9952582490237714,0.9965262970872826,0.9930898045800879,0.3845560671082649,0.38455606710802676,0.3289956748367188,0.4416278807464809,0.34126370833747055,0.4144106622240733,0.004929764246504372
ellipse,24,1.062559454371746e-15,8.995185291601985e-05,0.001541704225523023,6.201586944019784e-08,256,12,0.30951960420311164,10.0,1,1,1,10.0,0.0033791213096310883,1,4276,49,0.9952582490238285,0.9952582490237714,0.9965262970872826,0.9930898045800879,0.3845560671082649,0.38455606710802676,0.3289956748367188,0.4416278807464809,0.34126370833747055,0.44523115368596416,0.0009145634573497459
ellipse,24,1.062559454371746e-15,8.995185291601664e-05,0.0014745711301798782,6.201586944019784e-08,256,13,0.30951960420311164,10.0,1,1,1,10.0,0.0033791213096310883,1,4564,49,0.9952582490238285,0.9952582490237714,0.9965262970872826,0.9930898045800879,0.3845560671082649,0.38455606710802676,0.3289956748367188,0.4416278807464809,0.34126370833747055,0.4752186588921283,0.000914563457349746
ellipse,24,1.062559454371746e-15,4.2507970200736205e-06,0.00011129928019970916,6.201586944019784e-08,256,14,0.30951960420311164,10.0,1,1,1,10.0,0.0017191113516807227,1,4844,49,0.9952582490238285,0.9952582490237714,0.9965262970872826,0.9930898045800879,0.3845560671082649,0.38455606710802676,0.3289956748367188,0.4416278807464809,0.34126370833747055,0.5043731778425656,0.0001561280647310178
ellipse,24,1.062559454371746e-15,4.250797020076103e-06,0.0001094656715152585,6.201586944019784e-08,256,15,0.30951960420311164,10.0,1,1,1,10.0,0.0017191113516807227,1,5116,49,0.9952582490238285,0.9952582490237714,0.9965262970872826,0.9930898045800879,0.3845560671082649,0.38455606710802676,0.3289956748367188,0.4416278807464809,0.34126370833747055,0.5326947105372761,0.0001561280647310177
ellipse,24,1.062559454371746e-15,1.6632971711815386e-07,6.38323135017406e-06,6.201586944019784e-08,256,16,0.30951960420311164,10.0,1,1,1,10.0,0.0009027220013730597,1,5380,49,0.9952582490238285,0.9952582490237714,0.9965262970872826,0.9930898045800879,0.3845560671082649,0.38455606710802676,0.3289956748367188,0.4416278807464809,0.34126370833747055,0.5601832569762599,2.443803523543415e-05
ellipse,24,1.062559454371746e-15,1.663297171181544e-07,6.3442148012084675e-06,6.201586944019784e-08,256,17,0.30951960420311164,10.0,1,1,1,10.0,0.0009027220013730597,1,5636,49,0.9952582490238285,0.9952582490237714,0.9965262970872826,0.9930898045800879,0.3845560671082649,0.38455606710802676,0.3289956748367188,0.4416278807464809,0.34126370833747055,0.5868388171595169,2.4438035235434127e-05
ellipse,24,1.062559454371746e-15,5.424672312467114e-09,2.941941772383846e-07,6.201586944019784e-08,256,18,0.30951960420311164,10.0,1,1,1,10.0,0.0004748207045861984,1,5884,49,0.9952582490238285,0.9952582490237714,0.9965262970872826,0.9930898045800879,0.3845560671082649,0.38455606710802676,0.3289956748367188,0.4416278807464809,0.34126370833747055,0.6126613910870471,3.471130605288759e-06
ellipse,24,1.062559454371746e-15,5.424672312467114e-09,2.934291407444396e-07,6.201586944019784e-08,256,19,0.30951960420311164,10.0,1,1,1,10.0,0.0004748207045861984,1,6124,49,0.9952582490238285,0.9952582490237714,0.9965262970872826,0.9930898045800879,0.3845560671082649,0.38455606710802676,0.3289956748367188,0.4416278807464809,0.34126370833747055,0.6376509787588505,3.4711306052887633e-06
ellipse,24,1.062559454371746e-15,1.481343281444505e-10,1.0989035994852514e-08,6.201586944019784e-08,256,20,0.30951960420311164,10.0,1,1,1,10.0,0.0002500940767197563,1,6356,49,0.9952582490238285,0.9952582490237714,0.9965262970872826,0.9930898045800879,0.3845560671082649,0.38455606710802676,0.3289956748367188,0.4416278807464809,0.34126370833747055,0.6618075801749271,4.4980032487018614e-07
ellipse,24,1.062559454371746e-15,1.481343281444505e-10,1.097428525478985e-08,6.201586944019784e-08,256,21,0.30951960420311164,10.0,1,1,1,10.0,0.0002500940767197563,1,6580,49,0.9952582490238285,0.9952582490237714,0.9965262970872826,0.9930898045800879,0.3845560671082649,0.38455606710802676,0.3289956748367188,0.4416278807464809,0.34126370833747055,0.685131195335277,4.4980032487018493e-07
ellipse,24,1.062559454371746e-15,3.4209357911312483e-12,3.3760052859270903e-10,6.201586944019784e-08,256,22,0.30951960420311164,10.0,1,1,1,10.0,0.00013205215816678876,1,6796,49,0.9952582490238285,0.9952582490237714,0.9965262970872826,0.9930898045800879,0.3845560671082649,0.38455606710802676,0.3289956748367188,0.4416278807464809,0.34126370833747055,0.7076218242399,5.3336340823074155e-08
ellipse,24,1.062559454371746e-15,3.4209357911312483e-12,3.3731918430500333e-10,6.201586944019784e-08,256,23,0.30951960420311164,10.0,1,1,1,10.0,0.00013205215816678876,1,7004,49,0.9952582490238285,0.9952582490237714,0.9965262970872826,0.9930898045800879,0.3845560671082649,0.38455606710802676,0.3289956748367188,0.4416278807464809,0.34126370833747055,0.7292794668887963,5.333634082307379e-08
ellipse,24,1.062559454371746e-15,6.746832649911106e-14,2.0223940592715255e-11,6.201586944019784e-08,256,24,0.30951960420311164,10.0,1,1,1,10.0,6.990059123925012e-05,1,7204,49,0.9952582490238285,0.9952582490237714,0.9965262970872826,0.9930898045800879,0.3845560671082649,0.38455606710802676,0.3289956748367188,0.4416278807464809,0.34126370833747055,0.7501041232819659,5.834591537574271e-09
ellipse,24,1.062559454371746e-15,6.746832649911106e-14,2.0287699161077044e-11,6.201586944019784e-08,256,25,0.30951960420311164,10.0,1,1,1,10.0,6.990059123925012e-05,1,7396,49,0.9952582490238285,0.9952582490237714,0.9965262970872826,0.9930898045800879,0.3845560671082649,0.38455606710802676,0.3289956748367188,0.4416278807464809,0.34126370833747055,0.7700957934194086,5.834591537574155e-09
ellipse,24,1.062559454371746e-15,1.3391960307093669e-15,1.1055095391524723e-11,6.201586944019784e-08,256,26,0.30951960420311164,10.0,1,1,1,10.0,3.7083020608424374e-05,1,7580,49,0.9952582490238285,0.9952582490237714,0.9965262970872826,0.9930898045800879,0.3845560671082649,0.38455606710802676,0.3289956748367188,0.4416278807464809,0.34126370833747055,0.7892544773011245,5.913870201305235e-10
ellipse,24,1.062559454371746e-15,1.3391960307093669e-15,1.1079556009561655e-11,6.201586944019784e-08,256,27,0.30951960420311164,10.0,1,1,1,10.0,3.7083020608424374e-05,1,7756,49,0.9952582490238285,0.9952582490237714,0.9965262970872826,0.9930898045800879,0.3845560671082649,0.38455606710802676,0.3289956748367188,0.4416278807464809,0.34126370833747055,0.8075801749271136,5.913870201304981e-10
ellipse,24,1.062559454371746e-15,2.5364406583195803e-16,4.3929609541496715e-12,6.201586944019784e-08,256,28,0.30951960420311164,10.0,1,1,1,10.0,1.9709528033257293e-05,1,7924,49,0.9952582490238285,0.9952582490237714,0.9965262970872826,0.9930898045800879,0.3845560671082649,0.38455606710802676,0.3289956748367188,0.4416278807464809,0.34126370833747055,0.8250728862973761,5.5868909468288206e-11
ellipse,24,1.062559454371746e-15,2.5364406583195803e-16,4.392953089379759e-12,6.201586944019784e-08,256,29,0.30951960420311164,10.0,1,1,1,10.0,1.9709528033257293e-05,1,8084,49,0.9952582490238285,0.9952582490237714,0.9965262970872826,0.9930898045800879,0.3845560671082649,0.38455606710802676,0.3289956748367188,0.4416278807464809,0.34126370833747055,0.8417326114119117,5.5868909468286604e-11
ellipse,24,1.062559454371746e-15,1.2992426521870047e-17,4.452291528728919e-13,6.201586944019784e-08,256,30,0.30951960420311164,10.0,1,1,1,10.0,1.0491789183991003e-05,1,8236,49,0.9952582490238285,0.9952582490237714,0.9965262970872826,0.9930898045800879,0.3845560671082649,0.38455606710802676,0.3289956748367188,0.4416278807464809,0.34126370833747055,0.8575593502707205,4.937833602496115e-12
ellipse,24,1.062559454371746e-15,1.2992426521870047e-17,4.452291528728919e-13,6.201586944019784e-08,256,31,0.30951960420311164,10.0,1,1,1,10.0,1.0491789183991003e-05,1,8380,49,0.9952582490238285,0.9952582490237714,0.9965262970872826,0.9930898045800879,0.3845560671082649,0.38455606710802676,0.3289956748367188,0.4416278807464809,0.34126370833747055,0.8725531028738026,4.9378336024953465e-12
ellipse,24,1.062559454371746e-15,0.0,0.0,6.201586944019784e-08,256,32,0.30951960420311164,10.0,1,1,1,10.0,5.592151162246163e-06,1,8516,49,0.9952582490238285,0.9952582490237714,0.9965262970872826,0.9930898045800879,0.3845560671082649,0.38455606710802676,0.3289956748367188,0.4416278807464809,0.34126370833747055,0.8867138692211578,4.1017866381089014e-13
ellipse,24,1.062559454371746e-15,0.0,0.0,6.201586944019784e-08,256,33,0.30951960420311164,10.0,1,1,1,10.0,5.592151162246163e-06,1,8644,49,0.9952582490238285,0.9952582490237714,0.9965262970872826,0.9930898045800879,0.3845560671082649,0.38455606710802676,0.3289956748367188,0.4416278807464809,0.34126370833747055,0.9000416493127863,4.1017866381081017e-13
ellipse,24,1.062559454371746e-15,0.0,0.0,6.201586944019784e-08,256,34,0.30951960420311164,10.0,1,1,1,10.0,2.9836756970139584e-06,1,8764,49,0.9952582490238285,0.9952582490237714,0.9965262970872826,0.9930898045800879,0.3845560671082649,0.38455606710802676,0.3289956748367188,0.4416278807464809,0.34126370833747055,0.9125364431486881,3.214962779973157e-14
ellipse,24,1.062559454371746e-15,0.0,0.0,6.201586944019784e-08,256,35,0.30951960420311164,10.0,1,1,1,10.0,2.9836756970139584e-06,1,8876,49,0.9952582490238285,0.9952582490237714,0.9965262970872826,0.9930898045800879,0.3845560671082649,0.38455606710802676,0.3289956748367188,0.4416278807464809,0.34126370833747055,0.924198250728863,3.21496277997299e-14
ellipse,24,1.062559454371746e-15,0.0,0.0,6.201586944019784e-08,256,36,0.30951960420311164,10.0,1,1,1,10.0,1.5929865665482512e-06,1,8980,49,0.9952582490238285,0.9952582490237714,0.9965262970872826,0.9930898045800879,0.3845560671082649,0.38455606710802676,0.3289956748367188,0.4416278807464809,0.34126370833747055,0.9350270720533111,2.387133182634802e-15
ellipse,24,1.062559454371746e-15,0.0,0.0,6.201586944019784e-08,256,37,0.30951960420311164,10.0,1,1,1,10.0,1.5929865665482512e-06,1,9076,49,0.9952582490238285,0.9952582490237714,0.9965262970872826,0.9930898045800879,0.3845560671082649,0.38455606710802676,0.3289956748367188,0.4416278807464809,0.34126370833747055,0.9450229071220325,2.387133182634981e-15
ellipse,24,1.062559454371746e-15,0.0,0.0,6.201586944019784e-08,256,38,0.30951960420311164,10.0,1,1,1,10.0,8.503718001238682e-07,1,9164,49,0.9952582490238285,0.9952582490237714,0.9965262970872826,0.9930898045800879,0.3845560671082649,0.38455606710802676,0.3289956748367188,0.4416278807464809,0.34126370833747055,0.9541857559350271,1.6831304113120017e-16
ellipse,24,1.062559454371746e-15,0.0,0.0,6.201586944019784e-08,256,39,0.30951960420311164,10.0,1,1,1,10.0,8.503718001238682e-07,1,9244,49,0.9952582490238285,0.9952582490237714,0.9965262970872826,0.9930898045800879,0.3845560671082649,0.38455606710802676,0.3289956748367188,0.4416278807464809,0.34126370833747055,0.9625156184922948,1.6831304113122524e-16
ellipse,24,1.062559454371746e-15,0.0,0.0,6.201586944019784e-08,256,40,0.30951960420311164,10.0,1,1,1,10.0,4.527531319224045e-07,1,9316,49,0.9952582490238285,0.9952582490237714,0.9965262970872826,0.9930898045800879,0.3845560671082649,0.38455606710802676,0.3289956748367188,0.4416278807464809,0.34126370833747055,0.9700124947938359,1.1281377645767632e-17
ellipse,24,1.062559454371746e-15,0.0,0.0,6.201586944019784e-08,256,41,0.30951960420311164,10.0,1,1,1,10.0,4.527531319224045e-07,1,9380,49,0.9952582490238285,0.9952582490237714,0.9965262970872826,0.9930898045800879,0.3845560671082649,0.38455606710802676,0.3289956748367188,0.4416278807464809,0.34126370833747055,0.9766763848396501,1.128137764576019e-17
ellipse,24,1.062559454371746e-15,0.0,0.0,6.201586944019784e-08,256,42,0.30951960420311164,10.0,1,1,1,10.0,2.3834391082949552e-07,1,9436,49,0.9952582490238285,0.9952582490237714,0.9965262970872826,0.9930898045800879,0.3845560671082649,0.38455606710802676,0.3289956748367188,0.4416278807464809,0.34126370833747055,0.9825072886297376,7.130206146330202e-19
ellipse,24,1.062559454371746e-15,0.0,0.0,6.201586944019784e-08,256,43,0.30951960420311164,10.0,1,1,1,10.0,2.3834391082949552e-07,1,9484,49,0.9952582490238285,0.9952582490237714,0.9965262970872826,0.9930898045800879,0.3845560671082649,0.38455606710802676,0.3289956748367188,0.4416278807464809,0.34126370833747055,0.9875052061640983,7.130206146320898e-19
ellipse,24,1.062559454371746e-15,0.0,0.0,6.201586944019784e-08,256,44,0.30951960420311164,10.0,1,1,1,10.0,1.1991513216052121e-07,1,9524,49,0.9952582490238285,0.9952582490237714,0.9965262970872826,0.9930898045800879,0.3845560671082649,0.38455606710802676,0.3289956748367188,0.4416278807464809,0.34126370833747055,0.9916701374427322,3.818999814080362e-20
ellipse,24,1.062559454371746e-15,0.0,0.0,6.201586944019784e-08,256,45,0.30951960420311164,10.0,1,1,1,10.0,1.1991513216052121e-07,1,9556,49,0.9952582490238285,0.9952582490237714,0.9965262970872826,0.9930898045800879,0.3845560671082649,0.38455606710802676,0.3289956748367188,0.4416278807464809,0.34126370833747055,0.9950020824656394,3.818999814072848e-20
ellipse,24,1.062559454371746e-15,0.0,0.0,6.201586944019784e-08,256,46,0.30951960420311164,10.0,1,1,1,10.0,4.725234719541685e-08,1,9580,49,0.9952582490238285,0.9952582490237714,0.9965262970872826,0.9930898045800879,0.3845560671082649,0.38455606710802676,0.3289956748367188,0.4416278807464809,0.34126370833747055,0.9975010412328197,4.68854359011631e-22
ellipse,24,1.062559454371746e-15,0.0,0.0,6.201586944019784e-08,256,47,0.30951960420311164,10.0,1,1,1,10.0,4.725234719541685e-08,1,9596,49,0.9952582490238285,0.9952582490237714,0.9965262970872826,0.9930898045800879,0.3845560671082649,0.38455606710802676,0.3289956748367188,0.4416278807464809,0.34126370833747055,0.9991670137442732,4.688543590623982e-22
ellipse,24,1.062559454371746e-15,0.0,0.0,6.201586944019784e-08,256,48,0.30951960420311164,10.0,1,1,1,10.0,0.0,1,9604,49,0.9952582490238285,0.9952582490237714,0.9965262970872826,0.9930898045800879,0.3845560671082649,0.38455606710802676,0.3289956748367188,0.4416278807464809,0.34126370833747055,1.0,0.0
ellipse,54,3.5465423700679905e-15,1.02459677625824,1.362661269643128,3.4506802543877947e-07,512,0,0.30951960420311164,30.0,1,1,1,30.0,0.8446552769744189,1,436,109,0.984272039582213,0.9842720436032216,0.9889623001845894,0.9813784204394599,0.3550861911610144,0.35508624670970895,0.33536161085492106,0.3785256295497305,0.34003038937530156,0.009174311926605505,1.4795139838374032
ellipse,54,3.5465423700679905e-15,1.02459677625824,1.416805755369333,3.4506802543877947e-07,512,1,0.30951960420311164,30.0,1,1,1,30.0,0.8446552769744189,1,1300,109,0.984272039582213,0.9842720436032216,0.9889623001845894,0.9813784204394599,0.3550861911610144,0.35508624670970895,0.33536161085492106,0.3785256295497305,0.34003038937530156,0.0273545997811632,1.4795139838374032
ellipse,54,3.5465423700679905e-15,0.9573752491081446,1.6330266292371256,3.4506802543877947e-07,512,2,0.30951960420311164,30.0,1,1,1,30.0,0.7672464695172487,1,2156,109,0.984272039582213,0.9842720436032216,0.9889623001845894,0.9813784204394599,0.3550861911610144,0.35508624670970895,0.33536161085492106,0.3785256295497305,0.34003038937530156,0.045366551637067584,1.4413738307254715
ellipse,54,3.5465423700679905e-15,0.9573752491081448,1.6777006713836071,3.4506802543877947e-07,512,3,0.30951960420311164,30.0,1,1,1,30.0,0.7672464695172487,1,3004,109,0.984272039582213,0.9842720436032216,0.9889623001845894,0.9813784204394599,0.3550861911610144,0.35508624670970895,0.33536161085492106,0.3785256295497305,0.34003038937530156,0.06321016749431865,1.4413738307254715
ellipse,54,3.5465423700679905e-15,0.8955139202225237,1.6742511099348045,3.4506802543877947e-07,512,4,0.30951960420311164,30.0,1,1,1,30.0,0.6968343986009428,1,3844,109,0.984272039582213,0.9842720436032216,0.9889623001845894,0.9813784204394599,0.3550861911610144,0.35508624670970895,0.33536161085492106,0.3785256295497305,0.34003038937530156,0.08088544735291642,1.3215502675079158
ellipse,54,3.5465423700679905e-15,0.8955139202225236,1.8031008442869794,3.4506802543877947e-07,512,5,0.30951960420311164,30.0,1,1,1,30.0,0.6968343986009428,1,4676,109,0.984272039582213,0.9842720436032216,0.9889623001845894,0.9813784204394599,0.3550861911610144,0.35508624670970895,0.33536161085492106,0.3785256295497305,0.34003038937530156,0.09839239121286086,1.3215502675079158
ellipse,54,3.5465423700679905e-15,0.9015984753378079,1.8765635295155922,3.4506802543877947e-07,512,6,0.30951960420311164,30.0,1,1,1,30.0,0.6317610176450239,1,5500,109,0.984272039582213,0.9842720436032216,0.9889623001845894,0.9813784204394599,0.3550861911610144,0.35508624670970895,0.33536161085492106,0.3785256295497305,0.34003038937530156,0.115730999074152,1.247622514268947
ellipse,54,3.5465423700679905e-15,0.901598475337808,1.9794436164095839,3.4506802543877947e-07,512,7,0.30951960420311164,30.0,1,1,1,30.0,0.6317610176450239,1,6316,109,0.984272039582213,0.9842720436032216,0.9889623001845894,0.9813784204394599,0.3550861911610144,0.35508624670970895,0.33536161085492106,0.3785256295497305,0.34003038937530156,0.13290127093678983,1.2476225142689468
ellipse,54,3.5465423700679905e-15,0.8127674085567886,2.024960327425029,3.4506802543877947e-07,512,8,0.30951960420311164,30.0,1,1,1,30.0,0.5582195543661675,1,7124,109,0.984272039582213,0.9842720436032216,0.9889623001845894,0.9813784204394599,0.3550861911610144,0.35508624670970895,0.33536161085492106,0.3785256295497305,0.34003038937530156,0.14990320680077435,1.138251754592772
ellipse,54,3.5465423700679905e-15,0.8127674085567886,2.085586511932383,3.4506802543877947e-07,512,9,0.30951960420311164,30.0,1,1,1,30.0,0.5582195543661675,1,7924,109,0.984272039582213,0.9842720436032216,0.9889623001845894,0.9813784204394599,0.3550861911610144,0.35508624670970895,0.33536161085492106,0.3785256295497305,0.34003038937530156,0.16673680666610555,1.138251754592772
ellipse,54,3.5465423700679905e-15,0.7250017857594915,2.0696315832701657,3.4506802543877947e-07,512,10,0.30951960420311164,30.0,1,1,1,30.0,0.46659400386769573,1,8716,109,0.984272039582213,0.9842720436032216,0.9889623001845894,0.9813784204394599,0.3550861911610144,0.35508624670970895,0.33536161085492106,0.3785256295497305,0.34003038937530156,0.18340207053278343,0.9632932740249772
ellipse,54,3.5465423700679905e-15,0.7250017857594915,2.123320051581092,3.4506802543877947e-07,512,11,0.30951960420311164,30.0,1,1,1,30.0,0.46659400386769573,1,9500,109,0.984272039582213,0.9842720436032216,0.9889623001845894,0.9813784204394599,0.3550861911610144,0.35508624670970895,0.33536161085492106,0.3785256295497305,0.34003038937530156,0.19989899840080802,0.9632932740249772
ellipse,54,3.5465423700679905e-15,0.7012681369259004,1.9353761560813187,3.4506802543877947e-07,512,12,0.30951960420311164,30.0,1,1,1,30.0,0.3795981704906877,1,10276,109,0.984272039582213,0.9842720436032216,0.9889623001845894,0.9813784204394599,0.3550861911610144,0.35508624670970895,0.33536161085492106,0.3785256295497305,0.34003038937530156,0.21622759027017927,0.8731466401695553
ellipse,54,3.5465423700679905e-15,0.7012681369259004,1.8997601580865329,3.4506802543877947e-07,512,13,0.30951960420311164,30.0,1,1,1,30.0,0.3795981704906877,1,11044,109,0.984272039582213,0.9842720436032216,0.9889623001845894,0.9813784204394599,0.3550861911610144,0.35508624670970895,0.33536161085492106,0.3785256295497305,0.34003038937530156,0.23238784614089722,0.8731466401695555
ellipse,54,3.5465423700679905e-15,0.6183219458201639,1.7366309384057692,3.4506802543877947e-07,512,14,0.30951960420311164,30.0,1,1,1,30.0,0.29723179838201413,1,11804,109,0.984272039582213,0.9842720436032216,0.9889623001845894,0.9813784204394599,0.3550861911610144,0.35508624670970895,0.33536161085492106,0.3785256295497305,0.34003038937530156,0.24837976601296188,0.7564482315337518
ellipse,54,3.5465423700679905e-15,0.6183219458201638,1.5150126575448837,3.4506802543877947e-07,512,15,0.30951960420311164,30.0,1,1,1,30.0,0.29723179838201413,1,12556,109,0.984272039582213,0.9842720436032216,0.9889623001845894,0.9813784204394599,0.3550861911610144,0.35508624670970895,0.33536161085492106,0.3785256295497305,0.34003038937530156,0.2642033498863732,0.7564482315337518
ellipse,54,3.5465423700679905e-15,0.4734499638520509,1.3646866125119212,3.4506802543877947e-07,512,16,0.30951960420311164,30.0,1,1,1,30.0,0.21316047244688113,1,13300,109,0.984272039582213,0.9842720436032216,0.9889623001845894,0.9813784204394599,0.3550861911610144,0.35508624670970895,0.33536161085492106,0.3785256295497305,0.34003038937530156,0.2798585977611312,0.5467031825007297
ellipse,54,3.5465423700679905e-15,0.47344996385205085,1.1451299114166105,3.4506802543877947e-07,512,17,0.30951960420311164,30.0,1,1,1,30.0,0.21316047244688113,1,14036,109,0.984272039582213,0.9842720436032216,0.9889623001845894,0.9813784204394599,0.3550861911610144,0.35508624670970895,0.33536161085492106,0.3785256295497305,0.34003038937530156,0.29534550963723594,0.5467031825007297
ellipse,54,3.5465423700679905e-15,0.29853786004710775,0.9278348724908259,3.4506802543877947e-07,512,18,0.30951960420311164,30.0,1,1,1,30.0,0.13624451710692545,1,14764,109,0.984272039582213,0.9842720436032216,0.9889623001845894,0.9813784204394599,0.3550861911610144,0.35508624670970895,0.33536161085492106,0.3785256295497305,0.34003038937530156,0.3106640855146873,0.35313848776995554
ellipse,54,3.5465423700679905e-15,0.29853786004710775,0.7987275275539452,3.4506802543877947e-07,512,19,0.30951960420311164,30.0,1,1,1,30.0,0.13624451710692545,1,15484,109,0.984272039582213,0.9842720436032216,0.9889623001845894,0.9813784204394599,0.3550861911610144,0.35508624670970895,0.33536161085492106,0.3785256295497305,0.34003038937530156,0.32581432539348537,0.35313848776995554
ellipse,54,3.5465423700679905e-15,0.16919587744689746,0.5303288448253162,3.4506802543877947e-07,512,20,0.30951960420311164,30.0,1,1,1,30.0,0.07748457317530309,1,16196,109,0.984272039582213,0.9842720436032216,0.9889623001845894,0.9813784204394599,0.3550861911610144,0.35508624670970895,0.33536161085492106,0.3785256295497305,0.34003038937530156,0.3407962292736302,0.19465401087347822
ellipse,54,3.5465423700679905e-15,0.1691958774468974,0.47755988647350345,3.4506802543877947e-07,512,21,0.30951960420311164,30.0,1,1,1,30.0,0.07748457317530309,1,16900,109,0.984272039582213,0.9842720436032216,0.9889623001845894,0.9813784204394599,0.3550861911610144,0.35508624670970895,0.33536161085492106,0.3785256295497305,0.34003038937530156,0.35560979715512164,0.19465401087347822
ellipse,54,3.5465423700679905e-15,0.07664817276392576,0.25840869732674876,3.4506802543877947e-07,512,22,0.30951960420311164,30.0,1,1,1,30.0,0.03956606848445226,1,17596,109,0.984272039582213,0.9842720436032216,0.9889623001845894,0.9813784204394599,0.3550861911610144,0.35508624670970895,0.33536161085492106,0.3785256295497305,0.34003038937530156,0.37025502903795976,0.0865828641821297
ellipse,54,3.5465423700679905e-15,0.07664817276392583,0.23434812869935534,3.4506802543877947e-07,512,23,0.30951960420311164,30.0,1,1,1,30.0,0.03956606848445226,1,18284,109,0.984272039582213,0.9842720436032216,0.9889623001845894,0.9813784204394599,0.3550861911610144,0.35508624670970895,0.33536161085492106,0.3785256295497305,0.34003038937530156,0.3847319249221446,0.0865828641821297
ellipse,54,3.5465423700679905e-15,0.024723826054833586,0.10266141763955958,3.4506802543877947e-07,512,24,0.30951960420311164,30.0,1,1,1,30.0,0.018360526316145074,1,18964,109,0.984272039582213,0.9842720436032216,0.9889623001845894,0.9813784204394599,0.3550861911610144,0.35508624670970895,0.33536161085492106,0.3785256295497305,0.34003038937530156,0.3990404848076761,0.029063264854341075
ellipse,54,3.5465423700679905e-15,0.024723826054833538,0.09358765893869593,3.4506802543877947e-07,512,25,0.30951960420311164,30.0,1,1,1,30.0,0.018360526316145074,1,19636,109,0.984272039582213,0.9842720436032216,0.9889623001845894,0.9813784204394599,0.3550861911610144,0.35508624670970895,0.33536161085492106,0.3785256295497305,0.34003038937530156,0.4131807086945543,0.029063264854341037
ellipse,54,3.5465423700679905e-15,0.005754141483391887,0.030920310323195963,3.4506802543877947e-07,512,26,0.30951960420311164,30.0,1,1,1,30.0,0.007844998366673862,1,20300,109,0.984272039582213,0.9842720436032216,0.9889623001845894,0.9813784204394599,0.3550861911610144,0.35508624670970895,0.33536161085492106,0.3785256295497305,0.34003038937530156,0.4271525965827792,0.00800535655800731
ellipse,54,3.5465423700679905e-15,0.005754141483391981,0.02860680078339464,3.4506802543877947e-07,512,27,0.30951960420311164,30.0,1,1,1,30.0,0.007844998366673862,1,20956,109,0.984272039582213,0.9842720436032216,0.9889623001845894,0.9813784204394599,0.3550861911610144,0.35508624670970895,0.33536161085492106,0.3785256295497305,0.34003038937530156,0.4409561484723508,0.008005356558007328
ellipse,54,3.5465423700679905e-15,0.000996887935857193,0.0071000983456337785,3.4506802543877947e-07,512,28,0.30951960420311164,30.0,1,1,1,30.0,0.0031322445812145797,1,21604,109,0.984272039582213,0.9842720436032216,0.9889623001845894,0.9813784204394599,0.3550861911610144,0.35508624670970895,0.33536161085492106,0.3785256295497305,0.34003038937530156,0.4545913643632691,0.002111638020903815
ellipse,54,3.5465423700679905e-15,0.0009968879358572622,0.006693045760236698,3.4506802543877947e-07,512,29,0.30951960420311164,30.0,1,1,1,30.0,0.0031322445812145797,1,22244,109,0.984272039582213,0.9842720436032216,0.9889623001845894,0.9813784204394599,0.3550861911610144,0.35508624670970895,0.33536161085492106,0.3785256295497305,0.34003038937530156,0.46805824425553405,0.00211163802090384
ellipse,54,3.5465423700679905e-15,0.0001328411575200808,0.0012425262861523825,3.4506802543877947e-07,512,30,0.30951960420311164,30.0,1,1,1,30.0,0.001190476042692265,1,22876,109,0.984272039582213,0.9842720436032216,0.9889623001845894,0.9813784204394599,0.3550861911610144,0.35508624670970895,0.33536161085492106,0.3785256295497305,0.34003038937530156,0.4813567881491457,0.0005532412398882792
ellipse,54,3.5465423700679905e-15,0.00013284115752014225,0.001189067395271593,3.4506802543877947e-07,512,31,0.30951960420311164,30.0,1,1,1,30.0,0.001190476042692265,1,23500,109,0.984272039582213,0.9842720436032216,0.9889623001845894,0.9813784204394599,0.3550861911610144,0.35508624670970895,0.33536161085492106,0.3785256295497305,0.34003038937530156,0.494486996044104,0.0005532412398882935
ellipse,54,3.5465423700679905e-15,1.4177868320402499e-05,0.0001701472194742279,3.4506802543877947e-07,512,32,0.30951960420311164,30.0,1,1,1,30.0,0.00044166677196775633,1,24116,109,0.984272039582213,0.9842720436032216,0.9889623001845894,0.9813784204394599,0.3550861911610144,0.35508624670970895,0.33536161085492106,0.3785256295497305,0.34003038937530156,0.5074488679404091,0.00013470925085862543
ellipse,54,3.5465423700679905e-15,1.4177868320449741e-05,0.00016483889635432225,3.4506802543877947e-07,512,33,0.30951960420311164,30.0,1,1,1,30.0,0.00044166677196775633,1,24724,109,0.984272039582213,0.9842720436032216,0.9889623001845894,0.9813784204394599,0.3550861911610144,0.35508624670970895,0.33536161085492106,0.3785256295497305,0.34003038937530156,0.5202424038380608,0.00013470925085862516
ellipse,54,3.5465423700679905e-15,1.2632319100797902e-06,1.895912904813593e-05,3.4506802543877947e-07,512,34,0.30951960420311164,30.0,1,1,1,30.0,0.00016520754702846363,1,25324,109,0.984272039582213,0.9842720436032216,0.9889623001845894,0.9813784204394599,0.3550861911610144,0.35508624670970895,0.33536161085492106,0.3785256295497305,0.34003038937530156,0.5328676037370592,2.9661576792835936e-05
ellipse,54,3.5465423700679905e-15,1.2632319100908415e-06,1.8554270642999455e-05,3.4506802543877947e-07,512,35,0.30951960420311164,30.0,1,1,1,30.0,0.00016520754702846363,1,25916,109,0.984272039582213,0.9842720436032216,0.9889623001845894,0.9813784204394599,0.3550861911610144,0.35508624670970895,0.33536161085492106,0.3785256295497305,0.34003038937530156,0.5453244676374043,2.966157679283599e-05
ellipse,54,3.5465423700679905e-15,9.821811662448146e-08,1.7956095680439936e-06,3.4506802543877947e-07,512,36,0.30951960420311164,30.0,1,1,1,30.0,6.434971819886011e-05,1,26500,109,0.984272039582213,0.9842720436032216,0.9889623001845894,0.9813784204394599,0.3550861911610144,0.35508624670970895,0.33536161085492106,0.3785256295497305,0.34003038937530156,0.557612995539096,5.9893208078061104e-06
ellipse,54,3.5465423700679905e-15,9.821811660375731e-08,1.7716401453780585e-06,3.4506802543877947e-07,512,37,0.30951960420311164,30.0,1,1,1,30.0,6.434971819886011e-05,1,27076,109,0.984272039582213,0.9842720436032216,0.9889623001845894,0.9813784204394599,0.3550861911610144,0.35508624670970895,0.33536161085492106,0.3785256295497305,0.34003038937530156,0.5697331874421345,5.989320807806005e-06
ellipse,54,3.5465423700679905e-15,6.95937965726814e-09,1.5131373871307453e-07,3.4506802543877947e-07,512,38,0.30951960420311164,30.0,1,1,1,30.0,2.6558769923861616e-05,1,27644,109,0.984272039582213,0.9842720436032216,0.9889623001845894,0.9813784204394599,0.3550861911610144,0.35508624670970895,0.33536161085492106,0.3785256295497305,0.34003038937530156,0.5816850433465196,1.137549126724646e-06
ellipse,54,3.5465423700679905e-15,6.9593796535632235e-09,1.5018540325587375e-07,3.4506802543877947e-07,512,39,0.30951960420311164,30.0,1,1,1,30.0,2.6558769923861616e-05,1,28204,109,0.984272039582213,0.9842720436032216,0.9889623001845894,0.9813784204394599,0.3550861911610144,0.35508624670970895,0.33536161085492106,0.3785256295497305,0.34003038937530156,0.5934685632522515,1.137549126724511e-06
ellipse,54,3.5465423700679905e-15,4.6333043855941387e-10,1.179266429873594e-08,3.4506802543877947e-07,512,40,0.30951960420311164,30.0,1,1,1,30.0,1.1575041614317488e-05,1,28756,109,0.984272039582213,0.9842720436032216,0.9889623001845894,0.9813784204394599,0.3550861911610144,0.35508624670970895,0.33536161085492106,0.3785256295497305,0.34003038937530156,0.60508374715933,2.078259994323539e-07
ellipse,54,3.5465423700679905e-15,4.6333043570937837e-10,1.1748881625249018e-08,3.4506802543877947e-07,512,41,0.30951960420311164,30.0,1,1,1,30.0,1.1575041614317488e-05,1,29300,109,0.984272039582213,0.9842720436032216,0.9889623001845894,0.9813784204394599,0.3550861911610144,0.35508624670970895,0.33536161085492106,0.3785256295497305,0.34003038937530156,0.6165305950677552,2.0782599943235362e-07
ellipse,54,3.5465423700679905e-15,2.920231096651714e-11,8.651717035961758e-10,3.4506802543877947e-07,512,42,0.30951960420311164,30.0,1,1,1,30.0,5.254448493565641e-06,1,29836,109,0.984272039582213,0.9842720436032216,0.9889623001845894,0.9813784204394599,0.3550861911610144,0.35508624670970895,0.33536161085492106,0.3785256295497305,0.34003038937530156,0.6278091069775271,3.6981080369126726e-08
ellipse,54,3.5465423700679905e-15,2.920231096651714e-11,8.637313662916137e-10,3.4506802543877947e-07,512,43,0.30951960420311164,30.0,1,1,1,30.0,5.254448493565641e-06,1,30364,109,0.984272039582213,0.9842720436032216,0.9889623001845894,0.9813784204394599,0.3550861911610144,0.35508624670970895,0.33536161085492106,0.3785256295497305,0.34003038937530156,0.6389192828886457,3.6981080369124e-08
ellipse,54,3.5465423700679905e-15,1.7292769089923823e-12,6.528520040778397e-11,3.4506802543877947e-07,512,44,0.30951960420311164,30.0,1,1,1,30.0,2.453533208639039e-06,1,30884,109,0.984272039582213,0.9842720436032216,0.9889623001845894,0.9813784204394599,0.3550861911610144,0.35508624670970895,0.33536161085492106,0.3785256295497305,0.34003038937530156,0.649861122801111,6.423710794500826e-09
ellipse,54,3.5465423700679905e-15,1.7292769089923823e-12,6.498562670494603e-11,3.4506802543877947e-07,512,45,0.30951960420311164,30.0,1,1,1,30.0,2.453533208639039e-06,1,31396,109,0.984272039582213,0.9842720436032216,0.9889623001845894,0.9813784204394599,0.3550861911610144,0.35508624670970895,0.33536161085492106,0.3785256295497305,0.34003038937530156,0.660634626714923,6.4237107945018915e-09
ellipse,54,3.5465423700679905e-15,9.537116222560727e-14,2.4275899058934234e-11,3.4506802543877947e-07,512,46,0.30951960420311164,30.0,1,1,1,30.0,1.1689462718016665e-06,1,31900,109,0.984272039582213,0.9842720436032216,0.9889623001845894,0.9813784204394599,0.3550861911610144,0.35508624670970895,0.33536161085492106,0.3785256295497305,0.34003038937530156,0.6712397946300817,1.085904045688275e-09
ellipse,54,3.5465423700679905e-15,9.537116222560727e-14,2.3905783418796814e-11,3.4506802543877947e-07,512,47,0.30951960420311164,30.0,1,1,1,30.0,1.1689462718016665e-06,1,32396,109,0.984272039582213,0.9842720436032216,0.9889623001845894,0.9813784204394599,0.3550861911610144,0.35508624670970895,0.33536161085492106,0.3785256295497305,0.34003038937530156,0.681676626546587,1.085904045687781e-09
ellipse,54,3.5465423700679905e-15,5.538003022917516e-15,1.932609139195628e-11,3.4506802543877947e-07,512,48,0.30951960420311164,30.0,1,1,1,30.0,5.654667200103999e-07,1,32884,109,0.984272039582213,0.9842720436032216,0.9889623001845894,0.9813784204394599,0.3550861911610144,0.35508624670970895,0.33536161085492106,0.3785256295497305,0.34003038937530156,0.6919451224644391,1.7800244999950673e-10
ellipse,54,3.5465423700679905e-15,5.538003022917516e-15,1.962112081517169e-11,3.4506802543877947e-07,512,49,0.30951960420311164,30.0,1,1,1,30.0,5.654667200103999e-07,1,33364,109,0.984272039582213,0.9842720436032216,0.9889623001845894,0.9813784204394599,0.3550861911610144,0.35508624670970895,0.33536161085492106,0.3785256295497305,0.34003038937530156,0.7020452823836377,1.7800244999682346e-10
ellipse,54,3.5465423700679905e-15,1.9026388053888287e-15,1.5412035298044678e-11,3.4506802543877947e-07,512,50,0.30951960420311164,30.0,1,1,1,30.0,2.768642140456364e-07,1,33836,109,0.984272039582213,0.9842720436032216,0.9889623001845894,0.9813784204394599,0.3550861911610144,0.35508624670970895,0.33536161085492106,0.3785256295497305,0.34003038937530156,0.7119771063041832,2.8229555336833908e-11
ellipse,54,3.5465423700679905e-15,1.9026388053888287e-15,1.5305662037946365e-11,3.4506802543877947e-07,512,51,0.30951960420311164,30.0,1,1,1,30.0,2.768642140456364e-07,1,34300,109,0.984272039582213,0.9842720436032216,0.9889623001845894,0.9813784204394599,0.3550861911610144,0.35508624670970895,0.33536161085492106,0.3785256295497305,0.34003038937530156,0.7217405942260753,2.8229555325595493e-11
ellipse,54,3.5465423700679905e-15,1.683248166727324e-15,1.290673402488327e-11,3.4506802543877947e-07,512,52,0.30951960420311164,30.0,1,1,1,30.0,1.3690634576193245e-07,1,34756,109,0.984272039582213,0.9842720436032216,0.9889623001845894,0.9813784204394599,0.3550861911610144,0.35508624670970895,0.33536161085492106,0.3785256295497305,0.34003038937530156,0.7313357461493141,4.327423291205779e-12
ellipse,54,3.5465423700679905e-15,1.683248166727324e-15,1.2907528594752116e-11,3.4506802543877947e-07,512,53,0.30951960420311164,30.0,1,1,1,30.0,1.3690634576193245e-07,1,35204,109,0.984272039582213,0.9842720436032216,0.9889623001845894,0.9813784204394599,0.3550861911610144,0.35508624670970895,0.33536161085492106,0.3785256295497305,0.34003038937530156,0.7407625620738995,4.327423212889029e-12
ellipse,54,3.5465423700679905e-15,8.703544302053236e-16,8.506140858383472e-12,3.4506802543877947e-07,512,54,0.30951960420311164,30.0,1,1,1,30.0,6.826086847310984e-08,1,35644,109,0.984272039582213,0.9842720436032216,0.9889623001845894,0.9813784204394599,0.3550861911610144,0.35508624670970895,0.33536161085492106,0.3785256295497305,0.34003038937530156,0.7500210419998317,6.411896688113161e-13
ellipse,54,3.5465423700679905e-15,8.703544302053236e-16,8.547747774721235e-12,3.4506802543877947e-07,512,55,0.30951960420311164,30.0,1,1,1,30.0,6.826086847310984e-08,1,36076,109,0.984272039582213,0.9842720436032216,0.9889623001845894,0.9813784204394599,0.3550861911610144,0.35508624670970895,0.33536161085492106,0.3785256295497305,0.34003038937530156,0.7591111859271105,6.411895139846875e-13
ellipse,54,3.5465423700679905e-15,4.145164139535144e-18,3.421675879873898e-12,3.4506802543877947e-07,512,56,0.30951960420311164,30.0,1,1,1,30.0,3.4274189113941625e-08,1,36500,109,0.984272039582213,0.9842720436032216,0.9889623001845894,0.9813784204394599,0.3550861911610144,0.35508624670970895,0.33536161085492106,0.3785256295497305,0.34003038937530156,0.7680329938557361,9.18730009626436e-14
ellipse,54,3.5465423700679905e-15,4.145164139535144e-18,3.421675879873898e-12,3.4506802543877947e-07,512,57,0.30951960420311164,30.0,1,1,1,30.0,3.4274189113941625e-08,1,36916,109,0.984272039582213,0.9842720436032216,0.9889623001845894,0.9813784204394599,0.3550861911610144,0.35508624670970895,0.33536161085492106,0.3785256295497305,0.34003038937530156,0.7767864657857083,9.18721860766399e-14
ellipse,54,3.5465423700679905e-15,0.0,1.6171902797838538e-13,3.4506802543877947e-07,512,58,0.30951960420311164,30.0,1,1,1,30.0,1.7313264702705593e-08,1,37324,109,0.984272039582213,0.9842720436032216,0.9889623001845894,0.9813784204394599,0.3550861911610144,0.35508624670970895,0.33536161085492106,0.3785256295497305,0.34003038937530156,0.7853716017170271,1.2765330591768227e-14
ellipse,54,3.5465423700679905e-15,0.0,1.6171902797838538e-13,3.4506802543877947e-07,512,59,0.30951960420311164,30.0,1,1,1,30.0,1.7313264702705586e-08,1,37724,109,0.984272039582213,0.9842720436032216,0.9889623001845894,0.9813784204394599,0.3550861911610144,0.35508624670970895,0.33536161085492106,0.3785256295497305,0.34003038937530156,0.7937884016496928,1.2762060659274376e-14
ellipse,54,3.5465423700679905e-15,0.0,0.0,3.4506802543877947e-07,512,60,0.30951960420311164,30.0,1,1,1,30.0,8.791434127369453e-09,1,38116,109,0.984272039582213,0.9842720436032216,0.9889623001845894,0.9813784204394599,0.3550861911610144,0.35508624670970895,0.33536161085492106,0.3785256295497305,0.34003038937530156,0.8020368655837051,1.8721899654596887e-15
ellipse,54,3.5465423700679905e-15,0.0,0.0,3.4506802543877947e-07,512,61,0.30951960420311164,30.0,1,1,1,30.0,8.791434127369441e-09,1,38500,109,0.984272039582213,0.9842720436032216,0.9889623001845894,0.9813784204394599,0.3550861911610144,0.35508624670970895,0.33536161085492106,0.3785256295497305,0.34003038937530156,0.8101169935190641,1.8530321703806673e-15
ellipse,54,3.5465423700679905e-15,0.0,0.0,3.4506802543877947e-07,512,62,0.30951960420311164,30.0,1,1,1,30.0,4.4846128925328975e-09,1,38876,109,0.984272039582213,0.9842720436032216,0.9889623001845894,0.9813784204394599,0.3550861911610144,0.35508624670970895,0.33536161085492106,0.3785256295497305,0.34003038937530156,0.8180287854557697,7.260023963587469e-16
ellipse,54,3.5465423700679905e-15,0.0,0.0,3.4506802543877947e-07,512,63,0.30951960420311164,30.0,1,1,1,30.0,4.484612892532874e-09,1,39244,109,0.984272039582213,0.9842720436032216,0.9889623001845894,0.9813784204394599,0.3550861911610144,0.35508624670970895,0.33536161085492106,0.3785256295497305,0.34003038937530156,0.8257722413938221,6.414051341099933e-16
ellipse,54,3.5465423700679905e-15,0.0,0.0,3.4506802543877947e-07,512,64,0.30951960420311164,30.0,1,1,1,30.0,2.2968812704071752e-09,1,39604,109,0.984272039582213,0.9842720436032216,0.9889623001845894,0.9813784204394599,0.3550861911610144,0.35508624670970895,0.33536161085492106,0.3785256295497305,0.34003038937530156,0.8333473613332211,4.839287226419454e-16
ellipse,54,3.5465423700679905e-15,0.0,0.0,3.4506802543877947e-07,512,65,0.30951960420311164,30.0,1,1,1,30.0,2.296881270407125e-09,1,39956,109,0.984272039582213,0.9842720436032216,0.9889623001845894,0.9813784204394599,0.3550861911610144,0.35508624670970895,0.33536161085492106,0.3785256295497305,0.34003038937530156,0.8407541452739669,3.0970127162255953e-16
ellipse,54,3.5465423700679905e-15,0.0,0.0,3.4506802543877947e-07,512,66,0.30951960420311164,30.0,1,1,1,30.0,1.1805991569748977e-09,1,40300,109,0.984272039582213,0.9842720436032216,0.9889623001845894,0.9813784204394599,0.3550861911610144,0.35508624670970895,0.33536161085492106,0.3785256295497305,0.34003038937530156,0.8479925932160592,1.7908224235153676e-16
ellipse,54,3.5465423700679905e-15,0.0,0.0,3.4506802543877947e-07,512,67,0.30951960420311164,30.0,1,1,1,30.0,1.180599156974835e-09,1,40636,109,0.984272039582213,0.9842720436032216,0.9889623001845894,0.9813784204394599,0.3550861911610144,0.35508624670970895,0.33536161085492106,0.3785256295497305,0.34003038937530156,0.8550627051594983,7.068726919780062e-17
ellipse,54,3.5465423700679905e-15,0.0,0.0,3.4506802543877947e-07,512,68,0.30951960420311164,30.0,1,1,1,30.0,6.087641297945203e-10,1,40964,109,0.984272039582213,0.9842720436032216,0.9889623001845894,0.9813784204394599,0.3550861911610144,0.35508624670970895,0.33536161085492106,0.3785256295497305,0.34003038937530156,0.8619644811042841,3.5125519271145787e-17
ellipse,54,3.5465423700679905e-15,0.0,0.0,3.4506802543877947e-07,512,69,0.30951960420311164,30.0,1,1,1,30.0,6.087641297944456e-10,1,41284,109,0.984272039582213,0.9842720436032216,0.9889623001845894,0.9813784204394599,0.3550861911610144,0.35508624670970895,0.33536161085492106,0.3785256295497305,0.34003038937530156,0.8686979210504167,1.1091093540719892e-17
ellipse,54,3.5465423700679905e-15,0.0,0.0,3.4506802543877947e-07,512,70,0.30951960420311164,30.0,1,1,1,30.0,3.148001237139819e-10,1,41596,109,0.984272039582213,0.9842720436032216,0.9889623001845894,0.9813784204394599,0.3550861911610144,0.35508624670970895,0.33536161085492106,0.3785256295497305,0.34003038937530156,0.8752630249978958,7.904622025193443e-18
ellipse,54,3.5465423700679905e-15,0.0,0.0,3.4506802543877947e-07,512,71,0.30951960420311164,30.0,1,1,1,30.0,3.148001237138903e-10,1,41900,109,0.984272039582213,0.9842720436032216,0.9889623001845894,0.9813784204394599,0.3550861911610144,0.35508624670970895,0.33536161085492106,0.3785256295497305,0.34003038937530156,0.8816597929467217,2.159045983261138e-18
ellipse,54,3.5465423700679905e-15,0.0,0.0,3.4506802543877947e-07,512,72,0.30951960420311164,30.0,1,1,1,30.0,1.632062519091116e-10,1,42196,109,0.984272039582213,0.9842720436032216,0.9889623001845894,0.9813784204394599,0.3550861911610144,0.35508624670970895,0.33536161085492106,0.3785256295497305,0.34003038937530156,0.8878882248968942,1.5318897401568493e-18
ellipse,54,3.5465423700679905e-15,0.0,0.0,3.4506802543877947e-07,512,73,0.30951960420311164,30.0,1,1,1,30.0,1.6320625190889033e-10,1,42484,109,0.984272039582213,0.9842720436032216,0.9889623001845894,0.9813784204394599,0.3550861911610144,0.35508624670970895,0.33536161085492106,0.3785256295497305,0.34003038937530156,0.8939483208484135,7.595370067007647e-19
ellipse,54,3.5465423700679905e-15,0.0,0.0,3.4506802543877947e-07,512,74,0.30951960420311164,30.0,1,1,1,30.0,8.481026836827677e-11,1,42764,109,0.984272039582213,0.9842720436032216,0.9889623001845894,0.9813784204394599,0.3550861911610144,0.35508624670970895,0.33536161085492106,0.3785256295497305,0.34003038937530156,0.8998400808012793,1.8134188725164717e-19
ellipse,54,3.5465423700679905e-15,0.0,0.0,3.4506802543877947e-07,512,75,0.30951960420311164,30.0,1,1,1,30.0,8.481026836786909e-11,1,43036,109,0.984272039582213,0.9842720436032216,0.9889623001845894,0.9813784204394599,0.3550861911610144,0.35508624670970895,0.33536161085492106,0.3785256295497305,0.34003038937530156,0.905563504755492,5.516896239980495e-20
ellipse,54,3.5465423700679905e-15,0.0,0.0,3.4506802543877947e-07,512,76,0.30951960420311164,30.0,1,1,1,30.0,4.416436013119738e-11,1,43300,109,0.984272039582213,0.9842720436032216,0.9889623001845894,0.9813784204394599,0.3550861911610144,0.35508624670970895,0.33536161085492106,0.3785256295497305,0.34003038937530156,0.9111185927110512,2.7768467696418297e-20
ellipse,54,3.5465423700679905e-15,0.0,0.0,3.4506802543877947e-07,512,77,0.30951960420311164,30.0,1,1,1,30.0,4.416436013040612e-11,1,43556,109,0.984272039582213,0.9842720436032216,0.9889623001845894,0.9813784204394599,0.3550861911610144,0.35508624670970895,0.33536161085492106,0.3785256295497305,0.34003038937530156,0.9165053446679572,1.990803111723659e-20
ellipse,54,3.5465423700679905e-15,0.0,0.0,3.4506802543877947e-07,512,78,0.30951960420311164,30.0,1,1,1,30.0,2.3042967447558626e-11,1,43804,109,0.984272039582213,0.9842720436032216,0.9889623001845894,0.9813784204394599,0.3550861911610144,0.35508624670970895,0.33536161085492106,0.3785256295497305,0.34003038937530156,0.9217237606262099,2.6042863572009897e-21
ellipse,54,3.5465423700679905e-15,0.0,0.0,3.4506802543877947e-07,512,79,0.30951960420311164,30.0,1,1,1,30.0,2.3042967445538496e-11,1,44044,109,0.984272039582213,0.9842720436032216,0.9889623001845894,0.9813784204394599,0.3550861911610144,0.35508624670970895,0.33536161085492106,0.3785256295497305,0.34003038937530156,0.9267738405858092,1.777358518451773e-21
ellipse,54,3.5465423700679905e-15,0.0,0.0,3.4506802543877947e-07,512,80,0.30951960420311164,30.0,1,1,1,30.0,1.2043467483236676e-11,1,44276,109,0.984272039582213,0.9842720436032216,0.9889623001845894,0.9813784204394599,0.3550861911610144,0.35508624670970895,0.33536161085492106,0.3785256295497305,0.34003038937530156,0.9316555845467553,2.861941002553976e-22
ellipse,54,3.5465423700679905e-15,0.0,0.0,3.4506802543877947e-07,512,81,0.30951960420311164,30.0,1,1,1,30.0,1.2043467479870506e-11,1,44500,109,0.984272039582213,0.9842720436032216,0.9889623001845894,0.9813784204394599,0.3550861911610144,0.35508624670970895,0.33536161085492106,0.3785256295497305,0.34003038937530156,0.936368992509048,2.6984041624646693e-22
ellipse,54,3.5465423700679905e-15,0.0,0.0,3.4506802543877947e-07,512,82,0.30951960420311164,30.0,1,1,1,30.0,6.304980624531096e-12,1,44716,109,0.984272039582213,0.9842720436032216,0.9889623001845894,0.9813784204394599,0.3550861911610144,0.35508624670970895,0.33536161085492106,0.3785256295497305,0.34003038937530156,0.9409140644726874,2.678117838153549e-23
ellipse,54,3.5465423700679905e-15,0.0,0.0,3.4506802543877947e-07,512,83,0.30951960420311164,30.0,1,1,1,30.0,6.304980617976723e-12,1,44924,109,0.984272039582213,0.9842720436032216,0.9889623001845894,0.9813784204394599,0.3550861911610144,0.35508624670970895,0.33536161085492106,0.3785256295497305,0.34003038937530156,0.9452908004376736,2.2608263400818935e-23
ellipse,54,3.5465423700679905e-15,0.0,0.0,3.4506802543877947e-07,512,84,0.30951960420311164,30.0,1,1,1,30.0,3.305373986793711e-12,1,45124,109,0.984272039582213,0.9842720436032216,0.9889623001845894,0.9813784204394599,0.3550861911610144,0.35508624670970895,0.33536161085492106,0.3785256295497305,0.34003038937530156,0.9494992004040064,1.1768971231602835e-24
ellipse,54,3.5465423700679905e-15,0.0,0.0,3.4506802543877947e-07,512,85,0.30951960420311164,30.0,1,1,1,30.0,3.3053739703166907e-12,1,45316,109,0.984272039582213,0.9842720436032216,0.9889623001845894,0.9813784204394599,0.3550861911610144,0.35508624670970895,0.33536161085492106,0.3785256295497305,0.34003038937530156,0.9535392643716859,5.980311441930933e-25
ellipse,54,3.5465423700679905e-15,0.0,0.0,3.4506802543877947e-07,512,86,0.30951960420311164,30.0,1,1,1,30.0,1.735421535879015e-12,1,45500,109,0.984272039582213,0.9842720436032216,0.9889623001845894,0.9813784204394599,0.3550861911610144,0.35508624670970895,0.33536161085492106,0.3785256295497305,0.34003038937530156,0.957410992340712,1.175980157915488e-25
ellipse,54,3.5465423700679905e-15,0.0,0.0,3.4506802543877947e-07,512,87,0.30951960420311164,30.0,1,1,1,30.0,1.735421502595654e-12,1,45676,109,0.984272039582213,0.9842720436032216,0.9889623001845894,0.9813784204394599,0.3550861911610144,0.35508624670970895,0.33536161085492106,0.3785256295497305,0.34003038937530156,0.961114384311085,7.488435529447436e-26
ellipse,54,3.5465423700679905e-15,0.0,0.0,3.4506802543877947e-07,512,88,0.30951960420311164,30.0,1,1,1,30.0,9.12251484233748e-13,1,45844,109,0.984272039582213,0.9842720436032216,0.9889623001845894,0.9813784204394599,0.3550861911610144,0.35508624670970895,0.33536161085492106,0.3785256295497305,0.34003038937530156,0.9646494402828045,9.022369612411955e-27
ellipse,54,3.5465423700679905e-15,0.0,0.0,3.4506802543877947e-07,512,89,0.30951960420311164,30.0,1,1,1,30.0,9.122514212625345e-13,1,46004,109,0.984272039582213,0.9842720436032216,0.9889623001845894,0.9813784204394599,0.3550861911610144,0.35508624670970895,0.33536161085492106,0.3785256295497305,0.34003038937530156,0.9680161602558707,3.536478855582263e-27
ellipse,54,3.5465423700679905e-15,0.0,0.0,3.4506802543877947e-07,512,90,0.30951960420311164,30.0,1,1,1,30.0,4.799514061184135e-13,1,46156,109,0.984272039582213,0.9842720436032216,0.9889623001845894,0.9813784204394599,0.3550861911610144,0.35508624670970895,0.33536161085492106,0.3785256295497305,0.34003038937530156,0.9712145442302836,7.558087546654926e-28
ellipse,54,3.5465423700679905e-15,0.0,0.0,3.4506802543877947e-07,512,91,0.30951960420311164,30.0,1,1,1,30.0,4.799513195519691e-13,1,46300,109,0.984272039582213,0.9842720436032216,0.9889623001845894,0.9813784204394599,0.3550861911610144,0.35508624670970895,0.33536161085492106,0.3785256295497305,0.34003038937530156,0.9742445922060433,6.390627163718358e-28
ellipse,54,3.5465423700679905e-15,0.0,0.0,3.4506802543877947e-07,512,92,0.30951960420311164,30.0,1,1,1,30.0,2.533042818008688e-13,1,46436,109,0.984272039582213,0.9842720436032216,0.9889623001845894,0.9813784204394599,0.3550861911610144,0.35508624670970895,0.33536161085492106,0.3785256295497305,0.34003038937530156,0.9771063041831496,3.3313027458944555e-28
ellipse,54,3.5465423700679905e-15,0.0,0.0,3.4506802543877947e-07,512,93,0.30951960420311164,30.0,1,1,1,30.0,2.533040739750973e-13,1,46564,109,0.984272039582213,0.9842720436032216,0.9889623001845894,0.9813784204394599,0.3550861911610144,0.35508624670970895,0.33536161085492106,0.3785256295497305,0.34003038937530156,0.9797996801616026,3.323484740552498e-28
ellipse,54,3.5465423700679905e-15,0.0,0.0,3.4506802543877947e-07,512,94,0.30951960420311164,30.0,1,1,1,30.0,1.3313354257535005e-13,1,46684,109,0.984272039582213,0.9842720436032216,0.9889623001845894,0.9813784204394599,0.3550861911610144,0.35508624670970895,0.33536161085492106,0.3785256295497305,0.34003038937530156,0.9823247201414023,1.733008824791425e-28
ellipse,54,3.5465423700679905e-15,0.0,0.0,3.4506802543877947e-07,512,95,0.30951960420311164,30.0,1,1,1,30.0,1.331331650249253e-13,1,46796,109,0.984272039582213,0.9842720436032216,0.9889623001845894,0.9813784204394599,0.3550861911610144,0.35508624670970895,0.33536161085492106,0.3785256295497305,0.34003038937530156,0.9846814241225486,1.732962570391395e-28
ellipse,54,3.5465423700679905e-15,0.0,0.0,3.4506802543877947e-07,512,96,0.30951960420311164,30.0,1,1,1,30.0,7.084213849455783e-14,1,46900,109,0.984272039582213,0.9842720436032216,0.9889623001845894,0.9813784204394599,0.3550861911610144,0.35508624670970895,0.33536161085492106,0.3785256295497305,0.34003038937530156,0.9868697921050417,9.764366850739498e-29
ellipse,54,3.5465423700679905e-15,0.0,0.0,3.4506802543877947e-07,512,97,0.30951960420311164,30.0,1,1,1,30.0,7.084158418045135e-14,1,46996,109,0.984272039582213,0.9842720436032216,0.9889623001845894,0.9813784204394599,0.3550861911610144,0.35508624670970895,0.33536161085492106,0.3785256295497305,0.34003038937530156,0.9888898240888814,9.771289104795418e-29
ellipse,54,3.5465423700679905e-15,0.0,0.0,3.4506802543877947e-07,512,98,0.30951960420311164,30.0,1,1,1,30.0,3.7078808626496176e-14,1,47084,109,0.984272039582213,0.9842720436032216,0.9889623001845894,0.9813784204394599,0.3550861911610144,0.35508624670970895,0.33536161085492106,0.3785256295497305,0.34003038937530156,0.9907415200740678,5.342196080714103e-29
ellipse,54,3.5465423700679905e-15,0.0,0.0,3.4506802543877947e-07,512,99,0.30951960420311164,30.0,1,1,1,30.0,3.7077765422537387e-14,1,47164,109,0.984272039582213,0.9842720436032216,0.9889623001845894,0.9813784204394599,0.3550861911610144,0.35508624670970895,0.33536161085492106,0.3785256295497305,0.34003038937530156,0.9924248800606009,5.336727579903847e-29
ellipse,54,3.5465423700679905e-15,0.0,0.0,3.4506802543877947e-07,512,100,0.30951960420311164,30.0,1,1,1,30.0,1.9655143789294658e-14,1,47236,109,0.984272039582213,0.9842720436032216,0.9889623001845894,0.9813784204394599,0.3550861911610144,0.35508624670970895,0.33536161085492106,0.3785256295497305,0.34003038937530156,0.9939399040484808,2.678694935961179e-29
ellipse,54,3.5465423700679905e-15,0.0,0.0,3.4506802543877947e-07,512,101,0.30951960420311164,30.0,1,1,1,30.0,1.9653967365072656e-14,1,47300,109,0.984272039582213,0.9842720436032216,0.9889623001845894,0.9813784204394599,0.3550861911610144,0.35508624670970895,0.33536161085492106,0.3785256295497305,0.34003038937530156,0.9952865920377073,2.675644288424976e-29
ellipse,54,3.5465423700679905e-15,0.0,0.0,3.4506802543877947e-07,512,102,0.30951960420311164,30.0,1,1,1,30.0,1.047117320362431e-14,1,47356,109,0.984272039582213,0.9842720436032216,0.9889623001845894,0.9813784204394599,0.3550861911610144,0.35508624670970895,0.33536161085492106,0.3785256295497305,0.34003038937530156,0.9964649440282805,1.4978463219583216e-29
ellipse,54,3.5465423700679905e-15,0.0,0.0,3.4506802543877947e-07,512,103,0.30951960420311164,30.0,1,1,1,30.0,1.0469791678524317e-14,1,47404,109,0.984272039582213,0.9842720436032216,0.9889623001845894,0.9813784204394599,0.3550861911610144,0.35508624670970895,0.33536161085492106,0.3785256295497305,0.34003038937530156,0.9974749600202003,1.4814288498989916e-29
ellipse,54,3.5465423700679905e-15,0.0,0.0,3.4506802543877947e-07,512,104,0.30951960420311164,30.0,1,1,1,30.0,5.060878791686133e-15,1,47444,109,0.984272039582213,0.9842720436032216,0.9889623001845894,0.9813784204394599,0.3550861911610144,0.35508624670970895,0.33536161085492106,0.3785256295497305,0.34003038937530156,0.9983166400134669,7.539173273778276e-30
ellipse,54,3.5465423700679905e-15,0.0,0.0,3.4506802543877947e-07,512,105,0.30951960420311164,30.0,1,1,1,30.0,5.0576961350894995e-15,1,47476,109,0.984272039582213,0.9842720436032216,0.9889623001845894,0.9813784204394599,0.3550861911610144,0.35508624670970895,0.33536161085492106,0.3785256295497305,0.34003038937530156,0.9989899840080801,7.597576627684399e-30
ellipse,54,3.5465423700679905e-15,0.0,0.0,3.4506802543877947e-07,512,106,0.30951960420311164,30.0,1,1,1,30.0,2.2277112604741853e-15,1,47500,109,0.984272039582213,0.9842720436032216,0.9889623001845894,0.9813784204394599,0.3550861911610144,0.35508624670970895,0.33536161085492106,0.3785256295497305,0.34003038937530156,0.99949499200404,3.590493103725154e-30
ellipse,54,3.5465423700679905e-15,0.0,0.0,3.4506802543877947e-07,512,107,0.30951960420311164,30.0,1,1,1,30.0,2.222096578349678e-15,1,47516,109,0.984272039582213,0.9842720436032216,0.9889623001845894,0.9813784204394599,0.3550861911610144,0.35508624670970895,0.33536161085492106,0.3785256295497305,0.34003038937530156,0.9998316640013467,3.375679017575096e-30
ellipse,54,3.5465423700679905e-15,0.0,0.0,3.4506802543877947e-07,512,108,0.30951960420311164,30.0,1,1,1,30.0,0.0,1,47524,109,0.984272039582213,0.9842720436032216,0.9889623001845894,0.9813784204394599,0.3550861911610144,0.35508624670970895,0.33536161085492106,0.3785256295497305,0.34003038937530156,1.0,0.0
kite,24,7.591860255150457e-15,0.3253226894902275,1.2455378811774347,5.758841378711142e-09,256,0,0.16738230496393547,2.0,16,5,48,2.0000000000000004,0.03771557369954956,2,196,49,0.9503337918998865,0.9503337918997289,0.947464694453593,0.9508408480062863,0.29922992310116964,0.29922992310125013,0.24017838312103928,0.35535818274503317,0.24396881462460124,0.02040816326530612,0.09322551144466522
kite,24,7.591860255150457e-15,0.14537036373384624,0.6122381272741643,5.758841378711142e-09,256,1,0.16738230496393547,2.0,16,5,48,2.0000000000000004,0.02755158584182036,2,580,49,0.9503337918998865,0.9503337918997289,0.947464694453593,0.9508408480062863,0.29922992310116964,0.29922992310125013,0.24017838312103928,0.35535818274503317,0.24396881462460124,0.060391503540191585,0.06740697986589661
kite,24,7.591860255150457e-15,0.09885613159461375,0.4750516989158957,5.758841378711142e-09,256,2,0.16738230496393547,2.0,16,5,48,2.0000000000000004,0.02291285922933967,2,956,49,0.9503337918998865,0.9503337918997289,0.947464694453593,0.9508408480062863,0.29922992310116964,0.29922992310125013,0.24017838312103928,0.35535818274503317,0.24396881462460124,0.09954185755935027,0.0518095641421171
kite,24,7.591860255150457e-15,0.024887616450950834,0.17652977301692663,5.758841378711142e-09,256,3,0.16738230496393547,2.0,16,5,48,2.0000000000000004,0.011643337915305727,2,1324,49,0.9503337918998865,0.9503337918997289,0.947464694453593,0.9508408480062863,0.29922992310116964,0.29922992310125013,0.24017838312103928,0.35535818274503317,0.24396881462460124,0.13785922532278216,0.024659283861247647
kite,24,7.591860255150457e-15,0.004097033006859446,0.044010432343555034,5.758841378711142e-09,256,4,0.16738230496393547,2.0,16,5,48,2.0000000000000004,0.004572055394156381,2,1684,49,0.9503337918998865,0.9503337918997289,0.947464694453593,0.9508408480062863,0.29922992310116964,0.29922992310125013,0.24017838312103928,0.35535818274503317,0.24396881462460124,0.1753436068304873,0.007396999495122264
kite,24,7.591860255150457e-15,0.0013616658356498212,0.011685584895886296,5.758841378711142e-09,256,5,0.16738230496393547,2.0,16,5,48,2.0000000000000004,0.0032921527800329623,2,2036,49,0.9503337918998865,0.9503337918997289,0.947464694453593,0.9508408480062863,0.29922992310116964,0.29922992310125013,0.24017838312103928,0.35535818274503317,0.24396881462460124,0.21199500208246563,0.003834181741636396
kite,24,7.591860255150457e-15,0.0003564442206692901,0.004370918859941927,5.758841378711142e-09,256,6,0.16738230496393547,2.0,16,5,48,2.0000000000000004,0.0017676147237077739,2,2380,49,0.9503337918998865,0.9503337918997289,0.947464694453593,0.9508408480062863,0.29922992310116964,0.29922992310125013,0.24017838312103928,0.35535818274503317,0.24396881462460124,0.2478134110787172,0.001609589237358148
kite,24,7.591860255150457e-15,3.550412748077937e-05,0.00047765844281467295,5.758841378711142e-09,256,7,0.16738230496393547,2.0,16,5,48,2.0000000000000004,0.0009755329011951817,2,2716,49,0.9503337918998865,0.9503337918997289,0.947464694453593,0.9508408480062863,0.29922992310116964,0.29922992310125013,0.24017838312103928,0.35535818274503317,0.24396881462460124,0.282798833819242,0.0005612336330662582
kite,24,7.591860255150457e-15,3.5573808503244892e-06,7.406391076943869e-05,5.758841378711142e-09,256,8,0.16738230496393547,2.0,16,5,48,2.0000000000000004,0.000679781934207971,2,3044,49,0.9503337918998865,0.9503337918997289,0.947464694453593,0.9508408480062863,0.29922992310116964,0.29922992310125013,0.24017838312103928,0.35535818274503317,0.24396881462460124,0.31695127030403997,0.00018109039680110924
kite,24,7.591860255150457e-15,4.5076221166731405e-06,6.268407310443478e-05,5.758841378711142e-09,256,9,0.16738230496393547,2.0,16,5,48,2.0000000000000004,0.0006497942031631927,2,3364,49,0.9503337918998865,0.9503337918997289,0.947464694453593,0.9508408480062863,0.29922992310116964,0.29922992310125013,0.24017838312103928,0.35535818274503317,0.24396881462460124,0.3502707205331112,0.00019541514357062276
kite,24,7.591860255150457e-15,1.8076092538190858e-07,3.4989428936174838e-06,5.758841378711142e-09,256,10,0.16738230496393547,2.0,16,5,48,2.0000000000000004,0.00035794976484265496,2,3676,49,0.9503337918998865,0.9503337918997289,0.947464694453593,0.9508408480062863,0.29922992310116964,0.29922992310125013,0.24017838312103928,0.35535818274503317,0.24396881462460124,0.3827571845064556,3.586677469253195e-05
kite,24,7.591860255150457e-15,1.2594311150809857e-07,2.834182149177425e-06,5.758841378711142e-09,256,11,0.16738230496393547,2.0,16,5,48,2.0000000000000004,0.00033615743049394227,2,3980,49,0.9503337918998865,0.9503337918997289,0.947464694453593,0.9508408480062863,0.29922992310116964,0.29922992310125013,0.24017838312103928,0.35535818274503317,0.24396881462460124,0.4144106622240733,2.569930696086594e-05
kite,24,7.591860255150457e-15,3.96806069580338e-08,7.728694309261657e-07,5.758841378711142e-09,256,12,0.16738230496393547,2.0,16,5,48,2.0000000000000004,0.0002714486367470238,2,4276,49,0.9503337918998865,0.9503337918997289,0.947464694453593,0.9508408480062863,0.29922992310116964,0.29922992310125013,0.24017838312103928,0.35535818274503317,0.24396881462460124,0.44523115368596416,1.5450984351206858e-05
kite,24,7.591860255150457e-15,5.168985890803264e-09,1.562402656876172e-07,5.758841378711142e-09,256,13,0.16738230496393547,2.0,16,5,48,2.0000000000000004,0.000194326381719999,2,4564,49,0.9503337918998865,0.9503337918997289,0.947464694453593,0.9508408480062863,0.29922992310116964,0.29922992310125013,0.24017838312103928,0.35535818274503317,0.24396881462460124,0.4752186588921283,5.222573702578157e-06
kite,24,7.591860255150457e-15,2.555606088351914e-09,6.601154256193218e-08,5.758841378711142e-09,256,14,0.16738230496393547,2.0,16,5,48,2.0000000000000004,0.0001771969502490045,2,4844,49,0.9503337918998865,0.9503337918997289,0.947464694453593,0.9508408480062863,0.29922992310116964,0.29922992310125013,0.24017838312103928,0.35535818274503317,0.24396881462460124,0.5043731778425656,3.6605817038466996e-06
kite,24,7.591860255150457e-15,2.1455928148051053e-10,6.038027222059682e-09,5.758841378711142e-09,256,15,0.16738230496393547,2.0,16,5,48,2.0000000000000004,0.00011969995183983386,2,5116,49,0.9503337918998865,0.9503337918997289,0.947464694453593,0.9508408480062863,0.29922992310116964,0.29922992310125013,0.24017838312103928,0.35535818274503317,0.24396881462460124,0.5326947105372761,1.0588046407538738e-06
kite,24,7.591860255150457e-15,1.6460445456672571e-10,5.427728027330582e-09,5.758841378711142e-09,256,16,0.16738230496393547,2.0,16,5,48,2.0000000000000004,0.00011646880104318939,2,5380,49,0.9503337918998865,0.9503337918997289,0.947464694453593,0.9508408480062863,0.29922992310116964,0.29922992310125013,0.24017838312103928,0.35535818274503317,0.24396881462460124,0.5601832569762599,8.494152729079136e-07
kite,24,7.591860255150457e-15,3.2814037203978886e-11,9.82031682063295e-10,5.758841378711142e-09,256,17,0.16738230496393547,2.0,16,5,48,2.0000000000000004,8.263452234215767e-05,2,5636,49,0.9503337918998865,0.9503337918997289,0.947464694453593,0.9508408480062863,0.29922992310116964,0.29922992310125013,0.24017838312103928,0.35535818274503317,0.24396881462460124,0.5868388171595169,3.36842322614154e-07
kite,24,7.591860255150457e-15,6.632712440890254e-12,2.8854649585349106e-10,5.758841378711142e-09,256,18,0.16738230496393547,2.0,16,5,48,2.0000000000000004,6.843849206153458e-05,2,5884,49,0.9503337918998865,0.9503337918997289,0.947464694453593,0.9508408480062863,0.29922992310116964,0.29922992310125013,0.24017838312103928,0.35535818274503317,0.24396881462460124,0.6126613910870471,1.5563650503507662e-07
kite,24,7.591860255150457e-15,3.5743037004950546e-12,1.430316785469223e-10,5.758841378711142e-09,256,19,0.16738230496393547,2.0,16,5,48,2.0000000000000004,6.1009550587758774e-05,2,6124,49,0.9503337918998865,0.9503337918997289,0.947464694453593,0.9508408480062863,0.29922992310116964,0.29922992310125013,0.24017838312103928,0.35535818274503317,0.24396881462460124,0.6376509787588505,9.604956007087447e-08
kite,24,7.591860255150457e-15,2.265836801497692e-13,5.537054762336978e-11,5.758841378711142e-09,256,20,0.16738230496393547,2.0,16,5,48,2.0000000000000004,4.145389017720447e-05,2,6356,49,0.9503337918998865,0.9503337918997289,0.947464694453593,0.9508408480062863,0.29922992310116964,0.29922992310125013,0.24017838312103928,0.35535818274503317,0.24396881462460124,0.6618075801749271,3.499663556611799e-08
kite,24,7.591860255150457e-15,1.99331374978082e-13,5.4446319008825194e-11,5.758841378711142e-09,256,21,0.16738230496393547,2.0,16,5,48,2.0000000000000004,4.076693378988157e-05,2,6580,49,0.9503337918998865,0.9503337918997289,0.947464694453593,0.9508408480062863,0.29922992310116964,0.29922992310125013,0.24017838312103928,0.35535818274503317,0.24396881462460124,0.685131195335277,2.253809218945739e-08
kite,24,7.591860255150457e-15,1.9593815535544788e-14,4.708239125351829e-11,5.758841378711142e-09,256,22,0.16738230496393547,2.0,16,5,48,2.0000000000000004,2.881219582303352e-05,2,6796,49,0.9503337918998865,0.9503337918997289,0.947464694453593,0.9508408480062863,0.29922992310116964,0.29922992310125013,0.24017838312103928,0.35535818274503317,0.24396881462460124,0.7076218242399,9.337903687872349e-09
kite,24,7.591860255150457e-15,7.823577740705693e-15,4.2626276023096765e-11,5.758841378711142e-09,256,23,0.16738230496393547,2.0,16,5,48,2.0000000000000004,2.5251240217011948e-05,2,7004,49,0.9503337918998865,0.9503337918997289,0.947464694453593,0.9508408480062863,0.29922992310116964,0.29922992310125013,0.24017838312103928,0.35535818274503317,0.24396881462460124,0.7292794668887963,5.051164587660184e-09
kite,24,7.591860255150457e-15,5.696192791757055e-15,3.471730322140169e-11,5.758841378711142e-09,256,24,0.16738230496393547,2.0,16,5,48,2.0000000000000004,2.1199165629924975e-05,2,7204,49,0.9503337918998865,0.9503337918997289,0.947464694453593,0.9508408480062863,0.29922992310116964,0.29922992310125013,0.24017838312103928,0.35535818274503317,0.24396881462460124,0.7501041232819659,2.642707462892099e-09
kite,24,7.591860255150457e-15,7.662288381277319e-16,2.3481606144787897e-11,5.758841378711142e-09,256,25,0.16738230496393547,2.0,16,5,48,2.0000000000000004,1.5294137056137313e-05,2,7396,49,0.9503337918998865,0.9503337918997289,0.947464694453593,0.9508408480062863,0.29922992310116964,0.29922992310125013,0.24017838312103928,0.35535818274503317,0.24396881462460124,0.7700957934194086,1.1092470367697291e-09
kite,24,7.591860255150457e-15,8.02033749162058e-16,2.1199112555851135e-11,5.758841378711142e-09,256,26,0.16738230496393547,2.0,16,5,48,2.0000000000000004,1.4870216888200606e-05,2,7580,49,0.9503337918998865,0.9503337918997289,0.947464694453593,0.9508408480062863,0.29922992310116964,0.29922992310125013,0.24017838312103928,0.35535818274503317,0.24396881462460124,0.7892544773011245,7.074873554509051e-10
kite,24,7.591860255150457e-15,2.873996817891439e-16,1.1680970344088686e-11,5.758841378711142e-09,256,27,0.16738230496393547,2.0,16,5,48,2.0000000000000004,1.0277553379775451e-05,2,7756,49,0.9503337918998865,0.9503337918997289,0.947464694453593,0.9508408480062863,0.29922992310116964,0.29922992310125013,0.24017838312103928,0.35535818274503317,0.24396881462460124,0.8075801749271136,2.8592006106848087e-10
kite,24,7.591860255150457e-15,2.0341645626924644e-16,8.121273223620204e-12,5.758841378711142e-09,256,28,0.16738230496393547,2.0,16,5,48,2.0000000000000004,9.491255556030669e-06,2,7924,49,0.9503337918998865,0.9503337918997289,0.947464694453593,0.9508408480062863,0.29922992310116964,0.29922992310125013,0.24017838312103928,0.35535818274503317,0.24396881462460124,0.8250728862973761,1.7112693937649974e-10
kite,24,7.591860255150457e-15,1.6513521302619912e-16,5.309184684809325e-12,5.758841378711142e-09,256,29,0.16738230496393547,2.0,16,5,48,2.0000000000000004,7.615104129903244e-06,2,8084,49,0.9503337918998865,0.9503337918997289,0.947464694453593,0.9508408480062863,0.29922992310116964,0.29922992310125013,0.24017838312103928,0.35535818274503317,0.24396881462460124,0.8417326114119117,8.381223750215567e-11
kite,24,7.591860255150457e-15,6.806379296960962e-17,1.766547879591747e-12,5.758841378711142e-09,256,30,0.16738230496393547,2.0,16,5,48,2.0000000000000004,5.787317676493654e-06,2,8236,49,0.9503337918998865,0.9503337918997289,0.947464694453593,0.9508408480062863,0.29922992310116964,0.29922992310125013,0.24017838312103928,0.35535818274503317,0.24396881462460124,0.8575593502707205,3.912776290680049e-11
kite,24,7.591860255150457e-15,2.3510911173616366e-17,1.6906734028109712e-12,5.758841378711142e-09,256,31,0.16738230496393547,2.0,16,5,48,2.0000000000000004,5.47517656174911e-06,2,8380,49,0.9503337918998865,0.9503337918997289,0.947464694453593,0.9508408480062863,0.29922992310116964,0.29922992310125013,0.24017838312103928,0.35535818274503317,0.24396881462460124,0.8725531028738026,2.4560611189794146e-11
kite,24,7.591860255150457e-15,2.1153599324073773e-17,4.530892707181611e-13,5.758841378711142e-09,256,32,0.16738230496393547,2.0,16,5,48,2.0000000000000004,3.7763127670504882e-06,2,8516,49,0.9503337918998865,0.9503337918997289,0.947464694453593,0.9508408480062863,0.29922992310116964,0.29922992310125013,0.24017838312103928,0.35535818274503317,0.24396881462460124,0.8867138692211578,9.683497384258643e-12
kite,24,7.591860255150457e-15,0.0,3.0205951381210737e-13,5.758841378711142e-09,256,33,0.16738230496393547,2.0,16,5,48,2.0000000000000004,3.6045239624161903e-06,2,8644,49,0.9503337918998865,0.9503337918997289,0.947464694453593,0.9508408480062863,0.29922992310116964,0.29922992310125013,0.24017838312103928,0.35535818274503317,0.24396881462460124,0.9000416493127863,6.6227474887101155e-12
kite,24,7.591860255150457e-15,0.0,1.5102975690605368e-13,5.758841378711142e-09,256,34,0.16738230496393547,2.0,16,5,48,2.0000000000000004,2.7502830937032963e-06,2,8764,49,0.9503337918998865,0.9503337918997289,0.947464694453593,0.9508408480062863,0.29922992310116964,0.29922992310125013,0.24017838312103928,0.35535818274503317,0.24396881462460124,0.9125364431486881,2.9111941895561358e-12
kite,24,7.591860255150457e-15,0.0,0.0,5.758841378711142e-09,256,35,0.16738230496393547,2.0,16,5,48,2.0000000000000004,2.2032440592926577e-06,2,8876,49,0.9503337918998865,0.9503337918997289,0.947464694453593,0.9508408480062863,0.29922992310116964,0.29922992310125013,0.24017838312103928,0.35535818274503317,0.24396881462460124,0.924198250728863,1.5069179482272882e-12
kite,24,7.591860255150457e-15,0.0,0.0,5.758841378711142e-09,256,36,0.16738230496393547,2.0,16,5,48,2.0000000000000004,2.002219137278224e-06,2,8980,49,0.9503337918998865,0.9503337918997289,0.947464694453593,0.9508408480062863,0.29922992310116964,0.29922992310125013,0.24017838312103928,0.35535818274503317,0.24396881462460124,0.9350270720533111,8.288306484232397e-13
kite,24,7.591860255150457e-15,0.0,0.0,5.758841378711142e-09,256,37,0.16738230496393547,2.0,16,5,48,2.0000000000000004,1.3670085890801294e-06,2,9076,49,0.9503337918998865,0.9503337918997289,0.947464694453593,0.9508408480062863,0.29922992310116964,0.29922992310125013,0.24017838312103928,0.35535818274503317,0.24396881462460124,0.9450229071220325,2.560478054145435e-13
kite,24,7.591860255150457e-15,0.0,0.0,5.758841378711142e-09,256,38,0.16738230496393547,2.0,16,5,48,2.0000000000000004,1.3249578844940503e-06,2,9164,49,0.9503337918998865,0.9503337918997289,0.947464694453593,0.9508408480062863,0.29922992310116964,0.29922992310125013,0.24017838312103928,0.35535818274503317,0.24396881462460124,0.9541857559350271,2.3757182948222513e-13
kite,24,7.591860255150457e-15,0.0,0.0,5.758841378711142e-09,256,39,0.16738230496393547,2.0,16,5,48,2.0000000000000004,9.309243569398602e-07,2,9244,49,0.9503337918998865,0.9503337918997289,0.947464694453593,0.9508408480062863,0.29922992310116964,0.29922992310125013,0.24017838312103928,0.35535818274503317,0.24396881462460124,0.9625156184922948,7.460636748237301e-14
kite,24,7.591860255150457e-15,0.0,0.0,5.758841378711142e-09,256,40,0.16738230496393547,2.0,16,5,48,2.0000000000000004,7.616153145333012e-07,2,9316,49,0.9503337918998865,0.9503337918997289,0.947464694453593,0.9508408480062863,0.29922992310116964,0.29922992310125013,0.24017838312103928,0.35535818274503317,0.24396881462460124,0.9700124947938359,1.849779139961484e-14
kite,24,7.591860255150457e-15,0.0,0.0,5.758841378711142e-09,256,41,0.16738230496393547,2.0,16,5,48,2.0000000000000004,6.505183480707784e-07,2,9380,49,0.9503337918998865,0.9503337918997289,0.947464694453593,0.9508408480062863,0.29922992310116964,0.29922992310125013,0.24017838312103928,0.35535818274503317,0.24396881462460124,0.9766763848396501,1.4913780344509016e-14
kite,24,7.591860255150457e-15,0.0,0.0,5.758841378711142e-09,256,42,0.16738230496393547,2.0,16,5,48,2.0000000000000004,4.034513864714805e-07,2,9436,49,0.9503337918998865,0.9503337918997289,0.947464694453593,0.9508408480062863,0.29922992310116964,0.29922992310125013,0.24017838312103928,0.35535818274503317,0.24396881462460124,0.9825072886297376,1.880297022720043e-15
kite,24,7.591860255150457e-15,0.0,0.0,5.758841378711142e-09,256,43,0.16738230496393547,2.0,16,5,48,2.0000000000000004,3.924123987466309e-07,2,9484,49,0.9503337918998865,0.9503337918997289,0.947464694453593,0.9508408480062863,0.29922992310116964,0.29922992310125013,0.24017838312103928,0.35535818274503317,0.24396881462460124,0.9875052061640983,8.420557732343981e-16
kite,24,7.591860255150457e-15,0.0,0.0,5.758841378711142e-09,256,44,0.16738230496393547,2.0,16,5,48,2.0000000000000004,2.4655466622559884e-07,2,9524,49,0.9503337918998865,0.9503337918997289,0.947464694453593,0.9508408480062863,0.29922992310116964,0.29922992310125013,0.24017838312103928,0.35535818274503317,0.24396881462460124,0.9916701374427322,3.147083899257994e-16
kite,24,7.591860255150457e-15,0.0,0.0,5.758841378711142e-09,256,45,0.16738230496393547,2.0,16,5,48,2.0000000000000004,2.1303556601373886e-07,2,9556,49,0.9503337918998865,0.9503337918997289,0.947464694453593,0.9508408480062863,0.29922992310116964,0.29922992310125013,0.24017838312103928,0.35535818274503317,0.24396881462460124,0.9950020824656394,1.3160697477112134e-16
kite,24,7.591860255150457e-15,0.0,0.0,5.758841378711142e-09,256,46,0.16738230496393547,2.0,16,5,48,2.0000000000000004,1.4929133144573012e-07,2,9580,49,0.9503337918998865,0.9503337918997289,0.947464694453593,0.9508408480062863,0.29922992310116964,0.29922992310125013,0.24017838312103928,0.35535818274503317,0.24396881462460124,0.9975010412328197,1.1207895821346144e-16
kite,24,7.591860255150457e-15,0.0,0.0,5.758841378711142e-09,256,47,0.16738230496393547,2.0,16,5,48,2.0000000000000004,1.6816937269206232e-08,2,9596,49,0.9503337918998865,0.9503337918997289,0.947464694453593,0.9508408480062863,0.29922992310116964,0.29922992310125013,0.24017838312103928,0.35535818274503317,0.24396881462460124,0.9991670137442732,6.7646999230429825e-18
kite,24,7.591860255150457e-15,0.0,0.0,5.758841378711142e-09,256,48,0.16738230496393547,2.0,16,5,48,2.0000000000000004,0.0,2,9604,49,0.9503337918998865,0.9503337918997289,0.947464694453593,0.9508408480062863,0.29922992310116964,0.29922992310125013,0.24017838312103928,0.35535818274503317,0.24396881462460124,1.0,0.0
kite,36,1.1050979863115128e-14,1.0380845848555453,1.9739115201715869,5.0837641256294895e-08,512,0,0.16738230496393547,10.0,21,11,55,10.000000000000002,0.5800261444983678,2,292,73,0.9786853444353518,0.9786853444339247,0.9774857193299159,0.9781713975751091,0.26866735612871345,0.2686673561259983,0.23065478476220763,0.3041976772975109,0.2331674431855752,0.0136986301369863,1.096020366774591
kite,36,1.1050979863115128e-14,0.9708341248157849,2.5393149543279114,5.0837641256294895e-08,512,1,0.16738230496393547,10.0,21,11,55,10.000000000000002,0.49746931237055625,2,868,73,0.9786853444353518,0.9786853444339247,0.9774857193299159,0.9781713975751091,0.26866735612871345,0.2686673561259983,0.23065478476220763,0.3041976772975109,0.2331674431855752,0.040720585475699005,1.0070222990418671
kite,36,1.1050979863115128e-14,0.7570184694851582,2.3505984115817924,5.0837641256294895e-08,512,2,0.16738230496393547,10.0,21,11,55,10.000000000000002,0.3468785087971091,2,1436,73,0.9786853444353518,0.9786853444339247,0.9774857193299159,0.9781713975751091,0.26866735612871345,0.2686673561259983,0.23065478476220763,0.3041976772975109,0.2331674431855752,0.0673672358791518,0.7572552207851071
kite,36,1.1050979863115128e-14,0.6221514393470053,1.9469037363094241,5.0837641256294895e-08,512,3,0.16738230496393547,10.0,21,11,55,10.000000000000002,0.3148276762870948,2,1996,73,0.9786853444353518,0.9786853444339247,0.9774857193299159,0.9781713975751091,0.26866735612871345,0.2686673561259983,0.23065478476220763,0.3041976772975109,0.2331674431855752,0.09363858134734472,0.6616533919099971
kite,36,1.1050979863115128e-14,0.5849415472980949,1.8673071580474163,5.0837641256294895e-08,512,4,0.16738230496393547,10.0,21,11,55,10.000000000000002,0.2799445170577772,2,2548,73,0.9786853444353518,0.9786853444339247,0.9774857193299159,0.9781713975751091,0.26866735612871345,0.2686673561259983,0.23065478476220763,0.3041976772975109,0.2331674431855752,0.11953462188027772,0.6185315711807567
kite,36,1.1050979863115128e-14,0.29843590229545497,1.266912708796461,5.0837641256294895e-08,512,5,0.16738230496393547,10.0,21,11,55,10.000000000000002,0.17676561215661096,2,3092,73,0.9786853444353518,0.9786853444339247,0.9774857193299159,0.9781713975751091,0.26866735612871345,0.2686673561259983,0.23065478476220763,0.3041976772975109,0.2331674431855752,0.14505535747795084,0.33138849531734166
kite,36,1.1050979863115128e-14,0.24065459558267877,0.9367241192410537,5.0837641256294895e-08,512,6,0.16738230496393547,10.0,21,11,55,10.000000000000002,0.14212508339712027,2,3628,73,0.9786853444353518,0.9786853444339247,0.9774857193299159,0.9781713975751091,0.26866735612871345,0.2686673561259983,0.23065478476220763,0.3041976772975109,0.2331674431855752,0.17020078814036405,0.27570883287282555
kite,36,1.1050979863115128e-14,0.16957155218975076,0.6725537144618146,5.0837641256294895e-08,512,7,0.16738230496393547,10.0,21,11,55,10.000000000000002,0.11441009514165584,2,4156,73,0.9786853444353518,0.9786853444339247,0.9774857193299159,0.9781713975751091,0.26866735612871345,0.2686673561259983,0.23065478476220763,0.3041976772975109,0.2331674431855752,0.19497091386751736,0.19581315799941154
kite,36,1.1050979863115128e-14,0.08752180391946478,0.4056375710007178,5.0837641256294895e-08,512,8,0.16738230496393547,10.0,21,11,55,10.000000000000002,0.08370562481360276,2,4676,73,0.9786853444353518,0.9786853444339247,0.9774857193299159,0.9781713975751091,0.26866735612871345,0.2686673561259983,0.23065478476220763,0.3041976772975109,0.2331674431855752,0.21936573465941078,0.12418182212782324
kite,36,1.1050979863115128e-14,0.051372139105303506,0.25783528836631014,5.0837641256294895e-08,512,9,0.16738230496393547,10.0,21,11,55,10.000000000000002,0.04796631839666454,2,5188,73,0.9786853444353518,0.9786853444339247,0.9774857193299159,0.9781713975751091,0.26866735612871345,0.2686673561259983,0.23065478476220763,0.3041976772975109,0.2331674431855752,0.2433852505160443,0.07087607287697853
kite,36,1.1050979863115128e-14,0.02436194180065998,0.13632183850372684,5.0837641256294895e-08,512,10,0.16738230496393547,10.0,21,11,55,10.000000000000002,0.0331640056449959,2,5692,73,0.9786853444353518,0.9786853444339247,0.9774857193299159,0.9781713975751091,0.26866735612871345,0.2686673561259983,0.23065478476220763,0.3041976772975109,0.2331674431855752,0.2670294614374179,0.039631394776037776
kite,36,1.1050979863115128e-14,0.015202120473836437,0.08547007462667287,5.0837641256294895e-08,512,11,0.16738230496393547,10.0,21,11,55,10.000000000000002,0.030205104128528903,2,6188,73,0.9786853444353518,0.9786853444339247,0.9774857193299159,0.9781713975751091,0.26866735612871345,0.2686673561259983,0.23065478476220763,0.3041976772975109,0.2331674431855752,0.2902983674235316,0.03385764139176682
kite,36,1.1050979863115128e-14,0.006706700773988716,0.0375679418604428,5.0837641256294895e-08,512,12,0.16738230496393547,10.0,21,11,55,10.000000000000002,0.012711787146391445,2,6676,73,0.9786853444353518,0.9786853444339247,0.9774857193299159,0.9781713975751091,0.26866735612871345,0.2686673561259983,0.23065478476220763,0.3041976772975109,0.2331674431855752,0.31319196847438546,0.01346372577887957
kite,36,1.1050979863115128e-14,0.0018719712967733267,0.01545264571820723,5.0837641256294895e-08,512,13,0.16738230496393547,10.0,21,11,55,10.000000000000002,0.010089461061316326,2,7156,73,0.9786853444353518,0.9786853444339247,0.9774857193299159,0.9781713975751091,0.26866735612871345,0.2686673561259983,0.23065478476220763,0.3041976772975109,0.2331674431855752,0.3357102645899794,0.007265292008972029
kite,36,1.1050979863115128e-14,0.0020287863806025524,0.012147168695788026,5.0837641256294895e-08,512,14,0.16738230496393547,10.0,21,11,55,10.000000000000002,0.00842657733964053,2,7628,73,0.9786853444353518,0.9786853444339247,0.9774857193299159,0.9781713975751091,0.26866735612871345,0.2686673561259983,0.23065478476220763,0.3041976772975109,0.2331674431855752,0.3578532557703134,0.00691845732811102
kite,36,1.1050979863115128e-14,0.00038426023802823355,0.00314432211372197,5.0837641256294895e-08,512,15,0.16738230496393547,10.0,21,11,55,10.000000000000002,0.004339759364382202,2,8092,73,0.9786853444353518,0.9786853444339247,0.9774857193299159,0.9781713975751091,0.26866735612871345,0.2686673561259983,0.23065478476220763,0.3041976772975109,0.2331674431855752,0.3796209420153875,0.0022026671926590304
kite,36,1.1050979863115128e-14,0.0002826213897491275,0.0020991161395303207,5.0837641256294895e-08,512,16,0.16738230496393547,10.0,21,11,55,10.000000000000002,0.00382361380533762,2,8548,73,0.9786853444353518,0.9786853444339247,0.9774857193299159,0.9781713975751091,0.26866735612871345,0.2686673561259983,0.23065478476220763,0.3041976772975109,0.2331674431855752,0.40101332332520173,0.0017036918032063378
kite,36,1.1050979863115128e-14,0.0001357936184236752,0.0009034399070227917,5.0837641256294895e-08,512,17,0.16738230496393547,10.0,21,11,55,10.000000000000002,0.0026105030152828814,2,8996,73,0.9786853444353518,0.9786853444339247,0.9774857193299159,0.9781713975751091,0.26866735612871345,0.2686673561259983,0.23065478476220763,0.3041976772975109,0.2331674431855752,0.42203039969975603,0.0011200663031124649
kite,36,1.1050979863115128e-14,2.104020333166303e-05,0.0002922486868825316,5.0837641256294895e-08,512,18,0.16738230496393547,10.0,21,11,55,10.000000000000002,0.0018710844257642993,2,9436,73,0.9786853444353518,0.9786853444339247,0.9774857193299159,0.9781713975751091,0.26866735612871345,0.2686673561259983,0.23065478476220763,0.3041976772975109,0.2331674431855752,0.4426721711390505,0.00037272276747780486
kite,36,1.1050979863115128e-14,2.4588177227005467e-05,0.00019229274072696484,5.0837641256294895e-08,512,19,0.16738230496393547,10.0,21,11,55,10.000000000000002,0.001678512255905873,2,9868,73,0.9786853444353518,0.9786853444339247,0.9774857193299159,0.9781713975751091,0.26866735612871345,0.2686673561259983,0.23065478476220763,0.3041976772975109,0.2331674431855752,0.462938637643085,0.00042368241458918984
kite,36,1.1050979863115128e-14,3.298803326087185e-06,3.5671127055932417e-05,5.0837641256294895e-08,512,20,0.16738230496393547,10.0,21,11,55,10.000000000000002,0.0010102919376279663,2,10292,73,0.9786853444353518,0.9786853444339247,0.9774857193299159,0.9781713975751091,0.26866735612871345,0.2686673561259983,0.23065478476220763,0.3041976772975109,0.2331674431855752,0.48282979921185964,0.00010989985961887474
kite,36,1.1050979863115128e-14,2.785615160835449e-06,2.8912312664762218e-05,5.0837641256294895e-08,512,21,0.16738230496393547,10.0,21,11,55,10.000000000000002,0.0009730145003626279,2,10708,73,0.9786853444353518,0.9786853444339247,0.9774857193299159,0.9781713975751091,0.26866735612871345,0.2686673561259983,0.23065478476220763,0.3041976772975109,0.2331674431855752,0.5023456558453744,0.0001216229142947774
kite,36,1.1050979863115128e-14,1.0459381103585838e-06,9.223539314452905e-06,5.0837641256294895e-08,512,22,0.16738230496393547,10.0,21,11,55,10.000000000000002,0.0006751079525897573,2,11116,73,0.9786853444353518,0.9786853444339247,0.9774857193299159,0.9781713975751091,0.26866735612871345,0.2686673561259983,0.23065478476220763,0.3041976772975109,0.2331674431855752,0.5214862075436292,6.377667845131651e-05
kite,36,1.1050979863115128e-14,1.7969754613380116e-07,3.126056432492207e-06,5.0837641256294895e-08,512,23,0.16738230496393547,10.0,21,11,55,10.000000000000002,0.000548549235472865,2,11516,73,0.9786853444353518,0.9786853444339247,0.9774857193299159,0.9781713975751091,0.26866735612871345,0.2686673561259983,0.23065478476220763,0.3041976772975109,0.2331674431855752,0.5402514543066241,2.731613626481827e-05
kite,36,1.1050979863115128e-14,1.6068897354482324e-07,1.76437296369443e-06,5.0837641256294895e-08,512,24,0.16738230496393547,10.0,21,11,55,10.000000000000002,0.00046072206686580515,2,11908,73,0.9786853444353518,0.9786853444339247,0.9774857193299159,0.9781713975751091,0.26866735612871345,0.2686673561259983,0.23065478476220763,0.3041976772975109,0.2331674431855752,0.5586413961343591,2.6128778008692736e-05
kite,36,1.1050979863115128e-14,1.751575866233066e-08,2.617819375372736e-07,5.0837641256294895e-08,512,25,0.16738230496393547,10.0,21,11,55,10.000000000000002,0.00031375440919649127,2,12292,73,0.9786853444353518,0.9786853444339247,0.9774857193299159,0.9781713975751091,0.26866735612871345,0.2686673561259983,0.23065478476220763,0.3041976772975109,0.2331674431855752,0.5766560330268343,6.164389916827103e-06
kite,36,1.1050979863115128e-14,1.6743216528812237e-08,2.424078052687375e-07,5.0837641256294895e-08,512,26,0.16738230496393547,10.0,21,11,55,10.000000000000002,0.00030517608874001034,2,12668,73,0.9786853444353518,0.9786853444339247,0.9774857193299159,0.9781713975751091,0.26866735612871345,0.2686673561259983,0.23065478476220763,0.3041976772975109,0.2331674431855752,0.5942953649840496,8.83102532627465e-06
kite,36,1.1050979863115128e-14,5.028107483492925e-09,6.10701893602548e-08,5.0837641256294895e-08,512,27,0.16738230496393547,10.0,21,11,55,10.000000000000002,0.00020523539034499774,2,13036,73,0.9786853444353518,0.9786853444339247,0.9774857193299159,0.9781713975751091,0.26866735612871345,0.2686673561259983,0.23065478476220763,0.3041976772975109,0.2331674431855752,0.6115593920060048,3.4240015023385433e-06
kite,36,1.1050979863115128e-14,8.894731046284047e-10,2.0428497002077056e-08,5.0837641256294895e-08,512,28,0.16738230496393547,10.0,21,11,55,10.000000000000002,0.00018502235298704386,2,13396,73,0.9786853444353518,0.9786853444339247,0.9774857193299159,0.9781713975751091,0.26866735612871345,0.2686673561259983,0.23065478476220763,0.3041976772975109,0.2331674431855752,0.6284481140927003,2.294523495540801e-06
kite,36,1.1050979863115128e-14,7.088156836309908e-10,1.074225027987695e-08,5.0837641256294895e-08,512,29,0.16738230496393547,10.0,21,11,55,10.000000000000002,0.00014879065335823334,2,13748,73,0.9786853444353518,0.9786853444339247,0.9774857193299159,0.9781713975751091,0.26866735612871345,0.2686673561259983,0.23065478476220763,0.3041976772975109,0.2331674431855752,0.6449615312441359,1.6435843015514362e-06
kite,36,1.1050979863115128e-14,6.289258270116252e-11,1.3553729795503979e-09,5.0837641256294895e-08,512,30,0.16738230496393547,10.0,21,11,55,10.000000000000002,0.00010937880584062006,2,14092,73,0.9786853444353518,0.9786853444339247,0.9774857193299159,0.9781713975751091,0.26866735612871345,0.2686673561259983,0.23065478476220763,0.3041976772975109,0.2331674431855752,0.6610996434603115,5.529023689866415e-07
kite,36,1.1050979863115128e-14,6.259502440792434e-11,1.2153025366140618e-09,5.0837641256294895e-08,512,31,0.16738230496393547,10.0,21,11,55,10.000000000000002,0.0001038494414580756,2,14428,73,0.9786853444353518,0.9786853444339247,0.9774857193299159,0.9781713975751091,0.26866735612871345,0.2686673561259983,0.23065478476220763,0.3041976772975109,0.2331674431855752,0.6768624507412272,5.915358518338278e-07
kite,36,1.1050979863115128e-14,1.647591007946373e-11,2.745342903391497e-10,5.0837641256294895e-08,512,32,0.16738230496393547,10.0,21,11,55,10.000000000000002,7.068945385824035e-05,2,14756,73,0.9786853444353518,0.9786853444339247,0.9774857193299159,0.9781713975751091,0.26866735612871345,0.2686673561259983,0.23065478476220763,0.3041976772975109,0.2331674431855752,0.6922499530868831,2.0650292176668778e-07
kite,36,1.1050979863115128e-14,3.300482976381221e-12,1.1660158971004607e-10,5.0837641256294895e-08,512,33,0.16738230496393547,10.0,21,11,55,10.000000000000002,6.675686552201412e-05,2,15076,73,0.9786853444353518,0.9786853444339247,0.9774857193299159,0.9781713975751091,0.26866735612871345,0.2686673561259983,0.23065478476220763,0.3041976772975109,0.2331674431855752,0.707262150497279,1.7581994062460608e-07
kite,36,1.1050979863115128e-14,2.0060512921916463e-12,8.131181834797637e-11,5.0837641256294895e-08,512,34,0.16738230496393547,10.0,21,11,55,10.000000000000002,5.121176890616565e-05,2,15388,73,0.9786853444353518,0.9786853444339247,0.9774857193299159,0.9781713975751091,0.26866735612871345,0.2686673561259983,0.23065478476220763,0.3041976772975109,0.2331674431855752,0.7218990429724151,9.118824468380714e-08
kite,36,1.1050979863115128e-14,1.7981603367627959e-13,6.86427295108229e-11,5.0837641256294895e-08,512,35,0.16738230496393547,10.0,21,11,55,10.000000000000002,4.0470537157897884e-05,2,15692,73,0.9786853444353518,0.9786853444339247,0.9774857193299159,0.9781713975751091,0.26866735612871345,0.2686673561259983,0.23065478476220763,0.3041976772975109,0.2331674431855752,0.7361606305122912,4.623205810235642e-08
kite,36,1.1050979863115128e-14,1.5999046686654607e-13,6.555222465455134e-11,5.0837641256294895e-08,512,36,0.16738230496393547,10.0,21,11,55,10.000000000000002,3.7082395435269255e-05,2,15988,73,0.9786853444353518,0.9786853444339247,0.9774857193299159,0.9781713975751091,0.26866735612871345,0.2686673561259983,0.23065478476220763,0.3041976772975109,0.2331674431855752,0.7500469131169075,3.420323108587078e-08
kite,36,1.1050979863115128e-14,3.591835321635144e-14,6.362304528273028e-11,5.0837641256294895e-08,512,37,0.16738230496393547,10.0,21,11,55,10.000000000000002,2.567433440653908e-05,2,16276,73,0.9786853444353518,0.9786853444339247,0.9774857193299159,0.9781713975751091,0.26866735612871345,0.2686673561259983,0.23065478476220763,0.3041976772975109,0.2331674431855752,0.7635578907862638,1.3306819062656832e-08
kite,36,1.1050979863115128e-14,8.967536106745627e-15,5.728037902619669e-11,5.0837641256294895e-08,512,38,0.16738230496393547,10.0,21,11,55,10.000000000000002,2.4829157862839143e-05,2,16556,73,0.9786853444353518,0.9786853444339247,0.9774857193299159,0.9781713975751091,0.26866735612871345,0.2686673561259983,0.23065478476220763,0.3041976772975109,0.2331674431855752,0.7766935635203603,1.0813413892905087e-08
kite,36,1.1050979863115128e-14,4.709703576142308e-15,5.06006067203737e-11,5.0837641256294895e-08,512,39,0.16738230496393547,10.0,21,11,55,10.000000000000002,1.8349779650591815e-05,2,16828,73,0.9786853444353518,0.9786853444339247,0.9774857193299159,0.9781713975751091,0.26866735612871345,0.2686673561259983,0.23065478476220763,0.3041976772975109,0.2331674431855752,0.7894539313191968,4.7581513475484416e-09
kite,36,1.1050979863115128e-14,1.867587236278928e-15,4.088762693746693e-11,5.0837641256294895e-08,512,40,0.16738230496393547,10.0,21,11,55,10.000000000000002,1.545000673095044e-05,2,17092,73,0.9786853444353518,0.9786853444339247,0.9774857193299159,0.9781713975751091,0.26866735612871345,0.2686673561259983,0.23065478476220763,0.3041976772975109,0.2331674431855752,0.8018389941827735,3.0294335817653703e-09
kite,36,1.1050979863115128e-14,1.9082523500310908e-15,3.8698851997235565e-11,5.0837641256294895e-08,512,41,0.16738230496393547,10.0,21,11,55,10.000000000000002,1.3554041022130436e-05,2,17348,73,0.9786853444353518,0.9786853444339247,0.9774857193299159,0.9781713975751091,0.26866735612871345,0.2686673561259983,0.23065478476220763,0.3041976772975109,0.2331674431855752,0.8138487521110903,1.7139360320998903e-09
kite,36,1.1050979863115128e-14,1.481686915158593e-15,3.437698577767424e-11,5.0837641256294895e-08,512,42,0.16738230496393547,10.0,21,11,55,10.000000000000002,9.68274404240848e-06,2,17596,73,0.9786853444353518,0.9786853444339247,0.9774857193299159,0.9781713975751091,0.26866735612871345,0.2686673561259983,0.23065478476220763,0.3041976772975109,0.2331674431855752,0.8254832051041471,8.243674789955528e-10
kite,36,1.1050979863115128e-14,1.3904931016103253e-15,2.991712062483923e-11,5.0837641256294895e-08,512,43,0.16738230496393547,10.0,21,11,55,10.000000000000002,9.399998399386962e-06,2,17836,73,0.9786853444353518,0.9786853444339247,0.9774857193299159,0.9781713975751091,0.26866735612871345,0.2686673561259983,0.23065478476220763,0.3041976772975109,0.2331674431855752,0.8367423531619441,5.545092248548504e-10
kite,36,1.1050979863115128e-14,1.0758135168542846e-15,2.550037974540078e-11,5.0837641256294895e-08,512,44,0.16738230496393547,10.0,21,11,55,10.000000000000002,6.755444430664045e-06,2,18068,73,0.9786853444353518,0.9786853444339247,0.9774857193299159,0.9781713975751091,0.26866735612871345,0.2686673561259983,0.23065478476220763,0.3041976772975109,0.2331674431855752,0.8476261962844811,2.4562681282024755e-10
kite,36,1.1050979863115128e-14,1.0373919610649389e-15,1.895036931079822e-11,5.0837641256294895e-08,512,45,0.16738230496393547,10.0,21,11,55,10.000000000000002,6.0105201846626405e-06,2,18292,73,0.9786853444353518,0.9786853444339247,0.9774857193299159,0.9781713975751091,0.26866735612871345,0.2686673561259983,0.23065478476220763,0.3041976772975109,0.2331674431855752,0.8581347344717583,1.613007098192639e-10
kite,36,1.1050979863115128e-14,1.0037219064047164e-15,2.1874999954498435e-11,5.0837641256294895e-08,512,46,0.16738230496393547,10.0,21,11,55,10.000000000000002,5.032419945740269e-06,2,18508,73,0.9786853444353518,0.9786853444339247,0.9774857193299159,0.9781713975751091,0.26866735612871345,0.2686673561259983,0.23065478476220763,0.3041976772975109,0.2331674431855752,0.8682679677237756,7.924463350536971e-11
kite,36,1.1050979863115128e-14,1.2986620910424264e-16,5.6224981569343626e-12,5.0837641256294895e-08,512,47,0.16738230496393547,10.0,21,11,55,10.000000000000002,3.751165754927168e-06,2,18716,73,0.9786853444353518,0.9786853444339247,0.9774857193299159,0.9781713975751091,0.26866735612871345,0.2686673561259983,0.23065478476220763,0.3041976772975109,0.2331674431855752,0.8780258960405329,4.409727531604596e-11
kite,36,1.1050979863115128e-14,9.841996259644256e-16,4.796150521705856e-12,5.0837641256294895e-08,512,48,0.16738230496393547,10.0,21,11,55,10.000000000000002,3.5939850963358832e-06,2,18916,73,0.9786853444353518,0.9786853444339247,0.9774857193299159,0.9781713975751091,0.26866735612871345,0.2686673561259983,0.23065478476220763,0.3041976772975109,0.2331674431855752,0.8874085194220304,2.495888490834979e-11
kite,36,1.1050979863115128e-14,1.0281035680056104e-17,1.6621996487655245e-12,5.0837641256294895e-08,512,49,0.16738230496393547,10.0,21,11,55,10.000000000000002,2.5441541574955805e-06,2,19108,73,0.9786853444353518,0.9786853444339247,0.9774857193299159,0.9781713975751091,0.26866735612871345,0.2686673561259983,0.23065478476220763,0.3041976772975109,0.2331674431855752,0.896415837868268,1.2124220942952807e-11
kite,36,1.1050979863115128e-14,8.356952427696125e-17,9.140961076399252e-13,5.0837641256294895e-08,512,50,0.16738230496393547,10.0,21,11,55,10.000000000000002,2.363398129412672e-06,2,19292,73,0.9786853444353518,0.9786853444339247,0.9774857193299159,0.9781713975751091,0.26866735612871345,0.2686673561259983,0.23065478476220763,0.3041976772975109,0.2331674431855752,0.9050478513792456,7.31908741773916e-12
kite,36,1.1050979863115128e-14,3.5223841978478947e-22,3.051181795649356e-17,5.0837641256294895e-08,512,51,0.16738230496393547,10.0,21,11,55,10.000000000000002,1.888244824647502e-06,2,19468,73,0.9786853444353518,0.9786853444339247,0.9774857193299159,0.9781713975751091,0.26866735612871345,0.2686673561259983,0.23065478476220763,0.3041976772975109,0.2331674431855752,0.9133045599549634,3.4701117416279215e-12
kite,36,1.1050979863115128e-14,3.9137602198309943e-23,1.023264947327861e-17,5.0837641256294895e-08,512,52,0.16738230496393547,10.0,21,11,55,10.000000000000002,1.4795657725774826e-06,2,19636,73,0.9786853444353518,0.9786853444339247,0.9774857193299159,0.9781713975751091,0.26866735612871345,0.2686673561259983,0.23065478476220763,0.3041976772975109,0.2331674431855752,0.9211859635954213,1.959545416338816e-12
kite,36,1.1050979863115128e-14,7.827520439661989e-23,6.293190419958381e-18,5.0837641256294895e-08,512,53,0.16738230496393547,10.0,21,11,55,10.000000000000002,1.3793244671211856e-06,2,19796,73,0.9786853444353518,0.9786853444339247,0.9774857193299159,0.9781713975751091,0.26866735612871345,0.2686673561259983,0.23065478476220763,0.3041976772975109,0.2331674431855752,0.9286920623006193,9.435668542425776e-13
kite,36,1.1050979863115128e-14,0.0,0.0,5.0837641256294895e-08,512,54,0.16738230496393547,10.0,21,11,55,10.000000000000002,9.740191205859664e-07,2,19948,73,0.9786853444353518,0.9786853444339247,0.9774857193299159,0.9781713975751091,0.26866735612871345,0.2686673561259983,0.23065478476220763,0.3041976772975109,0.2331674431855752,0.9358228560705574,4.600649821169887e-13
kite,36,1.1050979863115128e-14,0.0,0.0,5.0837641256294895e-08,512,55,0.16738230496393547,10.0,21,11,55,10.000000000000002,9.304560663464461e-07,2,20092,73,0.9786853444353518,0.9786853444339247,0.9774857193299159,0.9781713975751091,0.26866735612871345,0.2686673561259983,0.23065478476220763,0.3041976772975109,0.2331674431855752,0.9425783449052355,2.47234855661769e-13
kite,36,1.1050979863115128e-14,0.0,0.0,5.0837641256294895e-08,512,56,0.16738230496393547,10.0,21,11,55,10.000000000000002,7.094918978961212e-07,2,20228,73,0.9786853444353518,0.9786853444339247,0.9774857193299159,0.9781713975751091,0.26866735612871345,0.2686673561259983,0.23065478476220763,0.3041976772975109,0.2331674431855752,0.9489585288046538,1.1649288166109328e-13
kite,36,1.1050979863115128e-14,0.0,0.0,5.0837641256294895e-08,512,57,0.16738230496393547,10.0,21,11,55,10.000000000000002,5.840989395292763e-07,2,20356,73,0.9786853444353518,0.9786853444339247,0.9774857193299159,0.9781713975751091,0.26866735612871345,0.2686673561259983,0.23065478476220763,0.3041976772975109,0.2331674431855752,0.9549634077688122,5.81988016752546e-14
kite,36,1.1050979863115128e-14,0.0,0.0,5.0837641256294895e-08,512,58,0.16738230496393547,10.0,21,11,55,10.000000000000002,5.225883673278882e-07,2,20476,73,0.9786853444353518,0.9786853444339247,0.9774857193299159,0.9781713975751091,0.26866735612871345,0.2686673561259983,0.23065478476220763,0.3041976772975109,0.2331674431855752,0.9605929817977107,1.656627912951977e-14
kite,36,1.1050979863115128e-14,0.0,0.0,5.0837641256294895e-08,512,59,0.16738230496393547,10.0,21,11,55,10.000000000000002,3.6817280845703904e-07,2,20588,73,0.9786853444353518,0.9786853444339247,0.9774857193299159,0.9781713975751091,0.26866735612871345,0.2686673561259983,0.23065478476220763,0.3041976772975109,0.2331674431855752,0.9658472508913493,8.542970770047318e-15
kite,36,1.1050979863115128e-14,0.0,0.0,5.0837641256294895e-08,512,60,0.16738230496393547,10.0,21,11,55,10.000000000000002,3.553429374442278e-07,2,20692,73,0.9786853444353518,0.9786853444339247,0.9774857193299159,0.9781713975751091,0.26866735612871345,0.2686673561259983,0.23065478476220763,0.3041976772975109,0.2331674431855752,0.9707262150497279,4.759164822199498e-15
kite,36,1.1050979863115128e-14,0.0,0.0,5.0837641256294895e-08,512,61,0.16738230496393547,10.0,21,11,55,10.000000000000002,2.524722108184562e-07,2,20788,73,0.9786853444353518,0.9786853444339247,0.9774857193299159,0.9781713975751091,0.26866735612871345,0.2686673561259983,0.23065478476220763,0.3041976772975109,0.2331674431855752,0.9752298742728467,7.48180772462628e-16
kite,36,1.1050979863115128e-14,0.0,0.0,5.0837641256294895e-08,512,62,0.16738230496393547,10.0,21,11,55,10.000000000000002,2.144633556242301e-07,2,20876,73,0.9786853444353518,0.9786853444339247,0.9774857193299159,0.9781713975751091,0.26866735612871345,0.2686673561259983,0.23065478476220763,0.3041976772975109,0.2331674431855752,0.9793582285607055,3.6362606424876073e-16
kite,36,1.1050979863115128e-14,0.0,0.0,5.0837641256294895e-08,512,63,0.16738230496393547,10.0,21,11,55,10.000000000000002,1.807129174446837e-07,2,20956,73,0.9786853444353518,0.9786853444339247,0.9774857193299159,0.9781713975751091,0.26866735612871345,0.2686673561259983,0.23065478476220763,0.3041976772975109,0.2331674431855752,0.9831112779133045,1.5136951231742344e-16
kite,36,1.1050979863115128e-14,0.0,0.0,5.0837641256294895e-08,512,64,0.16738230496393547,10.0,21,11,55,10.000000000000002,1.1931487671603814e-07,2,21028,73,0.9786853444353518,0.9786853444339247,0.9774857193299159,0.9781713975751091,0.26866735612871345,0.2686673561259983,0.23065478476220763,0.3041976772975109,0.2331674431855752,0.9864890223306436,1.0226760431249919e-17
kite,36,1.1050979863115128e-14,0.0,0.0,5.0837641256294895e-08,512,65,0.16738230496393547,10.0,21,11,55,10.000000000000002,1.1567758807477535e-07,2,21092,73,0.9786853444353518,0.9786853444339247,0.9774857193299159,0.9781713975751091,0.26866735612871345,0.2686673561259983,0.23065478476220763,0.3041976772975109,0.2331674431855752,0.9894914618127229,5.6328027882249905e-18
kite,36,1.1050979863115128e-14,0.0,0.0,5.0837641256294895e-08,512,66,0.16738230496393547,10.0,21,11,55,10.000000000000002,7.625730269076137e-08,2,21148,73,0.9786853444353518,0.9786853444339247,0.9774857193299159,0.9781713975751091,0.26866735612871345,0.2686673561259983,0.23065478476220763,0.3041976772975109,0.2331674431855752,0.9921185963595421,1.0972825260729906e-18
kite,36,1.1050979863115128e-14,0.0,0.0,5.0837641256294895e-08,512,67,0.16738230496393547,10.0,21,11,55,10.000000000000002,6.74630997565662e-08,2,21196,73,0.9786853444353518,0.9786853444339247,0.9774857193299159,0.9781713975751091,0.26866735612871345,0.2686673561259983,0.23065478476220763,0.3041976772975109,0.2331674431855752,0.9943704259711015,2.7234915418196288e-19
kite,36,1.1050979863115128e-14,0.0,0.0,5.0837641256294895e-08,512,68,0.16738230496393547,10.0,21,11,55,10.000000000000002,5.110110416944756e-08,2,21236,73,0.9786853444353518,0.9786853444339247,0.9774857193299159,0.9781713975751091,0.26866735612871345,0.2686673561259983,0.23065478476220763,0.3041976772975109,0.2331674431855752,0.996246950647401,1.1402738796079803e-19
kite,36,1.1050979863115128e-14,0.0,0.0,5.0837641256294895e-08,512,69,0.16738230496393547,10.0,21,11,55,10.000000000000002,3.2018575528192875e-08,2,21268,73,0.9786853444353518,0.9786853444339247,0.9774857193299159,0.9781713975751091,0.26866735612871345,0.2686673561259983,0.23065478476220763,0.3041976772975109,0.2331674431855752,0.9977481703884407,9.927118397011308e-21
kite,36,1.1050979863115128e-14,0.0,0.0,5.0837641256294895e-08,512,70,0.16738230496393547,10.0,21,11,55,10.000000000000002,3.015817969018608e-08,2,21292,73,0.9786853444353518,0.9786853444339247,0.9774857193299159,0.9781713975751091,0.26866735612871345,0.2686673561259983,0.23065478476220763,0.3041976772975109,0.2331674431855752,0.9988740851942203,1.3203639815833427e-20
kite,36,1.1050979863115128e-14,0.0,0.0,5.0837641256294895e-08,512,71,0.16738230496393547,10.0,21,11,55,10.000000000000002,6.45285694153547e-09,2,21308,73,0.9786853444353518,0.9786853444339247,0.9774857193299159,0.9781713975751091,0.26866735612871345,0.2686673561259983,0.23065478476220763,0.3041976772975109,0.2331674431855752,0.99962469506474,1.1308893257652458e-21
kite,36,1.1050979863115128e-14,0.0,0.0,5.0837641256294895e-08,512,72,0.16738230496393547,10.0,21,11,55,10.000000000000002,0.0,2,21316,73,0.9786853444353518,0.9786853444339247,0.9774857193299159,0.9781713975751091,0.26866735612871345,0.2686673561259983,0.23065478476220763,0.3041976772975109,0.2331674431855752,1.0,0.0
kite,81,1.20459507714717e-14,1.0665608393109325,1.3809558815281664,3.592921826317558e-07,1024,0,0.16738230496393547,30.0,43,27,65,30.000000000000004,0.8224416335051696,2,652,163,0.9872544747321754,0.9872545199506502,0.98932009862943,0.9846900527918694,0.23150200377087304,0.2315020877190442,0.21001427871638786,0.253517167179289,0.2133000576076348,0.006134969325153374,1.232130233239287
kite,81,1.20459507714717e-14,1.054591804197699,1.5400577413892327,3.592921826317558e-07,1024,1,0.16738230496393547,30.0,43,27,65,30.000000000000004,0.7880631859478635,2,1948,163,0.9872544747321754,0.9872545199506502,0.98932009862943,0.9846900527918694,0.23150200377087304,0.2315020877190442,0.21001427871638786,0.253517167179289,0.2133000576076348,0.018329632278218978,1.2453410956397768
kite,81,1.20459507714717e-14,1.073101061758911,1.7605312506954367,3.592921826317558e-07,1024,2,0.16738230496393547,30.0,43,27,65,30.000000000000004,0.742231694516651,2,3236,163,0.9872544747321754,0.9872545199506502,0.98932009862943,0.9846900527918694,0.23150200377087304,0.2315020877190442,0.21001427871638786,0.253517167179289,0.2133000576076348,0.030449019534043435,1.2288165274978482
kite,81,1.20459507714717e-14,1.0414254979056772,1.6773670456989018,3.592921826317558e-07,1024,3,0.16738230496393547,30.0,43,27,65,30.000000000000004,0.6765482113792379,2,4516,163,0.9872544747321754,0.9872545199506502,0.98932009862943,0.9846900527918694,0.23150200377087304,0.2315020877190442,0.21001427871638786,0.253517167179289,0.2133000576076348,0.04249313109262674,1.161412550961924
kite,81,1.20459507714717e-14,1.0591677355882791,1.763060891373171,3.592921826317558e-07,1024,4,0.16738230496393547,30.0,43,27,65,30.000000000000004,0.6383482115270985,2,5788,163,0.9872544747321754,0.9872545199506502,0.98932009862943,0.9846900527918694,0.23150200377087304,0.2315020877190442,0.21001427871638786,0.253517167179289,0.2133000576076348,0.05446196695396891,1.1347536827029248
kite,81,1.20459507714717e-14,1.0181037037939218,1.6812634101205903,3.592921826317558e-07,1024,5,0.16738230496393547,30.0,43,27,65,30.000000000000004,0.59381996246551,2,7052,163,0.9872544747321754,0.9872545199506502,0.98932009862943,0.9846900527918694,0.23150200377087304,0.2315020877190442,0.21001427871638786,0.253517167179289,0.2133000576076348,0.06635552711806993,1.0900847914556127
kite,81,1.20459507714717e-14,0.9992028798241356,1.7674618449943764,3.592921826317558e-07,1024,6,0.16738230496393547,30.0,43,27,65,30.000000000000004,0.5652140865063292,2,8308,163,0.9872544747321754,0.9872545199506502,0.98932009862943,0.9846900527918694,0.23150200377087304,0.2315020877190442,0.21001427871638786,0.253517167179289,0.2133000576076348,0.07817381158492981,1.0548726618316935
kite,81,1.20459507714717e-14,0.9310855550567176,1.802363517182772,3.592921826317558e-07,1024,7,0.16738230496393547,30.0,43,27,65,30.000000000000004,0.5110738774923252,2,9556,163,0.9872544747321754,0.9872545199506502,0.98932009862943,0.9846900527918694,0.23150200377087304,0.2315020877190442,0.21001427871638786,0.253517167179289,0.2133000576076348,0.08991682035454854,0.9821352079896782
kite,81,1.20459507714717e-14,0.9280184551298943,1.877426035165081,3.592921826317558e-07,1024,8,0.16738230496393547,30.0,43,27,65,30.000000000000004,0.483423141664862,2,10796,163,0.9872544747321754,0.9872545199506502,0.98932009862943,0.9846900527918694,0.23150200377087304,0.2315020877190442,0.21001427871638786,0.253517167179289,0.2133000576076348,0.10158455342692611,0.9595559467387599
kite,81,1.20459507714717e-14,0.9010486368026314,1.8766748678147434,3.592921826317558e-07,1024,9,0.16738230496393547,30.0,43,27,65,30.000000000000004,0.4696599297708651,2,12028,163,0.9872544747321754,0.9872545199506502,0.98932009862943,0.9846900527918694,0.23150200377087304,0.2315020877190442,0.21001427871638786,0.253517167179289,0.2133000576076348,0.11317701080206255,0.9372024005314055
kite,81,1.20459507714717e-14,0.8375823511438778,1.822080177617537,3.592921826317558e-07,1024,10,0.16738230496393547,30.0,43,27,65,30.000000000000004,0.4002332162020174,2,13252,163,0.9872544747321754,0.9872545199506502,0.98932009862943,0.9846900527918694,0.23150200377087304,0.2315020877190442,0.21001427871638786,0.253517167179289,0.2133000576076348,0.12469419247995785,0.8378603617750119
kite,81,1.20459507714717e-14,0.8092332996434409,1.7552965503807967,3.592921826317558e-07,1024,11,0.16738230496393547,30.0,43,27,65,30.000000000000004,0.3872710700496992,2,14468,163,0.9872544747321754,0.9872545199506502,0.98932009862943,0.9846900527918694,0.23150200377087304,0.2315020877190442,0.21001427871638786,0.253517167179289,0.2133000576076348,0.136136098460612,0.8436651383246232
kite,81,1.20459507714717e-14,0.7994177679752446,1.7731737170739221,3.592921826317558e-07,1024,12,0.16738230496393547,30.0,43,27,65,30.000000000000004,0.3627255287814981,2,15676,163,0.9872544747321754,0.9872545199506502,0.98932009862943,0.9846900527918694,0.23150200377087304,0.2315020877190442,0.21001427871638786,0.253517167179289,0.2133000576076348,0.14750272874402498,0.8291399160668407
kite,81,1.20459507714717e-14,0.7281252416739428,1.6243595894376301,3.592921826317558e-07,1024,13,0.16738230496393547,30.0,43,27,65,30.000000000000004,0.3190637635449561,2,16876,163,0.9872544747321754,0.9872545199506502,0.98932009862943,0.9846900527918694,0.23150200377087304,0.2315020877190442,0.21001427871638786,0.253517167179289,0.2133000576076348,0.15879408333019684,0.7731856955873248
kite,81,1.20459507714717e-14,0.7232272381556228,1.6185189547076824,3.592921826317558e-07,1024,14,0.16738230496393547,30.0,43,27,65,30.000000000000004,0.3100586485304222,2,18068,163,0.9872544747321754,0.9872545199506502,0.98932009862943,0.9846900527918694,0.23150200377087304,0.2315020877190442,0.21001427871638786,0.253517167179289,0.2133000576076348,0.17001016221912754,0.7659499914189946
kite,81,1.20459507714717e-14,0.6349294323741137,1.4323722781469932,3.592921826317558e-07,1024,15,0.16738230496393547,30.0,43,27,65,30.000000000000004,0.27344159736439955,2,19252,163,0.9872544747321754,0.9872545199506502,0.98932009862943,0.9846900527918694,0.23150200377087304,0.2315020877190442,0.21001427871638786,0.253517167179289,0.2133000576076348,0.18115096541081713,0.6829123596580233
kite,81,1.20459507714717e-14,0.5867473791031586,1.3843878447718485,3.592921826317558e-07,1024,16,0.16738230496393547,30.0,43,27,65,30.000000000000004,0.2609636227571516,2,20428,163,0.9872544747321754,0.9872545199506502,0.98932009862943,0.9846900527918694,0.23150200377087304,0.2315020877190442,0.21001427871638786,0.253517167179289,0.2133000576076348,0.19221649290526555,0.624029709914534
kite,81,1.20459507714717e-14,0.5429119132468992,1.3818714607765838,3.592921826317558e-07,1024,17,0.16738230496393547,30.0,43,27,65,30.000000000000004,0.23790319905291044,2,21596,163,0.9872544747321754,0.9872545199506502,0.98932009862943,0.9846900527918694,0.23150200377087304,0.2315020877190442,0.21001427871638786,0.253517167179289,0.2133000576076348,0.2032067447024728,0.5746566373083596
kite,81,1.20459507714717e-14,0.45574878315314193,1.2141687124463567,3.592921826317558e-07,1024,18,0.16738230496393547,30.0,43,27,65,30.000000000000004,0.20638322551287308,2,22756,163,0.9872544747321754,0.9872545199506502,0.98932009862943,0.9846900527918694,0.23150200377087304,0.2315020877190442,0.21001427871638786,0.253517167179289,0.2133000576076348,0.21412172080243894,0.4834552568612202
kite,81,1.20459507714717e-14,0.4193924598442507,1.1569198662102984,3.592921826317558e-07,1024,19,0.16738230496393547,30.0,43,27,65,30.000000000000004,0.19550755878707193,2,23908,163,0.9872544747321754,0.9872545199506502,0.98932009862943,0.9846900527918694,0.23150200377087304,0.2315020877190442,0.21001427871638786,0.253517167179289,0.2133000576076348,0.2249614212051639,0.4441352628150403
kite,81,1.20459507714717e-14,0.3602999293115893,1.0129195543710316,3.592921826317558e-07,1024,20,0.16738230496393547,30.0,43,27,65,30.000000000000004,0.16044796192207986,2,25052,163,0.9872544747321754,0.9872545199506502,0.98932009862943,0.9846900527918694,0.23150200377087304,0.2315020877190442,0.21001427871638786,0.253517167179289,0.2133000576076348,0.23572584591064774,0.37990516829681714
kite,81,1.20459507714717e-14,0.3078926273031495,0.8667047747699536,3.592921826317558e-07,1024,21,0.16738230496393547,30.0,43,27,65,30.000000000000004,0.14611703302528387,2,26188,163,0.9872544747321754,0.9872545199506502,0.98932009862943,0.9846900527918694,0.23150200377087304,0.2315020877190442,0.21001427871638786,0.253517167179289,0.2133000576076348,0.24641499491889043,0.3268467996556274
kite,81,1.20459507714717e-14,0.2632169311863431,0.7409226754286544,3.592921826317558e-07,1024,22,0.16738230496393547,30.0,43,27,65,30.000000000000004,0.12171917955219523,2,27316,163,0.9872544747321754,0.9872545199506502,0.98932009862943,0.9846900527918694,0.23150200377087304,0.2315020877190442,0.21001427871638786,0.253517167179289,0.2133000576076348,0.25702886822989196,0.2767587439532895
kite,81,1.20459507714717e-14,0.2102513435051948,0.5926580004743418,3.592921826317558e-07,1024,23,0.16738230496393547,30.0,43,27,65,30.000000000000004,0.0972033218937646,2,28436,163,0.9872544747321754,0.9872545199506502,0.98932009862943,0.9846900527918694,0.23150200377087304,0.2315020877190442,0.21001427871638786,0.253517167179289,0.2133000576076348,0.2675674658436524,0.21675587197530646
kite,81,1.20459507714717e-14,0.1700667016473306,0.5003018213961375,3.592921826317558e-07,1024,24,0.16738230496393547,30.0,43,27,65,30.000000000000004,0.08806880590303647,2,29548,163,0.9872544747321754,0.9872545199506502,0.98932009862943,0.9846900527918694,0.23150200377087304,0.2315020877190442,0.21001427871638786,0.253517167179289,0.2133000576076348,0.27803078776017165,0.1788600839630394
kite,81,1.20459507714717e-14,0.12362983596017449,0.3701605443227845,3.592921826317558e-07,1024,25,0.16738230496393547,30.0,43,27,65,30.000000000000004,0.0630533924601235,2,30652,163,0.9872544747321754,0.9872545199506502,0.98932009862943,0.9846900527918694,0.23150200377087304,0.2315020877190442,0.21001427871638786,0.253517167179289,0.2133000576076348,0.28841883397944973,0.1296134942328665
kite,81,1.20459507714717e-14,0.09812192124676472,0.29412220499295644,3.592921826317558e-07,1024,26,0.16738230496393547,30.0,43,27,65,30.000000000000004,0.05466374997990555,2,31748,163,0.9872544747321754,0.9872545199506502,0.98932009862943,0.9846900527918694,0.23150200377087304,0.2315020877190442,0.21001427871638786,0.253517167179289,0.2133000576076348,0.29873160450148667,0.10412107653884019
kite,81,1.20459507714717e-14,0.07335195264686206,0.218235456020191,3.592921826317558e-07,1024,27,0.16738230496393547,30.0,43,27,65,30.000000000000004,0.0421358215156168,2,32836,163,0.9872544747321754,0.9872545199506502,0.98932009862943,0.9846900527918694,0.23150200377087304,0.2315020877190442,0.21001427871638786,0.253517167179289,0.2133000576076348,0.3089690993262825,0.07684425383921215
kite,81,1.20459507714717e-14,0.051179302029078604,0.15648951239269482,3.592921826317558e-07,1024,28,0.16738230496393547,30.0,43,27,65,30.000000000000004,0.030837177481630618,2,33916,163,0.9872544747321754,0.9872545199506502,0.98932009862943,0.9846900527918694,0.23150200377087304,0.2315020877190442,0.21001427871638786,0.253517167179289,0.2133000576076348,0.3191313184538372,0.053033222762890714
kite,81,1.20459507714717e-14,0.03725075650177625,0.11589729446045555,3.592921826317558e-07,1024,29,0.16738230496393547,30.0,43,27,65,30.000000000000004,0.025747397369358486,2,34988,163,0.9872544747321754,0.9872545199506502,0.98932009862943,0.9846900527918694,0.23150200377087304,0.2315020877190442,0.21001427871638786,0.253517167179289,0.2133000576076348,0.3292182618841507,0.03983332594568098
kite,81,1.20459507714717e-14,0.02245561831877611,0.07320823122116459,3.592921826317558e-07,1024,30,0.16738230496393547,30.0,43,27,65,30.000000000000004,0.017190826897937137,2,36052,163,0.9872544747321754,0.9872545199506502,0.98932009862943,0.9846900527918694,0.23150200377087304,0.2315020877190442,0.21001427871638786,0.253517167179289,0.2133000576076348,0.3392299296172231,0.024531274308954076
kite,81,1.20459507714717e-14,0.015413340024377312,0.04879824970036757,3.592921826317558e-07,1024,31,0.16738230496393547,30.0,43,27,65,30.000000000000004,0.014176416773062365,2,37108,163,0.9872544747321754,0.9872545199506502,0.98932009862943,0.9846900527918694,0.23150200377087304,0.2315020877190442,0.21001427871638786,0.253517167179289,0.2133000576076348,0.34916632165305433,0.017350328504348787
kite,81,1.20459507714717e-14,0.008932183731584518,0.03075240236715036,3.592921826317558e-07,1024,32,0.16738230496393547,30.0,43,27,65,30.000000000000004,0.00969205211451742,2,38156,163,0.9872544747321754,0.9872545199506502,0.98932009862943,0.9846900527918694,0.23150200377087304,0.2315020877190442,0.21001427871638786,0.253517167179289,0.2133000576076348,0.3590274379916444,0.010992172816469064
kite,81,1.20459507714717e-14,0.004703225347057935,0.01769070595567286,3.592921826317558e-07,1024,33,0.16738230496393547,30.0,43,27,65,30.000000000000004,0.006994777402355593,2,39196,163,0.9872544747321754,0.9872545199506502,0.98932009862943,0.9846900527918694,0.23150200377087304,0.2315020877190442,0.21001427871638786,0.253517167179289,0.2133000576076348,0.36881327863299335,0.006796310068946338
kite,81,1.20459507714717e-14,0.0031875422292425818,0.011554542010147679,3.592921826317558e-07,1024,34,0.16738230496393547,30.0,43,27,65,30.000000000000004,0.005363165735242559,2,40228,163,0.9872544747321754,0.9872545199506502,0.98932009862943,0.9846900527918694,0.23150200377087304,0.2315020877190442,0.21001427871638786,0.253517167179289,0.2133000576076348,0.3785238435771011,0.004881171400251595
kite,81,1.20459507714717e-14,0.0016061785338226135,0.006414516528358386,3.592921826317558e-07,1024,35,0.16738230496393547,30.0,43,27,65,30.000000000000004,0.0033135869666732886,2,41252,163,0.9872544747321754,0.9872545199506502,0.98932009862943,0.9846900527918694,0.23150200377087304,0.2315020877190442,0.21001427871638786,0.253517167179289,0.2133000576076348,0.3881591328239678,0.002750886491574404
kite,81,1.20459507714717e-14,0.000988473501677238,0.003985021873396502,3.592921826317558e-07,1024,36,0.16738230496393547,30.0,43,27,65,30.000000000000004,0.002682316323546668,2,42268,163,0.9872544747321754,0.9872545199506502,0.98932009862943,0.9846900527918694,0.23150200377087304,0.2315020877190442,0.21001427871638786,0.253517167179289,0.2133000576076348,0.3977191463735933,0.001995280197932965
kite,81,1.20459507714717e-14,0.0006766194590666804,0.002745133140724471,3.592921826317558e-07,1024,37,0.16738230496393547,30.0,43,27,65,30.000000000000004,0.0016562926043716894,2,43276,163,0.9872544747321754,0.9872545199506502,0.98932009862943,0.9846900527918694,0.23150200377087304,0.2315020877190442,0.21001427871638786,0.253517167179289,0.2133000576076348,0.40720388422597764,0.0012505780440948834
kite,81,1.20459507714717e-14,0.00027167370567717934,0.0014096453370405259,3.592921826317558e-07,1024,38,0.16738230496393547,30.0,43,27,65,30.000000000000004,0.0012076459075961363,2,44276,163,0.9872544747321754,0.9872545199506502,0.98932009862943,0.9846900527918694,0.23150200377087304,0.2315020877190442,0.21001427871638786,0.253517167179289,0.2133000576076348,0.41661334638112085,0.0007149968434920194
kite,81,1.20459507714717e-14,0.00026451914820778204,0.0011101832190388021,3.592921826317558e-07,1024,39,0.16738230496393547,30.0,43,27,65,30.000000000000004,0.0008481716071375649,2,45268,163,0.9872544747321754,0.9872545199506502,0.98932009862943,0.9846900527918694,0.23150200377087304,0.2315020877190442,0.21001427871638786,0.253517167179289,0.2133000576076348,0.4259475328390229,0.0005506861850364088
kite,81,1.20459507714717e-14,0.00010527312717553226,0.0005340105966382206,3.592921826317558e-07,1024,40,0.16738230496393547,30.0,43,27,65,30.000000000000004,0.0005159195328208571,2,46252,163,0.9872544747321754,0.9872545199506502,0.98932009862943,0.9846900527918694,0.23150200377087304,0.2315020877190442,0.21001427871638786,0.253517167179289,0.2133000576076348,0.43520644359968386,0.0002482501120589365
kite,81,1.20459507714717e-14,8.151897074153025e-05,0.0003806094701203625,3.592921826317558e-07,1024,41,0.16738230496393547,30.0,43,27,65,30.000000000000004,0.0004160416357103086,2,47228,163,0.9872544747321754,0.9872545199506502,0.98932009862943,0.9846900527918694,0.23150200377087304,0.2315020877190442,0.21001427871638786,0.253517167179289,0.2133000576076348,0.4443900786631036,0.00021196888050075414
kite,81,1.20459507714717e-14,4.256546408164046e-05,0.0002019952776323334,3.592921826317558e-07,1024,42,0.16738230496393547,30.0,43,27,65,30.000000000000004,0.00023588536069206595,2,48196,163,0.9872544747321754,0.9872545199506502,0.98932009862943,0.9846900527918694,0.23150200377087304,0.2315020877190442,0.21001427871638786,0.253517167179289,0.2133000576076348,0.45349843802928225,0.000102686845081201
kite,81,1.20459507714717e-14,1.8725741517260813e-05,0.00010783530173238544,3.592921826317558e-07,1024,43,0.16738230496393547,30.0,43,27,65,30.000000000000004,0.00018821064177374343,2,49156,163,0.9872544747321754,0.9872545199506502,0.98932009862943,0.9846900527918694,0.23150200377087304,0.2315020877190442,0.21001427871638786,0.253517167179289,0.2133000576076348,0.4625315216982197,6.779832014565431e-05
kite,81,1.20459507714717e-14,1.4638442532686429e-05,6.644215555673863e-05,3.592921826317558e-07,1024,44,0.16738230496393547,30.0,43,27,65,30.000000000000004,0.00012368787282268588,2,50108,163,0.9872544747321754,0.9872545199506502,0.98932009862943,0.9846900527918694,0.23150200377087304,0.2315020877190442,0.21001427871638786,0.253517167179289,0.2133000576076348,0.4714893296699161,4.752047623977764e-05
kite,81,1.20459507714717e-14,3.843344099137922e-06,2.7426297552241538e-05,3.592921826317558e-07,1024,45,0.16738230496393547,30.0,43,27,65,30.000000000000004,8.12774779638989e-05,2,51052,163,0.9872544747321754,0.9872545199506502,0.98932009862943,0.9846900527918694,0.23150200377087304,0.2315020877190442,0.21001427871638786,0.253517167179289,0.2133000576076348,0.48037186194437126,1.838057046718432e-05
kite,81,1.20459507714717e-14,3.695770375272206e-06,1.838280053198727e-05,3.592921826317558e-07,1024,46,0.16738230496393547,30.0,43,27,65,30.000000000000004,6.713806437272786e-05,2,51988,163,0.9872544747321754,0.9872545199506502,0.98932009862943,0.9846900527918694,0.23150200377087304,0.2315020877190442,0.21001427871638786,0.253517167179289,0.2133000576076348,0.4891791185215853,1.955016554543702e-05
kite,81,1.20459507714717e-14,1.2615064270841307e-06,7.092948993512293e-06,3.592921826317558e-07,1024,47,0.16738230496393547,30.0,43,27,65,30.000000000000004,3.882689518592372e-05,2,52916,163,0.9872544747321754,0.9872545199506502,0.98932009862943,0.9846900527918694,0.23150200377087304,0.2315020877190442,0.21001427871638786,0.253517167179289,0.2133000576076348,0.4979110994015582,7.029570959004531e-06
kite,81,1.20459507714717e-14,6.68885095947197e-07,4.13125542005618e-06,3.592921826317558e-07,1024,48,0.16738230496393547,30.0,43,27,65,30.000000000000004,3.502952930752775e-05,2,53836,163,0.9872544747321754,0.9872545199506502,0.98932009862943,0.9846900527918694,0.23150200377087304,0.2315020877190442,0.21001427871638786,0.253517167179289,0.2133000576076348,0.50656780458429,6.4667529096037615e-06
kite,81,1.20459507714717e-14,3.9188177390021583e-07,1.964405063565652e-06,3.592921826317558e-07,1024,49,0.16738230496393547,30.0,43,27,65,30.000000000000004,2.2757868450361672e-05,2,54748,163,0.9872544747321754,0.9872545199506502,0.98932009862943,0.9846900527918694,0.23150200377087304,0.2315020877190442,0.21001427871638786,0.253517167179289,0.2133000576076348,0.5151492340697805,3.843063935008446e-06
kite,81,1.20459507714717e-14,7.895236072799676e-08,7.610861600119848e-07,3.592921826317558e-07,1024,50,0.16738230496393547,30.0,43,27,65,30.000000000000004,1.779610451736892e-05,2,55652,163,0.9872544747321754,0.9872545199506502,0.98932009862943,0.9846900527918694,0.23150200377087304,0.2315020877190442,0.21001427871638786,0.253517167179289,0.2133000576076348,0.52365538785803,1.655803534377268e-06
kite,81,1.20459507714717e-14,9.080775657528652e-08,4.884595839631555e-07,3.592921826317558e-07,1024,51,0.16738230496393547,30.0,43,27,65,30.000000000000004,1.4526253619220448e-05,2,56548,163,0.9872544747321754,0.9872545199506502,0.98932009862943,0.9846900527918694,0.23150200377087304,0.2315020877190442,0.21001427871638786,0.253517167179289,0.2133000576076348,0.5320862659490384,1.7599590942408224e-06
kite,81,1.20459507714717e-14,2.0630133998788736e-08,1.509586607739306e-07,3.592921826317558e-07,1024,52,0.16738230496393547,30.0,43,27,65,30.000000000000004,9.556473770133694e-06,2,57436,163,0.9872544747321754,0.9872545199506502,0.98932009862943,0.9846900527918694,0.23150200377087304,0.2315020877190442,0.21001427871638786,0.253517167179289,0.2133000576076348,0.5404418683428055,5.115453205873912e-07
kite,81,1.20459507714717e-14,1.4571990972891055e-08,9.967680823283692e-08,3.592921826317558e-07,1024,53,0.16738230496393547,30.0,43,27,65,30.000000000000004,9.012526041377443e-06,2,58316,163,0.9872544747321754,0.9872545199506502,0.98932009862943,0.9846900527918694,0.23150200377087304,0.2315020877190442,0.21001427871638786,0.253517167179289,0.2133000576076348,0.5487221950393315,6.403730761574575e-07
kite,81,1.20459507714717e-14,7.27270407452485e-09,4.136278250225267e-08,3.592921826317558e-07,1024,54,0.16738230496393547,30.0,43,27,65,30.000000000000004,5.9808552924012995e-06,2,59188,163,0.9872544747321754,0.9872545199506502,0.98932009862943,0.9846900527918694,0.23150200377087304,0.2315020877190442,0.21001427871638786,0.253517167179289,0.2133000576076348,0.5569272460386164,3.203000105675829e-07
kite,81,1.20459507714717e-14,1.3949821262198707e-09,1.6592288292461822e-08,3.592921826317558e-07,1024,55,0.16738230496393547,30.0,43,27,65,30.000000000000004,5.300521141897401e-06,2,60052,163,0.9872544747321754,0.9872545199506502,0.98932009862943,0.9846900527918694,0.23150200377087304,0.2315020877190442,0.21001427871638786,0.253517167179289,0.2133000576076348,0.5650570213406602,1.8544777642020703e-07
kite,81,1.20459507714717e-14,1.6478200986846712e-09,1.0577521713130897e-08,3.592921826317558e-07,1024,56,0.16738230496393547,30.0,43,27,65,30.000000000000004,4.149365588373426e-06,2,60908,163,0.9872544747321754,0.9872545199506502,0.98932009862943,0.9846900527918694,0.23150200377087304,0.2315020877190442,0.21001427871638786,0.253517167179289,0.2133000576076348,0.5731115209454628,1.7244774720843783e-07
kite,81,1.20459507714717e-14,3.625857187616899e-10,3.156144827791667e-09,3.592921826317558e-07,1024,57,0.16738230496393547,30.0,43,27,65,30.000000000000004,3.074019871041658e-06,2,61756,163,0.9872544747321754,0.9872545199506502,0.98932009862943,0.9846900527918694,0.23150200377087304,0.2315020877190442,0.21001427871638786,0.253517167179289,0.2133000576076348,0.5810907448530243,5.5610116585906345e-08
kite,81,1.20459507714717e-14,2.593835075905355e-10,2.1589109141214858e-09,3.592921826317558e-07,1024,58,0.16738230496393547,30.0,43,27,65,30.000000000000004,2.8331051181209654e-06,2,62596,163,0.9872544747321754,0.9872545199506502,0.98932009862943,0.9846900527918694,0.23150200377087304,0.2315020877190442,0.21001427871638786,0.253517167179289,0.2133000576076348,0.5889946930633445,7.421439758203263e-08
kite,81,1.20459507714717e-14,1.218762672875878e-10,8.501831614268147e-10,3.592921826317558e-07,1024,59,0.16738230496393547,30.0,43,27,65,30.000000000000004,1.9324794438839485e-06,2,63428,163,0.9872544747321754,0.9872545199506502,0.98932009862943,0.9846900527918694,0.23150200377087304,0.2315020877190442,0.21001427871638786,0.253517167179289,0.2133000576076348,0.5968233655764237,3.2006131623941245e-08
kite,81,1.20459507714717e-14,3.3208925203116216e-11,3.9092346133714427e-10,3.592921826317558e-07,1024,60,0.16738230496393547,30.0,43,27,65,30.000000000000004,1.8078117278458026e-06,2,64252,163,0.9872544747321754,0.9872545199506502,0.98932009862943,0.9846900527918694,0.23150200377087304,0.2315020877190442,0.21001427871638786,0.253517167179289,0.2133000576076348,0.6045767623922617,2.6617307705525054e-08
kite,81,1.20459507714717e-14,2.6039097271715273e-11,2.1484980345518724e-10,3.592921826317558e-07,1024,61,0.16738230496393547,30.0,43,27,65,30.000000000000004,1.3568484626453856e-06,2,65068,163,0.9872544747321754,0.9872545199506502,0.98932009862943,0.9846900527918694,0.23150200377087304,0.2315020877190442,0.21001427871638786,0.253517167179289,0.2133000576076348,0.6122548835108585,1.8624747778735687e-08
kite,81,1.20459507714717e-14,7.178755028386398e-12,1.0105253687109689e-10,3.592921826317558e-07,1024,62,0.16738230496393547,30.0,43,27,65,30.000000000000004,1.0954186090016799e-06,2,65876,163,0.9872544747321754,0.9872545199506502,0.98932009862943,0.9846900527918694,0.23150200377087304,0.2315020877190442,0.21001427871638786,0.253517167179289,0.2133000576076348,0.6198577289322142,8.763902268418008e-09
kite,81,1.20459507714717e-14,4.259299360567283e-12,8.312859254636053e-11,3.592921826317558e-07,1024,63,0.16738230496393547,30.0,43,27,65,30.000000000000004,9.681599419926173e-07,2,66676,163,0.9872544747321754,0.9872545199506502,0.98932009862943,0.9846900527918694,0.23150200377087304,0.2315020877190442,0.21001427871638786,0.253517167179289,0.2133000576076348,0.6273852986563287,8.843272150100656e-09
kite,81,1.20459507714717e-14,1.7462692208671703e-12,7.215475945268335e-11,3.592921826317558e-07,1024,64,0.16738230496393547,30.0,43,27,65,30.000000000000004,6.830119733600145e-07,2,67468,163,0.9872544747321754,0.9872545199506502,0.98932009862943,0.9846900527918694,0.23150200377087304,0.2315020877190442,0.21001427871638786,0.253517167179289,0.2133000576076348,0.6348375926832023,3.6560071175005564e-09
kite,81,1.20459507714717e-14,6.821437500389703e-13,6.821886219601742e-11,3.592921826317558e-07,1024,65,0.16738230496393547,30.0,43,27,65,30.000000000000004,6.504592121097184e-07,2,68252,163,0.9872544747321754,0.9872545199506502,0.98932009862943,0.9846900527918694,0.23150200377087304,0.2315020877190442,0.21001427871638786,0.253517167179289,0.2133000576076348,0.6422146110128345,3.5314386075041853e-09
kite,81,1.20459507714717e-14,3.3109289998141637e-13,6.573741443290818e-11,3.592921826317558e-07,1024,66,0.16738230496393547,30.0,43,27,65,30.000000000000004,4.7269266159932483e-07,2,69028,163,0.9872544747321754,0.9872545199506502,0.98932009862943,0.9846900527918694,0.23150200377087304,0.2315020877190442,0.21001427871638786,0.253517167179289,0.2133000576076348,0.6495163536452256,1.935911746181575e-09
kite,81,1.20459507714717e-14,1.2673341213325108e-13,6.428149267562699e-11,3.592921826317558e-07,1024,67,0.16738230496393547,30.0,43,27,65,30.000000000000004,4.0833148695783544e-07,2,69796,163,0.9872544747321754,0.9872545199506502,0.98932009862943,0.9846900527918694,0.23150200377087304,0.2315020877190442,0.21001427871638786,0.253517167179289,0.2133000576076348,0.6567428205803756,1.245768830412605e-09
kite,81,1.20459507714717e-14,5.838329258200007e-14,6.225606464978952e-11,3.592921826317558e-07,1024,68,0.16738230496393547,30.0,43,27,65,30.000000000000004,3.442464075201417e-07,2,70556,163,0.9872544747321754,0.9872545199506502,0.98932009862943,0.9846900527918694,0.23150200377087304,0.2315020877190442,0.21001427871638786,0.253517167179289,0.2133000576076348,0.6638940118182844,9.532784390844394e-10
kite,81,1.20459507714717e-14,2.2822210405361184e-14,5.940455921870141e-11,3.592921826317558e-07,1024,69,0.16738230496393547,30.0,43,27,65,30.000000000000004,2.5387692535818526e-07,2,71308,163,0.9872544747321754,0.9872545199506502,0.98932009862943,0.9846900527918694,0.23150200377087304,0.2315020877190442,0.21001427871638786,0.253517167179289,0.2133000576076348,0.6709699273589521,4.4712293522502125e-10
kite,81,1.20459507714717e-14,1.365345654792732e-14,6.027603259240513e-11,3.592921826317558e-07,1024,70,0.16738230496393547,30.0,43,27,65,30.000000000000004,2.4043270356966545e-07,2,72052,163,0.9872544747321754,0.9872545199506502,0.98932009862943,0.9846900527918694,0.23150200377087304,0.2315020877190442,0.21001427871638786,0.253517167179289,0.2133000576076348,0.6779705672023787,4.059328526803285e-10
kite,81,1.20459507714717e-14,9.467696767197467e-15,5.830450934304924e-11,3.592921826317558e-07,1024,71,0.16738230496393547,30.0,43,27,65,30.000000000000004,1.716147070583034e-07,2,72788,163,0.9872544747321754,0.9872545199506502,0.98932009862943,0.9846900527918694,0.23150200377087304,0.2315020877190442,0.21001427871638786,0.253517167179289,0.2133000576076348,0.6848959313485641,1.9597457618904016e-10
kite,81,1.20459507714717e-14,9.03339340633047e-15,5.511309636158111e-11,3.592921826317558e-07,1024,72,0.16738230496393547,30.0,43,27,65,30.000000000000004,1.5609977821455606e-07,2,73516,163,0.9872544747321754,0.9872545199506502,0.98932009862943,0.9846900527918694,0.23150200377087304,0.2315020877190442,0.21001427871638786,0.253517167179289,0.2133000576076348,0.6917460197975084,1.518270420886211e-10
kite,81,1.20459507714717e-14,8.240809609977635e-15,5.326036628366519e-11,3.592921826317558e-07,1024,73,0.16738230496393547,30.0,43,27,65,30.000000000000004,1.2551058538552672e-07,2,74236,163,0.9872544747321754,0.9872545199506502,0.98932009862943,0.9846900527918694,0.23150200377087304,0.2315020877190442,0.21001427871638786,0.253517167179289,0.2133000576076348,0.6985208325492115,9.335812372269261e-11
kite,81,1.20459507714717e-14,7.30726899344472e-15,5.060916310923115e-11,3.592921826317558e-07,1024,74,0.16738230496393547,30.0,43,27,65,30.000000000000004,9.759323724986083e-08,2,74948,163,0.9872544747321754,0.9872545199506502,0.98932009862943,0.9846900527918694,0.23150200377087304,0.2315020877190442,0.21001427871638786,0.253517167179289,0.2133000576076348,0.7052203696036734,5.3088540036522465e-11
kite,81,1.20459507714717e-14,6.938285258553729e-15,4.764044681277668e-11,3.592921826317558e-07,1024,75,0.16738230496393547,30.0,43,27,65,30.000000000000004,9.030571410462361e-08,2,75652,163,0.9872544747321754,0.9872545199506502,0.98932009862943,0.9846900527918694,0.23150200377087304,0.2315020877190442,0.21001427871638786,0.253517167179289,0.2133000576076348,0.7118446309608942,4.1009107720135374e-11
kite,81,1.20459507714717e-14,6.740981196935468e-15,4.46831353077463e-11,3.592921826317558e-07,1024,76,0.16738230496393547,30.0,43,27,65,30.000000000000004,6.437802424569725e-08,2,76348,163,0.9872544747321754,0.9872545199506502,0.98932009862943,0.9846900527918694,0.23150200377087304,0.2315020877190442,0.21001427871638786,0.253517167179289,0.2133000576076348,0.718393616620874,1.9925673203381297e-11
kite,81,1.20459507714717e-14,6.378760984526021e-15,4.109226942376822e-11,3.592921826317558e-07,1024,77,0.16738230496393547,30.0,43,27,65,30.000000000000004,6.056772138779611e-08,2,77036,163,0.9872544747321754,0.9872545199506502,0.98932009862943,0.9846900527918694,0.23150200377087304,0.2315020877190442,0.21001427871638786,0.253517167179289,0.2133000576076348,0.7248673265836125,1.602020154964064e-11
kite,81,1.20459507714717e-14,5.962174963441464e-15,3.9405018639888087e-11,3.592921826317558e-07,1024,78,0.16738230496393547,30.0,43,27,65,30.000000000000004,4.664923636203829e-08,2,77716,163,0.9872544747321754,0.9872545199506502,0.98932009862943,0.9846900527918694,0.23150200377087304,0.2315020877190442,0.21001427871638786,0.253517167179289,0.2133000576076348,0.7312657608491099,8.553850477501424e-12
kite,81,1.20459507714717e-14,5.17760182306422e-15,3.7937750857951415e-11,3.592921826317558e-07,1024,79,0.16738230496393547,30.0,43,27,65,30.000000000000004,3.837306444569764e-08,2,78388,163,0.9872544747321754,0.9872545199506502,0.98932009862943,0.9846900527918694,0.23150200377087304,0.2315020877190442,0.21001427871638786,0.253517167179289,0.2133000576076348,0.7375889194173662,5.696691856555801e-12
kite,81,1.20459507714717e-14,5.467008768272029e-15,3.7099458268109946e-11,3.592921826317558e-07,1024,80,0.16738230496393547,30.0,43,27,65,30.000000000000004,3.427081190177646e-08,2,79052,163,0.9872544747321754,0.9872545199506502,0.98932009862943,0.9846900527918694,0.23150200377087304,0.2315020877190442,0.21001427871638786,0.253517167179289,0.2133000576076348,0.7438368022883812,3.715029847049801e-12
kite,81,1.20459507714717e-14,5.367106264331595e-15,3.871518832198628e-11,3.592921826317558e-07,1024,81,0.16738230496393547,30.0,43,27,65,30.000000000000004,2.4822134912394753e-08,2,79708,163,0.9872544747321754,0.9872545199506502,0.98932009862943,0.9846900527918694,0.23150200377087304,0.2315020877190442,0.21001427871638786,0.253517167179289,0.2133000576076348,0.7500094094621551,1.9912964629318095e-12
kite,81,1.20459507714717e-14,5.883305498106781e-15,3.694006933880212e-11,3.592921826317558e-07,1024,82,0.16738230496393547,30.0,43,27,65,30.000000000000004,2.3701538268939583e-08,2,80356,163,0.9872544747321754,0.9872545199506502,0.98932009862943,0.9846900527918694,0.23150200377087304,0.2315020877190442,0.21001427871638786,0.253517167179289,0.2133000576076348,0.7561067409386879,1.487733952714454e-12
kite,81,1.20459507714717e-14,5.3423906080258814e-15,3.767176808693522e-11,3.592921826317558e-07,1024,83,0.16738230496393547,30.0,43,27,65,30.000000000000004,1.763740567267212e-08,2,80996,163,0.9872544747321754,0.9872545199506502,0.98932009862943,0.9846900527918694,0.23150200377087304,0.2315020877190442,0.21001427871638786,0.253517167179289,0.2133000576076348,0.7621287967179796,7.582738564352661e-13
kite,81,1.20459507714717e-14,5.363783707075171e-15,3.48906778190842e-11,3.592921826317558e-07,1024,84,0.16738230496393547,30.0,43,27,65,30.000000000000004,1.530886757069873e-08,2,81628,163,0.9872544747321754,0.9872545199506502,0.98932009862943,0.9846900527918694,0.23150200377087304,0.2315020877190442,0.21001427871638786,0.253517167179289,0.2133000576076348,0.7680755768000301,5.423633904287826e-13
kite,81,1.20459507714717e-14,5.320092007592744e-15,3.7245054381302147e-11,3.592921826317558e-07,1024,85,0.16738230496393547,30.0,43,27,65,30.000000000000004,1.310276914416024e-08,2,82252,163,0.9872544747321754,0.9872545199506502,0.98932009862943,0.9846900527918694,0.23150200377087304,0.2315020877190442,0.21001427871638786,0.253517167179289,0.2133000576076348,0.7739470811848395,3.107673342573235e-13
kite,81,1.20459507714717e-14,5.817085323206089e-15,3.306865080283379e-11,3.592921826317558e-07,1024,86,0.16738230496393547,30.0,43,27,65,30.000000000000004,9.791251235375556e-09,2,82868,163,0.9872544747321754,0.9872545199506502,0.98932009862943,0.9846900527918694,0.23150200377087304,0.2315020877190442,0.21001427871638786,0.253517167179289,0.2133000576076348,0.7797433098724077,1.866728450803925e-13
kite,81,1.20459507714717e-14,4.938988204628465e-15,3.3134548639841485e-11,3.592921826317558e-07,1024,87,0.16738230496393547,30.0,43,27,65,30.000000000000004,9.317180909806267e-09,2,83476,163,0.9872544747321754,0.9872545199506502,0.98932009862943,0.9846900527918694,0.23150200377087304,0.2315020877190442,0.21001427871638786,0.253517167179289,0.2133000576076348,0.7854642628627347,1.2434496643910435e-13
kite,81,1.20459507714717e-14,4.180006621357867e-15,2.8088607705921163e-11,3.592921826317558e-07,1024,88,0.16738230496393547,30.0,43,27,65,30.000000000000004,6.781356769993288e-09,2,84076,163,0.9872544747321754,0.9872545199506502,0.98932009862943,0.9846900527918694,0.23150200377087304,0.2315020877190442,0.21001427871638786,0.253517167179289,0.2133000576076348,0.7911099401558207,6.555009586198944e-14
kite,81,1.20459507714717e-14,2.038691280433889e-15,2.5412077706816013e-11,3.592921826317558e-07,1024,89,0.16738230496393547,30.0,43,27,65,30.000000000000004,6.160211495936888e-09,2,84668,163,0.9872544747321754,0.9872545199506502,0.98932009862943,0.9846900527918694,0.23150200377087304,0.2315020877190442,0.21001427871638786,0.253517167179289,0.2133000576076348,0.7966803417516655,4.619659761677944e-14
kite,81,1.20459507714717e-14,3.0286029490047973e-15,2.123580967738177e-11,3.592921826317558e-07,1024,90,0.16738230496393547,30.0,43,27,65,30.000000000000004,5.0415093130723435e-09,2,85252,163,0.9872544747321754,0.9872545199506502,0.98932009862943,0.9846900527918694,0.23150200377087304,0.2315020877190442,0.21001427871638786,0.253517167179289,0.2133000576076348,0.8021754676502691,2.4782188927103462e-14
kite,81,1.20459507714717e-14,2.896656486009677e-15,5.680117182119514e-12,3.592921826317558e-07,1024,91,0.16738230496393547,30.0,43,27,65,30.000000000000004,3.93226319451498e-09,2,85828,163,0.9872544747321754,0.9872545199506502,0.98932009862943,0.9846900527918694,0.23150200377087304,0.2315020877190442,0.21001427871638786,0.253517167179289,0.2133000576076348,0.8075953178516316,1.6132647773709673e-14
kite,81,1.20459507714717e-14,1.44699294531765e-15,8.121141711550561e-12,3.592921826317558e-07,1024,92,0.16738230496393547,30.0,43,27,65,30.000000000000004,3.6704124216411304e-09,2,86396,163,0.9872544747321754,0.9872545199506502,0.98932009862943,0.9846900527918694,0.23150200377087304,0.2315020877190442,0.21001427871638786,0.253517167179289,0.2133000576076348,0.8129398923557529,9.695097340715511e-15
kite,81,1.20459507714717e-14,1.44699294531765e-15,4.406246341323229e-12,3.592921826317558e-07,1024,93,0.16738230496393547,30.0,43,27,65,30.000000000000004,2.652241644549962e-09,2,86956,163,0.9872544747321754,0.9872545199506502,0.98932009862943,0.9846900527918694,0.23150200377087304,0.2315020877190442,0.21001427871638786,0.253517167179289,0.2133000576076348,0.8182091911626331,5.61352557880579e-15
kite,81,1.20459507714717e-14,0.0,4.467637938135212e-12,3.592921826317558e-07,1024,94,0.16738230496393547,30.0,43,27,65,30.000000000000004,2.4895663117178606e-09,2,87508,163,0.9872544747321754,0.9872545199506502,0.98932009862943,0.9846900527918694,0.23150200377087304,0.2315020877190442,0.21001427871638786,0.253517167179289,0.2133000576076348,0.8234032142722721,3.736888565209137e-15
kite,81,1.20459507714717e-14,0.0,1.7835959182756764e-13,3.592921826317558e-07,1024,95,0.16738230496393547,30.0,43,27,65,30.000000000000004,1.9526469238253726e-09,2,88052,163,0.9872544747321754,0.9872545199506502,0.98932009862943,0.9846900527918694,0.23150200377087304,0.2315020877190442,0.21001427871638786,0.253517167179289,0.2133000576076348,0.8285219616846701,2.1414325001583864e-15
kite,81,1.20459507714717e-14,0.0,2.3680915292450464e-12,3.592921826317558e-07,1024,96,0.16738230496393547,30.0,43,27,65,30.000000000000004,1.6000133634494619e-09,2,88588,163,0.9872544747321754,0.9872545199506502,0.98932009862943,0.9846900527918694,0.23150200377087304,0.2315020877190442,0.21001427871638786,0.253517167179289,0.2133000576076348,0.8335654333998269,1.5580355240252192e-15
kite,81,1.20459507714717e-14,0.0,1.874200522547436e-13,3.592921826317558e-07,1024,97,0.16738230496393547,30.0,43,27,65,30.000000000000004,1.4471214349461058e-09,2,89116,163,0.9872544747321754,0.9872545199506502,0.98932009862943,0.9846900527918694,0.23150200377087304,0.2315020877190442,0.21001427871638786,0.253517167179289,0.2133000576076348,0.8385336294177425,9.989975633984385e-16
kite,81,1.20459507714717e-14,0.0,0.0,3.592921826317558e-07,1024,98,0.16738230496393547,30.0,43,27,65,30.000000000000004,1.0550628368745354e-09,2,89636,163,0.9872544747321754,0.9872545199506502,0.98932009862943,0.9846900527918694,0.23150200377087304,0.2315020877190442,0.21001427871638786,0.253517167179289,0.2133000576076348,0.8434265497384169,6.314421692044155e-16
kite,81,1.20459507714717e-14,0.0,0.0,3.592921826317558e-07,1024,99,0.16738230496393547,30.0,43,27,65,30.000000000000004,1.0074459494484577e-09,2,90148,163,0.9872544747321754,0.9872545199506502,0.98932009862943,0.9846900527918694,0.23150200377087304,0.2315020877190442,0.21001427871638786,0.253517167179289,0.2133000576076348,0.8482441943618503,4.579097380177627e-16
kite,81,1.20459507714717e-14,0.0,0.0,3.592921826317558e-07,1024,100,0.16738230496393547,30.0,43,27,65,30.000000000000004,7.62230999206072e-10,2,90652,163,0.9872544747321754,0.9872545199506502,0.98932009862943,0.9846900527918694,0.23150200377087304,0.2315020877190442,0.21001427871638786,0.253517167179289,0.2133000576076348,0.8529865632880425,3.261551817337276e-16
kite,81,1.20459507714717e-14,0.0,0.0,3.592921826317558e-07,1024,101,0.16738230496393547,30.0,43,27,65,30.000000000000004,6.565765059106176e-10,2,91148,163,0.9872544747321754,0.9872545199506502,0.98932009862943,0.9846900527918694,0.23150200377087304,0.2315020877190442,0.21001427871638786,0.253517167179289,0.2133000576076348,0.8576536565169934,2.149187539309935e-16
kite,81,1.20459507714717e-14,0.0,0.0,3.592921826317558e-07,1024,102,0.16738230496393547,30.0,43,27,65,30.000000000000004,5.708033977726793e-10,2,91636,163,0.9872544747321754,0.9872545199506502,0.98932009862943,0.9846900527918694,0.23150200377087304,0.2315020877190442,0.21001427871638786,0.253517167179289,0.2133000576076348,0.8622454740487033,1.0855520323793145e-16
kite,81,1.20459507714717e-14,0.0,0.0,3.592921826317558e-07,1024,103,0.16738230496393547,30.0,43,27,65,30.000000000000004,4.264000895743363e-10,2,92116,163,0.9872544747321754,0.9872545199506502,0.98932009862943,0.9846900527918694,0.23150200377087304,0.2315020877190442,0.21001427871638786,0.253517167179289,0.2133000576076348,0.8667620158831721,5.981323772575143e-17
kite,81,1.20459507714717e-14,0.0,0.0,3.592921826317558e-07,1024,104,0.16738230496393547,30.0,43,27,65,30.000000000000004,4.0739673776481097e-10,2,92588,163,0.9872544747321754,0.9872545199506502,0.98932009862943,0.9846900527918694,0.23150200377087304,0.2315020877190442,0.21001427871638786,0.253517167179289,0.2133000576076348,0.8712032820203998,3.761033257019199e-17
kite,81,1.20459507714717e-14,0.0,0.0,3.592921826317558e-07,1024,105,0.16738230496393547,30.0,43,27,65,30.000000000000004,3.00426693628388e-10,2,93052,163,0.9872544747321754,0.9872545199506502,0.98932009862943,0.9846900527918694,0.23150200377087304,0.2315020877190442,0.21001427871638786,0.253517167179289,0.2133000576076348,0.8755692724603862,1.7142577564930745e-17
kite,81,1.20459507714717e-14,0.0,0.0,3.592921826317558e-07,1024,106,0.16738230496393547,30.0,43,27,65,30.000000000000004,2.706526252829378e-10,2,93508,163,0.9872544747321754,0.9872545199506502,0.98932009862943,0.9846900527918694,0.23150200377087304,0.2315020877190442,0.21001427871638786,0.253517167179289,0.2133000576076348,0.8798599872031315,7.68808139368907e-18
kite,81,1.20459507714717e-14,0.0,0.0,3.592921826317558e-07,1024,107,0.16738230496393547,30.0,43,27,65,30.000000000000004,2.253417744855412e-10,2,93956,163,0.9872544747321754,0.9872545199506502,0.98932009862943,0.9846900527918694,0.23150200377087304,0.2315020877190442,0.21001427871638786,0.253517167179289,0.2133000576076348,0.8840754262486357,4.451574872673505e-18
kite,81,1.20459507714717e-14,0.0,0.0,3.592921826317558e-07,1024,108,0.16738230496393547,30.0,43,27,65,30.000000000000004,1.746696351444119e-10,2,94396,163,0.9872544747321754,0.9872545199506502,0.98932009862943,0.9846900527918694,0.23150200377087304,0.2315020877190442,0.21001427871638786,0.253517167179289,0.2133000576076348,0.8882155895968986,2.540663713959489e-18
kite,81,1.20459507714717e-14,0.0,0.0,3.592921826317558e-07,1024,109,0.16738230496393547,30.0,43,27,65,30.000000000000004,1.6443174081639543e-10,2,94828,163,0.9872544747321754,0.9872545199506502,0.98932009862943,0.9846900527918694,0.23150200377087304,0.2315020877190442,0.21001427871638786,0.253517167179289,0.2133000576076348,0.8922804772479205,1.4002037882582934e-18
kite,81,1.20459507714717e-14,0.0,0.0,3.592921826317558e-07,1024,110,0.16738230496393547,30.0,43,27,65,30.000000000000004,1.197820654885478e-10,2,95252,163,0.9872544747321754,0.9872545199506502,0.98932009862943,0.9846900527918694,0.23150200377087304,0.2315020877190442,0.21001427871638786,0.253517167179289,0.2133000576076348,0.8962700892017013,9.021826644497183e-19
kite,81,1.20459507714717e-14,0.0,0.0,3.592921826317558e-07,1024,111,0.16738230496393547,30.0,43,27,65,30.000000000000004,1.1172200742505772e-10,2,95668,163,0.9872544747321754,0.9872545199506502,0.98932009862943,0.9846900527918694,0.23150200377087304,0.2315020877190442,0.21001427871638786,0.253517167179289,0.2133000576076348,0.9001844254582408,5.699229847789303e-19
kite,81,1.20459507714717e-14,0.0,0.0,3.592921826317558e-07,1024,112,0.16738230496393547,30.0,43,27,65,30.000000000000004,8.914108517086161e-11,2,96076,163,0.9872544747321754,0.9872545199506502,0.98932009862943,0.9846900527918694,0.23150200377087304,0.2315020877190442,0.21001427871638786,0.253517167179289,0.2133000576076348,0.9040234860175392,3.192260127858679e-19
kite,81,1.20459507714717e-14,0.0,0.0,3.592921826317558e-07,1024,113,0.16738230496393547,30.0,43,27,65,30.000000000000004,7.22908429637005e-11,2,96476,163,0.9872544747321754,0.9872545199506502,0.98932009862943,0.9846900527918694,0.23150200377087304,0.2315020877190442,0.21001427871638786,0.253517167179289,0.2133000576076348,0.9077872708795965,1.544530048739377e-19
kite,81,1.20459507714717e-14,0.0,0.0,3.592921826317558e-07,1024,114,0.16738230496393547,30.0,43,27,65,30.000000000000004,6.620543283188058e-11,2,96868,163,0.9872544747321754,0.9872545199506502,0.98932009862943,0.9846900527918694,0.23150200377087304,0.2315020877190442,0.21001427871638786,0.253517167179289,0.2133000576076348,0.9114757800444127,9.045282420728088e-20
kite,81,1.20459507714717e-14,0.0,0.0,3.592921826317558e-07,1024,115,0.16738230496393547,30.0,43,27,65,30.000000000000004,4.837323427427499e-11,2,97252,163,0.9872544747321754,0.9872545199506502,0.98932009862943,0.9846900527918694,0.23150200377087304,0.2315020877190442,0.21001427871638786,0.253517167179289,0.2133000576076348,0.9150890135119877,4.9985359299148533e-20
kite,81,1.20459507714717e-14,0.0,0.0,3.592921826317558e-07,1024,116,0.16738230496393547,30.0,43,27,65,30.000000000000004,4.607332481328726e-11,2,97628,163,0.9872544747321754,0.9872545199506502,0.98932009862943,0.9846900527918694,0.23150200377087304,0.2315020877190442,0.21001427871638786,0.253517167179289,0.2133000576076348,0.9186269712823215,2.5463657483318054e-20
kite,81,1.20459507714717e-14,0.0,0.0,3.592921826317558e-07,1024,117,0.16738230496393547,30.0,43,27,65,30.000000000000004,3.539880012123276e-11,2,97996,163,0.9872544747321754,0.9872545199506502,0.98932009862943,0.9846900527918694,0.23150200377087304,0.2315020877190442,0.21001427871638786,0.253517167179289,0.2133000576076348,0.9220896533554142,1.499171189848047e-20
kite,81,1.20459507714717e-14,0.0,0.0,3.592921826317558e-07,1024,118,0.16738230496393547,30.0,43,27,65,30.000000000000004,3.0121355591874084e-11,2,98356,163,0.9872544747321754,0.9872545199506502,0.98932009862943,0.9846900527918694,0.23150200377087304,0.2315020877190442,0.21001427871638786,0.253517167179289,0.2133000576076348,0.9254770597312657,7.700945485732272e-21
kite,81,1.20459507714717e-14,0.0,0.0,3.592921826317558e-07,1024,119,0.16738230496393547,30.0,43,27,65,30.000000000000004,2.6593568019637252e-11,2,98708,163,0.9872544747321754,0.9872545199506502,0.98932009862943,0.9846900527918694,0.23150200377087304,0.2315020877190442,0.21001427871638786,0.253517167179289,0.2133000576076348,0.9287891904098762,4.748529300266132e-21
kite,81,1.20459507714717e-14,0.0,0.0,3.592921826317558e-07,1024,120,0.16738230496393547,30.0,43,27,65,30.000000000000004,1.978992859366048e-11,2,99052,163,0.9872544747321754,0.9872545199506502,0.98932009862943,0.9846900527918694,0.23150200377087304,0.2315020877190442,0.21001427871638786,0.253517167179289,0.2133000576076348,0.9320260453912455,2.5045532576957536e-21
kite,81,1.20459507714717e-14,0.0,0.0,3.592921826317558e-07,1024,121,0.16738230496393547,30.0,43,27,65,30.000000000000004,1.8951550873851238e-11,2,99388,163,0.9872544747321754,0.9872545199506502,0.98932009862943,0.9846900527918694,0.23150200377087304,0.2315020877190442,0.21001427871638786,0.253517167179289,0.2133000576076348,0.9351876246753735,1.3709430406189634e-21
kite,81,1.20459507714717e-14,0.0,0.0,3.592921826317558e-07,1024,122,0.16738230496393547,30.0,43,27,65,30.000000000000004,1.4143613938118098e-11,2,99716,163,0.9872544747321754,0.9872545199506502,0.98932009862943,0.9846900527918694,0.23150200377087304,0.2315020877190442,0.21001427871638786,0.253517167179289,0.2133000576076348,0.9382739282622605,7.431787609341158e-22
kite,81,1.20459507714717e-14,0.0,0.0,3.592921826317558e-07,1024,123,0.16738230496393547,30.0,43,27,65,30.000000000000004,1.2592890960336729e-11,2,100036,163,0.9872544747321754,0.9872545199506502,0.98932009862943,0.9846900527918694,0.23150200377087304,0.2315020877190442,0.21001427871638786,0.253517167179289,0.2133000576076348,0.9412849561519063,4.1694524851921265e-22
kite,81,1.20459507714717e-14,0.0,0.0,3.592921826317558e-07,1024,124,0.16738230496393547,30.0,43,27,65,30.000000000000004,1.066416787295362e-11,2,100348,163,0.9872544747321754,0.9872545199506502,0.98932009862943,0.9846900527918694,0.23150200377087304,0.2315020877190442,0.21001427871638786,0.253517167179289,0.2133000576076348,0.944220708344311,2.287144118717921e-22
kite,81,1.20459507714717e-14,0.0,0.0,3.592921826317558e-07,1024,125,0.16738230496393547,30.0,43,27,65,30.000000000000004,8.19180194896087e-12,2,100652,163,0.9872544747321754,0.9872545199506502,0.98932009862943,0.9846900527918694,0.23150200377087304,0.2315020877190442,0.21001427871638786,0.253517167179289,0.2133000576076348,0.9470811848394746,1.2718360231462705e-22
kite,81,1.20459507714717e-14,0.0,0.0,3.592921826317558e-07,1024,126,0.16738230496393547,30.0,43,27,65,30.000000000000004,7.767690711897123e-12,2,100948,163,0.9872544747321754,0.9872545199506502,0.98932009862943,0.9846900527918694,0.23150200377087304,0.2315020877190442,0.21001427871638786,0.253517167179289,0.2133000576076348,0.949866385637397,6.87618359195679e-23
kite,81,1.20459507714717e-14,0.0,0.0,3.592921826317558e-07,1024,127,0.16738230496393547,30.0,43,27,65,30.000000000000004,5.699075814597992e-12,2,101236,163,0.9872544747321754,0.9872545199506502,0.98932009862943,0.9846900527918694,0.23150200377087304,0.2315020877190442,0.21001427871638786,0.253517167179289,0.2133000576076348,0.9525763107380782,3.8481002123309114e-23
kite,81,1.20459507714717e-14,0.0,0.0,3.592921826317558e-07,1024,128,0.16738230496393547,30.0,43,27,65,30.000000000000004,5.267094077339281e-12,2,101516,163,0.9872544747321754,0.9872545199506502,0.98932009862943,0.9846900527918694,0.23150200377087304,0.2315020877190442,0.21001427871638786,0.253517167179289,0.2133000576076348,0.9552109601415183,2.0953451813628654e-23
kite,81,1.20459507714717e-14,0.0,0.0,3.592921826317558e-07,1024,129,0.16738230496393547,30.0,43,27,65,30.000000000000004,4.274303645569407e-12,2,101788,163,0.9872544747321754,0.9872545199506502,0.98932009862943,0.9846900527918694,0.23150200377087304,0.2315020877190442,0.21001427871638786,0.253517167179289,0.2133000576076348,0.9577703338477173,1.110554023371156e-23
kite,81,1.20459507714717e-14,0.0,0.0,3.592921826317558e-07,1024,130,0.16738230496393547,30.0,43,27,65,30.000000000000004,3.4223112846444313e-12,2,102052,163,0.9872544747321754,0.9872545199506502,0.98932009862943,0.9846900527918694,0.23150200377087304,0.2315020877190442,0.21001427871638786,0.253517167179289,0.2133000576076348,0.960254431856675,5.966119625736604e-24
kite,81,1.20459507714717e-14,0.0,0.0,3.592921826317558e-07,1024,131,0.16738230496393547,30.0,43,27,65,30.000000000000004,3.1705768349258206e-12,2,102308,163,0.9872544747321754,0.9872545199506502,0.98932009862943,0.9846900527918694,0.23150200377087304,0.2315020877190442,0.21001427871638786,0.253517167179289,0.2133000576076348,0.9626632541683917,3.2937653487531254e-24
kite,81,1.20459507714717e-14,0.0,0.0,3.592921826317558e-07,1024,132,0.16738230496393547,30.0,43,27,65,30.000000000000004,2.319541030681248e-12,2,102556,163,0.9872544747321754,0.9872545199506502,0.98932009862943,0.9846900527918694,0.23150200377087304,0.2315020877190442,0.21001427871638786,0.253517167179289,0.2133000576076348,0.9649968007828672,1.7728585520858385e-24
kite,81,1.20459507714717e-14,0.0,0.0,3.592921826317558e-07,1024,133,0.16738230496393547,30.0,43,27,65,30.000000000000004,2.1983354031843815e-12,2,102796,163,0.9872544747321754,0.9872545199506502,0.98932009862943,0.9846900527918694,0.23150200377087304,0.2315020877190442,0.21001427871638786,0.253517167179289,0.2133000576076348,0.9672550717001016,8.407391250663647e-25
kite,81,1.20459507714717e-14,0.0,0.0,3.592921826317558e-07,1024,134,0.16738230496393547,30.0,43,27,65,30.000000000000004,1.7145516041683488e-12,2,103028,163,0.9872544747321754,0.9872545199506502,0.98932009862943,0.9846900527918694,0.23150200377087304,0.2315020877190442,0.21001427871638786,0.253517167179289,0.2133000576076348,0.9694380669200948,4.138362644672345e-25
kite,81,1.20459507714717e-14,0.0,0.0,3.592921826317558e-07,1024,135,0.16738230496393547,30.0,43,27,65,30.000000000000004,1.4375070167310517e-12,2,103252,163,0.9872544747321754,0.9872545199506502,0.98932009862943,0.9846900527918694,0.23150200377087304,0.2315020877190442,0.21001427871638786,0.253517167179289,0.2133000576076348,0.971545786442847,2.3071048772669273e-25
kite,81,1.20459507714717e-14,0.0,0.0,3.592921826317558e-07,1024,136,0.16738230496393547,30.0,43,27,65,30.000000000000004,1.2875868349361456e-12,2,103468,163,0.9872544747321754,0.9872545199506502,0.98932009862943,0.9846900527918694,0.23150200377087304,0.2315020877190442,0.21001427871638786,0.253517167179289,0.2133000576076348,0.9735782302683579,1.1977311812382235e-25
kite,81,1.20459507714717e-14,0.0,0.0,3.592921826317558e-07,1024,137,0.16738230496393547,30.0,43,27,65,30.000000000000004,9.526373322064742e-13,2,103676,163,0.9872544747321754,0.9872545199506502,0.98932009862943,0.9846900527918694,0.23150200377087304,0.2315020877190442,0.21001427871638786,0.253517167179289,0.2133000576076348,0.9755353983966276,4.688745712921568e-26
kite,81,1.20459507714717e-14,0.0,0.0,3.592921826317558e-07,1024,138,0.16738230496393547,30.0,43,27,65,30.000000000000004,9.122386070758724e-13,2,103876,163,0.9872544747321754,0.9872545199506502,0.98932009862943,0.9846900527918694,0.23150200377087304,0.2315020877190442,0.21001427871638786,0.253517167179289,0.2133000576076348,0.9774172908276563,2.080748850642842e-26
kite,81,1.20459507714717e-14,0.0,0.0,3.592921826317558e-07,1024,139,0.16738230496393547,30.0,43,27,65,30.000000000000004,6.873046096150005e-13,2,104068,163,0.9872544747321754,0.9872545199506502,0.98932009862943,0.9846900527918694,0.23150200377087304,0.2315020877190442,0.21001427871638786,0.253517167179289,0.2133000576076348,0.9792239075614438,1.3504977142725193e-26
kite,81,1.20459507714717e-14,0.0,0.0,3.592921826317558e-07,1024,140,0.16738230496393547,30.0,43,27,65,30.000000000000004,6.023575509888824e-13,2,104252,163,0.9872544747321754,0.9872545199506502,0.98932009862943,0.9846900527918694,0.23150200377087304,0.2315020877190442,0.21001427871638786,0.253517167179289,0.2133000576076348,0.9809552485979901,4.780336337978513e-27
kite,81,1.20459507714717e-14,0.0,0.0,3.592921826317558e-07,1024,141,0.16738230496393547,30.0,43,27,65,30.000000000000004,5.171754775038343e-13,2,104428,163,0.9872544747321754,0.9872545199506502,0.98932009862943,0.9846900527918694,0.23150200377087304,0.2315020877190442,0.21001427871638786,0.253517167179289,0.2133000576076348,0.9826113139372954,1.4872996159140081e-27
kite,81,1.20459507714717e-14,0.0,0.0,3.592921826317558e-07,1024,142,0.16738230496393547,30.0,43,27,65,30.000000000000004,3.9044778304458823e-13,2,104596,163,0.9872544747321754,0.9872545199506502,0.98932009862943,0.9846900527918694,0.23150200377087304,0.2315020877190442,0.21001427871638786,0.253517167179289,0.2133000576076348,0.9841921035793594,1.174442196866606e-27
kite,81,1.20459507714717e-14,0.0,0.0,3.592921826317558e-07,1024,143,0.16738230496393547,30.0,43,27,65,30.000000000000004,3.7169613137681497e-13,2,104756,163,0.9872544747321754,0.9872545199506502,0.98932009862943,0.9846900527918694,0.23150200377087304,0.2315020877190442,0.21001427871638786,0.253517167179289,0.2133000576076348,0.9856976175241823,4.853463920347628e-28
kite,81,1.20459507714717e-14,0.0,0.0,3.592921826317558e-07,1024,144,0.16738230496393547,30.0,43,27,65,30.000000000000004,2.701032537390624e-13,2,104908,163,0.9872544747321754,0.9872545199506502,0.98932009862943,0.9846900527918694,0.23150200377087304,0.2315020877190442,0.21001427871638786,0.253517167179289,0.2133000576076348,0.9871278557717641,2.590929876470723e-28
kite,81,1.20459507714717e-14,0.0,0.0,3.592921826317558e-07,1024,145,0.16738230496393547,30.0,43,27,65,30.000000000000004,2.456548482793584e-13,2,105052,163,0.9872544747321754,0.9872545199506502,0.98932009862943,0.9846900527918694,0.23150200377087304,0.2315020877190442,0.21001427871638786,0.253517167179289,0.2133000576076348,0.9884828183221047,2.2923627301334493e-28
kite,81,1.20459507714717e-14,0.0,0.0,3.592921826317558e-07,1024,146,0.16738230496393547,30.0,43,27,65,30.000000000000004,1.9928101268190972e-13,2,105188,163,0.9872544747321754,0.9872545199506502,0.98932009862943,0.9846900527918694,0.23150200377087304,0.2315020877190442,0.21001427871638786,0.253517167179289,0.2133000576076348,0.9897625051752041,1.809317898899217e-28
kite,81,1.20459507714717e-14,0.0,0.0,3.592921826317558e-07,1024,147,0.16738230496393547,30.0,43,27,65,30.000000000000004,1.5164318153465837e-13,2,105316,163,0.9872544747321754,0.9872545199506502,0.98932009862943,0.9846900527918694,0.23150200377087304,0.2315020877190442,0.21001427871638786,0.253517167179289,0.2133000576076348,0.9909669163310625,1.3526495616382399e-28
kite,81,1.20459507714717e-14,0.0,0.0,3.592921826317558e-07,1024,148,0.16738230496393547,30.0,43,27,65,30.000000000000004,1.425585381242832e-13,2,105436,163,0.9872544747321754,0.9872545199506502,0.98932009862943,0.9846900527918694,0.23150200377087304,0.2315020877190442,0.21001427871638786,0.253517167179289,0.2133000576076348,0.9920960517896797,1.2916833177630806e-28
kite,81,1.20459507714717e-14,0.0,0.0,3.592921826317558e-07,1024,149,0.16738230496393547,30.0,43,27,65,30.000000000000004,9.743106896266098e-14,2,105548,163,0.9872544747321754,0.9872545199506502,0.98932009862943,0.9846900527918694,0.23150200377087304,0.2315020877190442,0.21001427871638786,0.253517167179289,0.2133000576076348,0.9931499115510557,8.927707245620172e-29
kite,81,1.20459507714717e-14,0.0,0.0,3.592921826317558e-07,1024,150,0.16738230496393547,30.0,43,27,65,30.000000000000004,9.068174891599678e-14,2,105652,163,0.9872544747321754,0.9872545199506502,0.98932009862943,0.9846900527918694,0.23150200377087304,0.2315020877190442,0.21001427871638786,0.253517167179289,0.2133000576076348,0.9941284956151907,8.271185716611909e-29
kite,81,1.20459507714717e-14,0.0,0.0,3.592921826317558e-07,1024,151,0.16738230496393547,30.0,43,27,65,30.000000000000004,6.996147447296145e-14,2,105748,163,0.9872544747321754,0.9872545199506502,0.98932009862943,0.9846900527918694,0.23150200377087304,0.2315020877190442,0.21001427871638786,0.253517167179289,0.2133000576076348,0.9950318039820844,6.684461709870569e-29
kite,81,1.20459507714717e-14,0.0,0.0,3.592921826317558e-07,1024,152,0.16738230496393547,30.0,43,27,65,30.000000000000004,5.366046700216767e-14,2,105836,163,0.9872544747321754,0.9872545199506502,0.98932009862943,0.9846900527918694,0.23150200377087304,0.2315020877190442,0.21001427871638786,0.253517167179289,0.2133000576076348,0.9958598366517369,4.8256929942657734e-29
kite,81,1.20459507714717e-14,0.0,0.0,3.592921826317558e-07,1024,153,0.16738230496393547,30.0,43,27,65,30.000000000000004,4.9008338582709065e-14,2,105916,163,0.9872544747321754,0.9872545199506502,0.98932009862943,0.9846900527918694,0.23150200377087304,0.2315020877190442,0.21001427871638786,0.253517167179289,0.2133000576076348,0.9966125936241484,4.6110567263852075e-29
kite,81,1.20459507714717e-14,0.0,0.0,3.592921826317558e-07,1024,154,0.16738230496393547,30.0,43,27,65,30.000000000000004,3.3642331823217936e-14,2,105988,163,0.9872544747321754,0.9872545199506502,0.98932009862943,0.9846900527918694,0.23150200377087304,0.2315020877190442,0.21001427871638786,0.253517167179289,0.2133000576076348,0.9972900748993188,3.110565633333266e-29
kite,81,1.20459507714717e-14,0.0,0.0,3.592921826317558e-07,1024,155,0.16738230496393547,30.0,43,27,65,30.000000000000004,3.234961608208492e-14,2,106052,163,0.9872544747321754,0.9872545199506502,0.98932009862943,0.9846900527918694,0.23150200377087304,0.2315020877190442,0.21001427871638786,0.253517167179289,0.2133000576076348,0.9978922804772479,2.9908669954416136e-29
kite,81,1.20459507714717e-14,0.0,0.0,3.592921826317558e-07,1024,156,0.16738230496393547,30.0,43,27,65,30.000000000000004,2.2523007274393972e-14,2,106108,163,0.9872544747321754,0.9872545199506502,0.98932009862943,0.9846900527918694,0.23150200377087304,0.2315020877190442,0.21001427871638786,0.253517167179289,0.2133000576076348,0.9984192103579359,2.2066647988754215e-29
kite,81,1.20459507714717e-14,0.0,0.0,3.592921826317558e-07,1024,157,0.16738230496393547,30.0,43,27,65,30.000000000000004,1.8656829990365944e-14,2,106156,163,0.9872544747321754,0.9872545199506502,0.98932009862943,0.9846900527918694,0.23150200377087304,0.2315020877190442,0.21001427871638786,0.253517167179289,0.2133000576076348,0.9988708645413829,1.84172342389012e-29
kite,81,1.20459507714717e-14,0.0,0.0,3.592921826317558e-07,1024,158,0.16738230496393547,30.0,43,27,65,30.000000000000004,1.5529365821094158e-14,2,106196,163,0.9872544747321754,0.9872545199506502,0.98932009862943,0.9846900527918694,0.23150200377087304,0.2315020877190442,0.21001427871638786,0.253517167179289,0.2133000576076348,0.9992472430275885,1.6593008117670394e-29
kite,81,1.20459507714717e-14,0.0,0.0,3.592921826317558e-07,1024,159,0.16738230496393547,30.0,43,27,65,30.000000000000004,8.040572521134657e-15,2,106228,163,0.9872544747321754,0.9872545199506502,0.98932009862943,0.9846900527918694,0.23150200377087304,0.2315020877190442,0.21001427871638786,0.253517167179289,0.2133000576076348,0.9995483458165532,1.0499670464232989e-29
kite,81,1.20459507714717e-14,0.0,0.0,3.592921826317558e-07,1024,160,0.16738230496393547,30.0,43,27,65,30.000000000000004,8.023768168772911e-15,2,106252,163,0.9872544747321754,0.9872545199506502,0.98932009862943,0.9846900527918694,0.23150200377087304,0.2315020877190442,0.21001427871638786,0.253517167179289,0.2133000576076348,0.9997741729082765,1.03718384305744e-29
kite,81,1.20459507714717e-14,0.0,0.0,3.592921826317558e-07,1024,161,0.16738230496393547,30.0,43,27,65,30.000000000000004,2.5930119569625798e-15,2,106268,163,0.9872544747321754,0.9872545199506502,0.98932009862943,0.9846900527918694,0.23150200377087304,0.2315020877190442,0.21001427871638786,0.253517167179289,0.2133000576076348,0.9999247243027588,4.7076793734820355e-30
kite,81,1.20459507714717e-14,0.0,0.0,3.592921826317558e-07,1024,162,0.16738230496393547,30.0,43,27,65,30.000000000000004,0.0,2,106276,163,0.9872544747321754,0.9872545199506502,0.98932009862943,0.9846900527918694,0.23150200377087304,0.2315020877190442,0.21001427871638786,0.253517167179289,0.2133000576076348,1.0,0.0
crescent,24,1.4393415477829739e-12,0.4181596506707551,1.0452023710945424,7.04871400789152e-09,256,0,0.09053850616843741,2.0,25,5,-1,1.9999999999999996,0.04512555924938043,2,196,49,0.9251208185700501,0.9251208185700432,0.8562576810940832,0.9308355142985905,0.2224450692081303,0.22244506920813312,0.16976081300878126,0.27496810589208137,0.17386851086153216,0.02040816326530612,0.09344359396393095
crescent,24,1.4393415477829739e-12,0.24589789598315792,0.5510633555226967,7.04871400789152e-09,256,1,0.09053850616843741,2.0,25,5,-1,1.9999999999999996,0.033790663182018094,2,580,49,0.9251208185700501,0.9251208185700432,0.8562576810940832,0.9308355142985905,0.2224450692081303,0.22244506920813312,0.16976081300878126,0.27496810589208137,0.17386851086153216,0.060391503540191585,0.06984287597478508
crescent,24,1.4393415477829739e-12,0.15405304857129057,0.4381794083838006,7.04871400789152e-09,256,2,0.09053850616843741,2.0,25,5,-1,1.9999999999999996,0.028574452698476846,2,956,49,0.9251208185700501,0.9251208185700432,0.8562576810940832,0.9308355142985905,0.2224450692081303,0.22244506920813312,0.16976081300878126,0.27496810589208137,0.17386851086153216,0.09954185755935027,0.05472097830972292
crescent,24,1.4393415477829739e-12,0.07400950359223349,0.22755490614217458,7.04871400789152e-09,256,3,0.09053850616843741,2.0,25,5,-1,1.9999999999999996,0.018249066712213487,2,1324,49,0.9251208185700501,0.9251208185700432,0.8562576810940832,0.9308355142985905,0.2224450692081303,0.22244506920813312,0.16976081300878126,0.27496810589208137,0.17386851086153216,0.13785922532278216,0.03595592782413245
crescent,24,1.4393415477829739e-12,0.009583203955324335,0.05657234057243368,7.04871400789152e-09,256,4,0.09053850616843741,2.0,25,5,-1,1.9999999999999996,0.00696812967248034,2,1684,49,0.9251208185700501,0.9251208185700432,0.8562576810940832,0.9308355142985905,0.2224450692081303,0.22244506920813312,0.16976081300878126,0.27496810589208137,0.17386851086153216,0.1753436068304873,0.010619617715648158
crescent,24,1.4393415477829739e-12,0.003048545487976826,0.015023852493743774,7.04871400789152e-09,256,5,0.09053850616843741,2.0,25,5,-1,1.9999999999999996,0.005254829050626465,2,2036,49,0.9251208185700501,0.9251208185700432,0.8562576810940832,0.9308355142985905,0.2224450692081303,0.22244506920813312,0.16976081300878126,0.27496810589208137,0.17386851086153216,0.21199500208246563,0.00543407181785786
crescent,24,1.4393415477829739e-12,0.0012636929714806633,0.0066263899214578405,7.04871400789152e-09,256,6,0.09053850616843741,2.0,25,5,-1,1.9999999999999996,0.0031342967513041473,2,2380,49,0.9251208185700501,0.9251208185700432,0.8562576810940832,0.9308355142985905,0.2224450692081303,0.22244506920813312,0.16976081300878126,0.27496810589208137,0.17386851086153216,0.2478134110787172,0.002988328799024574
crescent,24,1.4393415477829739e-12,9.323659455619929e-05,0.000738749162478734,7.04871400789152e-09,256,7,0.09053850616843741,2.0,25,5,-1,1.9999999999999996,0.0016524400240914162,2,2716,49,0.9251208185700501,0.9251208185700432,0.8562576810940832,0.9308355142985905,0.2224450692081303,0.22244506920813312,0.16976081300878126,0.27496810589208137,0.17386851086153216,0.282798833819242,0.001057185447116224
crescent,24,1.4393415477829739e-12,2.129395422185902e-05,0.00020604872747160803,7.04871400789152e-09,256,8,0.09053850616843741,2.0,25,5,-1,1.9999999999999996,0.0013210961234715807,2,3044,49,0.9251208185700501,0.9251208185700432,0.8562576810940832,0.9308355142985905,0.2224450692081303,0.22244506920813312,0.16976081300878126,0.27496810589208137,0.17386851086153216,0.31695127030403997,0.0004968019054223346
crescent,24,1.4393415477829739e-12,1.82803005129529e-05,0.00010966167815822167,7.04871400789152e-09,256,9,0.09053850616843741,2.0,25,5,-1,1.9999999999999996,0.0011839436840560527,2,3364,49,0.9251208185700501,0.9251208185700432,0.8562576810940832,0.9308355142985905,0.2224450692081303,0.22244506920813312,0.16976081300878126,0.27496810589208137,0.17386851086153216,0.3502707205331112,0.00041473535536247627
crescent,24,1.4393415477829739e-12,2.1889359248764896e-06,1.9343316280861853e-05,7.04871400789152e-09,256,10,0.09053850616843741,2.0,25,5,-1,1.9999999999999996,0.0008046505752159847,2,3676,49,0.9251208185700501,0.9251208185700432,0.8562576810940832,0.9308355142985905,0.2224450692081303,0.22244506920813312,0.16976081300878126,0.27496810589208137,0.17386851086153216,0.3827571845064556,0.0001370944536006623
crescent,24,1.4393415477829739e-12,7.459378836232103e-07,7.545396127027595e-06,7.04871400789152e-09,256,11,0.09053850616843741,2.0,25,5,-1,1.9999999999999996,0.0007659971729590092,2,3980,49,0.9251208185700501,0.9251208185700432,0.8562576810940832,0.9308355142985905,0.2224450692081303,0.22244506920813312,0.16976081300878126,0.27496810589208137,0.17386851086153216,0.4144106622240733,9.129508569695843e-05
crescent,24,1.4393415477829739e-12,1.1902886949307281e-07,1.0105013657238247e-06,7.04871400789152e-09,256,12,0.09053850616843741,2.0,25,5,-1,1.9999999999999996,0.0006343165757316555,2,4276,49,0.9251208185700501,0.9251208185700432,0.8562576810940832,0.9308355142985905,0.2224450692081303,0.22244506920813312,0.16976081300878126,0.27496810589208137,0.17386851086153216,0.44523115368596416,4.3677986485368926e-05
crescent,24,1.4393415477829739e-12,7.79245608619421e-08,7.862562181279966e-07,7.04871400789152e-09,256,13,0.09053850616843741,2.0,25,5,-1,1.9999999999999996,0.0005971021270069964,2,4564,49,0.9251208185700501,0.9251208185700432,0.8562576810940832,0.9308355142985905,0.2224450692081303,0.22244506920813312,0.16976081300878126,0.27496810589208137,0.17386851086153216,0.4752186588921283,2.8349352118437814e-05
crescent,24,1.4393415477829739e-12,1.2582123558798788e-08,1.333610434928799e-07,7.04871400789152e-09,256,14,0.09053850616843741,2.0,25,5,-1,1.9999999999999996,0.00048620408846903945,2,4844,49,0.9251208185700501,0.9251208185700432,0.8562576810940832,0.9308355142985905,0.2224450692081303,0.22244506920813312,0.16976081300878126,0.27496810589208137,0.17386851086153216,0.5043731778425656,1.4335144864633331e-05
crescent,24,1.4393415477829739e-12,3.858539802877416e-09,5.606323877730214e-08,7.04871400789152e-09,256,15,0.09053850616843741,2.0,25,5,-1,1.9999999999999996,0.00043803764920572055,2,5116,49,0.9251208185700501,0.9251208185700432,0.8562576810940832,0.9308355142985905,0.2224450692081303,0.22244506920813312,0.16976081300878126,0.27496810589208137,0.17386851086153216,0.5326947105372761,8.219231094592766e-06
crescent,24,1.4393415477829739e-12,1.6144648750566293e-09,2.0912706212694465e-08,7.04871400789152e-09,256,16,0.09053850616843741,2.0,25,5,-1,1.9999999999999996,0.00040812579961064523,2,5380,49,0.9251208185700501,0.9251208185700432,0.8562576810940832,0.9308355142985905,0.2224450692081303,0.22244506920813312,0.16976081300878126,0.27496810589208137,0.17386851086153216,0.5601832569762599,4.694108683776406e-06
crescent,24,1.4393415477829739e-12,2.3821512653435663e-10,4.374067253806349e-09,7.04871400789152e-09,256,17,0.09053850616843741,2.0,25,5,-1,1.9999999999999996,0.0003330774805093905,2,5636,49,0.9251208185700501,0.9251208185700432,0.8562576810940832,0.9308355142985905,0.2224450692081303,0.22244506920813312,0.16976081300878126,0.27496810589208137,0.17386851086153216,0.5868388171595169,2.5746382342119593e-06
crescent,24,1.4393415477829739e-12,1.5892866701149766e-10,2.4154962737302805e-09,7.04871400789152e-09,256,18,0.09053850616843741,2.0,25,5,-1,1.9999999999999996,0.00032248949346701673,2,5884,49,0.9251208185700501,0.9251208185700432,0.8562576810940832,0.9308355142985905,0.2224450692081303,0.22244506920813312,0.16976081300878126,0.27496810589208137,0.17386851086153216,0.6126613910870471,1.6292236459052422e-06
crescent,24,1.4393415477829739e-12,1.8567753598633054e-11,2.924860192311907e-10,7.04871400789152e-09,256,19,0.09053850616843741,2.0,25,5,-1,1.9999999999999996,0.0002626849094009194,2,6124,49,0.9251208185700501,0.9251208185700432,0.8562576810940832,0.9308355142985905,0.2224450692081303,0.22244506920813312,0.16976081300878126,0.27496810589208137,0.17386851086153216,0.6376509787588505,7.983665160669695e-07
crescent,24,1.4393415477829739e-12,1.481594330593139e-11,2.8429983334075513e-10,7.04871400789152e-09,256,20,0.09053850616843741,2.0,25,5,-1,1.9999999999999996,0.0002546790711590593,2,6356,49,0.9251208185700501,0.9251208185700432,0.8562576810940832,0.9308355142985905,0.2224450692081303,0.22244506920813312,0.16976081300878126,0.27496810589208137,0.17386851086153216,0.6618075801749271,5.032702853068628e-07
crescent,24,1.4393415477829739e-12,2.808414045692574e-12,6.116351046079946e-11,7.04871400789152e-09,256,21,0.09053850616843741,2.0,25,5,-1,1.9999999999999996,0.00021238644425289669,2,6580,49,0.9251208185700501,0.9251208185700432,0.8562576810940832,0.9308355142985905,0.2224450692081303,0.22244506920813312,0.16976081300878126,0.27496810589208137,0.17386851086153216,0.685131195335277,2.883886333765694e-07
crescent,24,1.4393415477829739e-12,9.65712459966633e-13,4.552239107493096e-11,7.04871400789152e-09,256,22,0.09053850616843741,2.0,25,5,-1,1.9999999999999996,0.00019446037286756056,2,6796,49,0.9251208185700501,0.9251208185700432,0.8562576810940832,0.9308355142985905,0.2224450692081303,0.22244506920813312,0.16976081300878126,0.27496810589208137,0.17386851086153216,0.7076218242399,1.5656433460995334e-07
crescent,24,1.4393415477829739e-12,2.7953345580958625e-13,3.777488592008683e-11,7.04871400789152e-09,256,23,0.09053850616843741,2.0,25,5,-1,1.9999999999999996,0.0001759120478479445,2,7004,49,0.9251208185700501,0.9251208185700432,0.8562576810940832,0.9308355142985905,0.2224450692081303,0.22244506920813312,0.16976081300878126,0.27496810589208137,0.17386851086153216,0.7292794668887963,9.250225091098704e-08
crescent,24,1.4393415477829739e-12,5.644605430312033e-14,3.570065101115237e-11,7.04871400789152e-09,256,24,0.09053850616843741,2.0,25,5,-1,1.9999999999999996,0.00014889370549950304,2,7204,49,0.9251208185700501,0.9251208185700432,0.8562576810940832,0.9308355142985905,0.2224450692081303,0.22244506920813312,0.16976081300878126,0.27496810589208137,0.17386851086153216,0.7501041232819659,5.318089949101032e-08
crescent,24,1.4393415477829739e-12,4.896298805274398e-14,3.209106214491575e-11,7.04871400789152e-09,256,25,0.09053850616843741,2.0,25,5,-1,1.9999999999999996,0.00014268581122095793,2,7396,49,0.9251208185700501,0.9251208185700432,0.8562576810940832,0.9308355142985905,0.2224450692081303,0.22244506920813312,0.16976081300878126,0.27496810589208137,0.17386851086153216,0.7700957934194086,2.9739119687455134e-08
crescent,24,1.4393415477829739e-12,7.577304239098908e-15,3.0923321100912344e-11,7.04871400789152e-09,256,26,0.09053850616843741,2.0,25,5,-1,1.9999999999999996,0.00011666317119807264,2,7580,49,0.9251208185700501,0.9251208185700432,0.8562576810940832,0.9308355142985905,0.2224450692081303,0.22244506920813312,0.16976081300878126,0.27496810589208137,0.17386851086153216,0.7892544773011245,1.6637352499112022e-08
crescent,24,1.4393415477829739e-12,7.404738578677875e-15,2.7391286282196005e-11,7.04871400789152e-09,256,27,0.09053850616843741,2.0,25,5,-1,1.9999999999999996,0.00011311762994661925,2,7756,49,0.9251208185700501,0.9251208185700432,0.8562576810940832,0.9308355142985905,0.2224450692081303,0.22244506920813312,0.16976081300878126,0.27496810589208137,0.17386851086153216,0.8075801749271136,9.323287492275505e-09
crescent,24,1.4393415477829739e-12,1.7193560260386219e-15,2.103726762605763e-11,7.04871400789152e-09,256,28,0.09053850616843741,2.0,25,5,-1,1.9999999999999996,9.42559650729384e-05,2,7924,49,0.9251208185700501,0.9251208185700432,0.8562576810940832,0.9308355142985905,0.2224450692081303,0.22244506920813312,0.16976081300878126,0.27496810589208137,0.17386851086153216,0.8250728862973761,4.622070869322832e-09
crescent,24,1.4393415477829739e-12,1.0928846223064694e-15,1.815539767651692e-11,7.04871400789152e-09,256,29,0.09053850616843741,2.0,25,5,-1,1.9999999999999996,8.715458734332263e-05,2,8084,49,0.9251208185700501,0.9251208185700432,0.8562576810940832,0.9308355142985905,0.2224450692081303,0.22244506920813312,0.16976081300878126,0.27496810589208137,0.17386851086153216,0.8417326114119117,2.5246166755649214e-09
crescent,24,1.4393415477829739e-12,7.999625152969164e-16,1.5170675773342896e-11,7.04871400789152e-09,256,30,0.09053850616843741,2.0,25,5,-1,1.9999999999999996,7.746761345338804e-05,2,8236,49,0.9251208185700501,0.9251208185700432,0.8562576810940832,0.9308355142985905,0.2224450692081303,0.22244506920813312,0.16976081300878126,0.27496810589208137,0.17386851086153216,0.8575593502707205,1.2813158967966717e-09
crescent,24,1.4393415477829739e-12,5.026603607919544e-16,1.0510937939188166e-11,7.04871400789152e-09,256,31,0.09053850616843741,2.0,25,5,-1,1.9999999999999996,6.645425791586438e-05,2,8380,49,0.9251208185700501,0.9251208185700432,0.8562576810940832,0.9308355142985905,0.2224450692081303,0.22244506920813312,0.16976081300878126,0.27496810589208137,0.17386851086153216,0.8725531028738026,6.502110687413239e-10
crescent,24,1.4393415477829739e-12,3.7275646759983006e-16,9.093304103407224e-12,7.04871400789152e-09,256,32,0.09053850616843741,2.0,25,5,-1,1.9999999999999996,6.284337407866481e-05,2,8516,49,0.9251208185700501,0.9251208185700432,0.8562576810940832,0.9308355142985905,0.2224450692081303,0.22244506920813312,0.16976081300878126,0.27496810589208137,0.17386851086153216,0.8867138692211578,3.498345626454261e-10
crescent,24,1.4393415477829739e-12,3.0643374044593326e-16,6.72912769820231e-12,7.04871400789152e-09,256,33,0.09053850616843741,2.0,25,5,-1,1.9999999999999996,5.120680841487206e-05,2,8644,49,0.9251208185700501,0.9251208185700432,0.8562576810940832,0.9308355142985905,0.2224450692081303,0.22244506920813312,0.16976081300878126,0.27496810589208137,0.17386851086153216,0.9000416493127863,1.692581717945278e-10
crescent,24,1.4393415477829739e-12,2.494174544660407e-16,5.862278619594354e-12,7.04871400789152e-09,256,34,0.09053850616843741,2.0,25,5,-1,1.9999999999999996,4.942266312006388e-05,2,8764,49,0.9251208185700501,0.9251208185700432,0.8562576810940832,0.9308355142985905,0.2224450692081303,0.22244506920813312,0.16976081300878126,0.27496810589208137,0.17386851086153216,0.9125364431486881,9.370034703882076e-11
crescent,24,1.4393415477829739e-12,1.3699747348335152e-16,3.3457232260691873e-12,7.04871400789152e-09,256,35,0.09053850616843741,2.0,25,5,-1,1.9999999999999996,4.03279441561545e-05,2,8876,49,0.9251208185700501,0.9251208185700432,0.8562576810940832,0.9308355142985905,0.2224450692081303,0.22244506920813312,0.16976081300878126,0.27496810589208137,0.17386851086153216,0.924198250728863,4.2968272902173704e-11
crescent,24,1.4393415477829739e-12,8.589987328802382e-17,2.8253135018454393e-12,7.04871400789152e-09,256,36,0.09053850616843741,2.0,25,5,-1,1.9999999999999996,3.727930280741495e-05,2,8980,49,0.9251208185700501,0.9251208185700432,0.8562576810940832,0.9308355142985905,0.2224450692081303,0.22244506920813312,0.16976081300878126,0.27496810589208137,0.17386851086153216,0.9350270720533111,2.455900793420215e-11
crescent,24,1.4393415477829739e-12,7.070059090536846e-17,1.8213167482985318e-12,7.04871400789152e-09,256,37,0.09053850616843741,2.0,25,5,-1,1.9999999999999996,3.2004557931711696e-05,2,9076,49,0.9251208185700501,0.9251208185700432,0.8562576810940832,0.9308355142985905,0.2224450692081303,0.22244506920813312,0.16976081300878126,0.27496810589208137,0.17386851086153216,0.9450229071220325,1.3194892415794384e-11
crescent,24,1.4393415477829739e-12,5.913101779855555e-17,1.110798675338064e-12,7.04871400789152e-09,256,38,0.09053850616843741,2.0,25,5,-1,1.9999999999999996,2.6912430559982167e-05,2,9164,49,0.9251208185700501,0.9251208185700432,0.8562576810940832,0.9308355142985905,0.2224450692081303,0.22244506920813312,0.16976081300878126,0.27496810589208137,0.17386851086153216,0.9541857559350271,7.780852487548956e-12
crescent,24,1.4393415477829739e-12,5.723998447800583e-17,5.648162044790313e-13,7.04871400789152e-09,256,39,0.09053850616843741,2.0,25,5,-1,1.9999999999999996,2.4621789984523002e-05,2,9244,49,0.9251208185700501,0.9251208185700432,0.8562576810940832,0.9308355142985905,0.2224450692081303,0.22244506920813312,0.16976081300878126,0.27496810589208137,0.17386851086153216,0.9625156184922948,4.018994332449267e-12
crescent,24,1.4393415477829739e-12,3.2362434807163465e-18,2.2861457869128105e-13,7.04871400789152e-09,256,40,0.09053850616843741,2.0,25,5,-1,1.9999999999999996,1.8506624433537577e-05,2,9316,49,0.9251208185700501,0.9251208185700432,0.8562576810940832,0.9308355142985905,0.2224450692081303,0.22244506920813312,0.16976081300878126,0.27496810589208137,0.17386851086153216,0.9700124947938359,6.451614764302019e-13
crescent,24,1.4393415477829739e-12,0.0,2.4722964547609455e-13,7.04871400789152e-09,256,41,0.09053850616843741,2.0,25,5,-1,1.9999999999999996,1.776914193299082e-05,2,9380,49,0.9251208185700501,0.9251208185700432,0.8562576810940832,0.9308355142985905,0.2224450692081303,0.22244506920813312,0.16976081300878126,0.27496810589208137,0.17386851086153216,0.9766763848396501,8.086464727701092e-13
crescent,24,1.4393415477829739e-12,0.0,3.898095865883287e-14,7.04871400789152e-09,256,42,0.09053850616843741,2.0,25,5,-1,1.9999999999999996,1.255971453934457e-05,2,9436,49,0.9251208185700501,0.9251208185700432,0.8562576810940832,0.9308355142985905,0.2224450692081303,0.22244506920813312,0.16976081300878126,0.27496810589208137,0.17386851086153216,0.9825072886297376,2.7870393366751487e-13
crescent,24,1.4393415477829739e-12,0.0,2.4865488600671685e-13,7.04871400789152e-09,256,43,0.09053850616843741,2.0,25,5,-1,1.9999999999999996,1.0983117911534347e-05,2,9484,49,0.9251208185700501,0.9251208185700432,0.8562576810940832,0.9308355142985905,0.2224450692081303,0.22244506920813312,0.16976081300878126,0.27496810589208137,0.17386851086153216,0.9875052061640983,6.700146389656503e-14
crescent,24,1.4393415477829739e-12,0.0,3.4309922814463273e-15,7.04871400789152e-09,256,44,0.09053850616843741,2.0,25,5,-1,1.9999999999999996,8.531580431499517e-06,2,9524,49,0.9251208185700501,0.9251208185700432,0.8562576810940832,0.9308355142985905,0.2224450692081303,0.22244506920813312,0.16976081300878126,0.27496810589208137,0.17386851086153216,0.9916701374427322,4.5397529554726185e-14
crescent,24,1.4393415477829739e-12,0.0,0.0,7.04871400789152e-09,256,45,0.09053850616843741,2.0,25,5,-1,1.9999999999999996,6.570765212328339e-06,2,9556,49,0.9251208185700501,0.9251208185700432,0.8562576810940832,0.9308355142985905,0.2224450692081303,0.22244506920813312,0.16976081300878126,0.27496810589208137,0.17386851086153216,0.9950020824656394,1.712416537896519e-14
crescent,24,1.4393415477829739e-12,0.0,0.0,7.04871400789152e-09,256,46,0.09053850616843741,2.0,25,5,-1,1.9999999999999996,5.480960296703671e-06,2,9580,49,0.9251208185700501,0.9251208185700432,0.8562576810940832,0.9308355142985905,0.2224450692081303,0.22244506920813312,0.16976081300878126,0.27496810589208137,0.17386851086153216,0.9975010412328197,1.7180288123377787e-14
crescent,24,1.4393415477829739e-12,0.0,0.0,7.04871400789152e-09,256,47,0.09053850616843741,2.0,25,5,-1,1.9999999999999996,2.7619488032610203e-08,2,9596,49,0.9251208185700501,0.9251208185700432,0.8562576810940832,0.9308355142985905,0.2224450692081303,0.22244506920813312,0.16976081300878126,0.27496810589208137,0.17386851086153216,0.9991670137442732,1.3422514520478433e-15
crescent,24,1.4393415477829739e-12,0.0,0.0,7.04871400789152e-09,256,48,0.09053850616843741,2.0,25,5,-1,1.9999999999999996,0.0,2,9604,49,0.9251208185700501,0.9251208185700432,0.8562576810940832,0.9308355142985905,0.2224450692081303,0.22244506920813312,0.16976081300878126,0.27496810589208137,0.17386851086153216,1.0,0.0
crescent,36,8.869949095746213e-13,1.126515870374315,1.7023118810978477,5.665005791986764e-08,512,0,0.09053850616843741,10.0,32,11,-1,9.999999999999998,0.5827190273966905,2,292,73,0.9658427861449387,0.9658427861449336,0.9556702013557138,0.9672192895784371,0.1862308472443727,0.18623084724437522,0.14808244796071887,0.2225146110462338,0.15502118714535268,0.0136986301369863,0.9417326623016675
crescent,36,8.869949095746213e-13,1.0892221010223937,2.347379268157164,5.665005791986764e-08,512,1,0.09053850616843741,10.0,32,11,-1,9.999999999999998,0.5293101648445228,2,868,73,0.9658427861449387,0.9658427861449336,0.9556702013557138,0.9672192895784371,0.1862308472443727,0.18623084724437522,0.14808244796071887,0.2225146110462338,0.15502118714535268,0.040720585475699005,0.8879041249689539
crescent,36,8.869949095746213e-13,0.9621062719431538,2.273606346409515,5.665005791986764e-08,512,2,0.09053850616843741,10.0,32,11,-1,9.999999999999998,0.4338380531013989,2,1436,73,0.9658427861449387,0.9658427861449336,0.9556702013557138,0.9672192895784371,0.1862308472443727,0.18623084724437522,0.14808244796071887,0.2225146110462338,0.15502118714535268,0.0673672358791518,0.8054602940515802
crescent,36,8.869949095746213e-13,0.8619325097919949,1.913146334477494,5.665005791986764e-08,512,3,0.09053850616843741,10.0,32,11,-1,9.999999999999998,0.38625793358734695,2,1996,73,0.9658427861449387,0.9658427861449336,0.9556702013557138,0.9672192895784371,0.1862308472443727,0.18623084724437522,0.14808244796071887,0.2225146110462338,0.15502118714535268,0.09363858134734472,0.7319320458069211
crescent,36,8.869949095746213e-13,0.817299585467613,2.010727947028823,5.665005791986764e-08,512,4,0.09053850616843741,10.0,32,11,-1,9.999999999999998,0.3394957966071903,2,2548,73,0.9658427861449387,0.9658427861449336,0.9556702013557138,0.9672192895784371,0.1862308472443727,0.18623084724437522,0.14808244796071887,0.2225146110462338,0.15502118714535268,0.11953462188027772,0.7099518436803118
crescent,36,8.869949095746213e-13,0.5457724646498587,1.6544545726781938,5.665005791986764e-08,512,5,0.09053850616843741,10.0,32,11,-1,9.999999999999998,0.27630682580019966,2,3092,73,0.9658427861449387,0.9658427861449336,0.9556702013557138,0.9672192895784371,0.1862308472443727,0.18623084724437522,0.14808244796071887,0.2225146110462338,0.15502118714535268,0.14505535747795084,0.5084875145920507
crescent,36,8.869949095746213e-13,0.3850883444415693,1.153907970143384,5.665005791986764e-08,512,6,0.09053850616843741,10.0,32,11,-1,9.999999999999998,0.19547711295443862,2,3628,73,0.9658427861449387,0.9658427861449336,0.9556702013557138,0.9672192895784371,0.1862308472443727,0.18623084724437522,0.14808244796071887,0.2225146110462338,0.15502118714535268,0.17020078814036405,0.35362005547186326
crescent,36,8.869949095746213e-13,0.30874733509168917,0.923577777070745,5.665005791986764e-08,512,7,0.09053850616843741,10.0,32,11,-1,9.999999999999998,0.1736916942820978,2,4156,73,0.9658427861449387,0.9658427861449336,0.9556702013557138,0.9672192895784371,0.1862308472443727,0.18623084724437522,0.14808244796071887,0.2225146110462338,0.15502118714535268,0.19497091386751736,0.2858033393548923
crescent,36,8.869949095746213e-13,0.21793612921850855,0.6781862850819326,5.665005791986764e-08,512,8,0.09053850616843741,10.0,32,11,-1,9.999999999999998,0.14781426863557953,2,4676,73,0.9658427861449387,0.9658427861449336,0.9556702013557138,0.9672192895784371,0.1862308472443727,0.18623084724437522,0.14808244796071887,0.2225146110462338,0.15502118714535268,0.21936573465941078,0.23199412451610105
crescent,36,8.869949095746213e-13,0.10016866048697777,0.45945864730446445,5.665005791986764e-08,512,9,0.09053850616843741,10.0,32,11,-1,9.999999999999998,0.07638828922690244,2,5188,73,0.9658427861449387,0.9658427861449336,0.9556702013557138,0.9672192895784371,0.1862308472443727,0.18623084724437522,0.14808244796071887,0.2225146110462338,0.15502118714535268,0.2433852505160443,0.10625105030791641
crescent,36,8.869949095746213e-13,0.05990244862860081,0.2648258999965575,5.665005791986764e-08,512,10,0.09053850616843741,10.0,32,11,-1,9.999999999999998,0.0665906459671741,2,5692,73,0.9658427861449387,0.9658427861449336,0.9556702013557138,0.9672192895784371,0.1862308472443727,0.18623084724437522,0.14808244796071887,0.2225146110462338,0.15502118714535268,0.2670294614374179,0.07673564664564744
crescent,36,8.869949095746213e-13,0.05434335369120224,0.20755154339916443,5.665005791986764e-08,512,11,0.09053850616843741,10.0,32,11,-1,9.999999999999998,0.059791550402837124,2,6188,73,0.9658427861449387,0.9658427861449336,0.9556702013557138,0.9672192895784371,0.1862308472443727,0.18623084724437522,0.14808244796071887,0.2225146110462338,0.15502118714535268,0.2902983674235316,0.07384286762509004
crescent,36,8.869949095746213e-13,0.015061220181861902,0.08745990932819644,5.665005791986764e-08,512,12,0.09053850616843741,10.0,32,11,-1,9.999999999999998,0.03128699635940769,2,6676,73,0.9658427861449387,0.9658427861449336,0.9556702013557138,0.9672192895784371,0.1862308472443727,0.18623084724437522,0.14808244796071887,0.2225146110462338,0.15502118714535268,0.31319196847438546,0.026593437319750977
crescent,36,8.869949095746213e-13,0.009954425094688905,0.04835032918639206,5.665005791986764e-08,512,13,0.09053850616843741,10.0,32,11,-1,9.999999999999998,0.02402754609729603,2,7156,73,0.9658427861449387,0.9658427861449336,0.9556702013557138,0.9672192895784371,0.1862308472443727,0.18623084724437522,0.14808244796071887,0.2225146110462338,0.15502118714535268,0.3357102645899794,0.020559075121482587
crescent,36,8.869949095746213e-13,0.007676973322932543,0.03583894787544191,5.665005791986764e-08,512,14,0.09053850616843741,10.0,32,11,-1,9.999999999999998,0.01828778275764803,2,7628,73,0.9658427861449387,0.9658427861449336,0.9556702013557138,0.9672192895784371,0.1862308472443727,0.18623084724437522,0.14808244796071887,0.2225146110462338,0.15502118714535268,0.3578532557703134,0.015226510419448325
crescent,36,8.869949095746213e-13,0.002531146270040916,0.013430571139384954,5.665005791986764e-08,512,15,0.09053850616843741,10.0,32,11,-1,9.999999999999998,0.014887847168067608,2,8092,73,0.9658427861449387,0.9658427861449336,0.9556702013557138,0.9672192895784371,0.1862308472443727,0.18623084724437522,0.14808244796071887,0.2225146110462338,0.15502118714535268,0.3796209420153875,0.008645641518464663
crescent,36,8.869949095746213e-13,0.001776252128648959,0.008571718266811442,5.665005791986764e-08,512,16,0.09053850616843741,10.0,32,11,-1,9.999999999999998,0.010486492594107655,2,8548,73,0.9658427861449387,0.9658427861449336,0.9556702013557138,0.9672192895784371,0.1862308472443727,0.18623084724437522,0.14808244796071887,0.2225146110462338,0.15502118714535268,0.40101332332520173,0.005818973705137499
crescent,36,8.869949095746213e-13,0.0004242340990693393,0.002911974263273354,5.665005791986764e-08,512,17,0.09053850616843741,10.0,32,11,-1,9.999999999999998,0.00807369722382161,2,8996,73,0.9658427861449387,0.9658427861449336,0.9556702013557138,0.9672192895784371,0.1862308472443727,0.18623084724437522,0.14808244796071887,0.2225146110462338,0.15502118714535268,0.42203039969975603,0.0024008245377262773
crescent,36,8.869949095746213e-13,0.00043302560267919834,0.002168299510266018,5.665005791986764e-08,512,18,0.09053850616843741,10.0,32,11,-1,9.999999999999998,0.007604111808436564,2,9436,73,0.9658427861449387,0.9658427861449336,0.9556702013557138,0.9672192895784371,0.1862308472443727,0.18623084724437522,0.14808244796071887,0.2225146110462338,0.15502118714535268,0.4426721711390505,0.0026908379750399686
crescent,36,8.869949095746213e-13,0.00012950737728255495,0.0008685749743442547,5.665005791986764e-08,512,19,0.09053850616843741,10.0,32,11,-1,9.999999999999998,0.005980677720151973,2,9868,73,0.9658427861449387,0.9658427861449336,0.9556702013557138,0.9672192895784371,0.1862308472443727,0.18623084724437522,0.14808244796071887,0.2225146110462338,0.15502118714535268,0.462938637643085,0.001223356225197236
crescent,36,8.869949095746213e-13,7.111219096244935e-05,0.00041931079672077605,5.665005791986764e-08,512,20,0.09053850616843741,10.0,32,11,-1,9.999999999999998,0.005413221460731155,2,10292,73,0.9658427861449387,0.9658427861449336,0.9556702013557138,0.9672192895784371,0.1862308472443727,0.18623084724437522,0.14808244796071887,0.2225146110462338,0.15502118714535268,0.48282979921185964,0.0009933207733816565
crescent,36,8.869949095746213e-13,3.675379262733579e-05,0.00023700976274078196,5.665005791986764e-08,512,21,0.09053850616843741,10.0,32,11,-1,9.999999999999998,0.004520208008801331,2,10708,73,0.9658427861449387,0.9658427861449336,0.9556702013557138,0.9672192895784371,0.1862308472443727,0.18623084724437522,0.14808244796071887,0.2225146110462338,0.15502118714535268,0.5023456558453744,0.0006540701943010176
crescent,36,8.869949095746213e-13,6.1250253570837455e-06,5.320231564075416e-05,5.665005791986764e-08,512,22,0.09053850616843741,10.0,32,11,-1,9.999999999999998,0.0038906705635595824,2,11116,73,0.9658427861449387,0.9658427861449336,0.9556702013557138,0.9672192895784371,0.1862308472443727,0.18623084724437522,0.14808244796071887,0.2225146110462338,0.15502118714535268,0.5214862075436292,0.00030095254520933157
crescent,36,8.869949095746213e-13,8.692609242918766e-06,6.415015678821867e-05,5.665005791986764e-08,512,23,0.09053850616843741,10.0,32,11,-1,9.999999999999998,0.0035988048938899865,2,11516,73,0.9658427861449387,0.9658427861449336,0.9556702013557138,0.9672192895784371,0.1862308472443727,0.18623084724437522,0.14808244796071887,0.2225146110462338,0.15502118714535268,0.5402514543066241,0.00034210028080118983
crescent,36,8.869949095746213e-13,1.0147067719992027e-06,1.0695307384873856e-05,5.665005791986764e-08,512,24,0.09053850616843741,10.0,32,11,-1,9.999999999999998,0.0028828510477341565,2,11908,73,0.9658427861449387,0.9658427861449336,0.9556702013557138,0.9672192895784371,0.1862308472443727,0.18623084724437522,0.14808244796071887,0.2225146110462338,0.15502118714535268,0.5586413961343591,0.00011296020594472865
crescent,36,8.869949095746213e-13,1.325369146353529e-06,1.1436463171594232e-05,5.665005791986764e-08,512,25,0.09053850616843741,10.0,32,11,-1,9.999999999999998,0.0027626478625746194,2,12292,73,0.9658427861449387,0.9658427861449336,0.9556702013557138,0.9672192895784371,0.1862308472443727,0.18623084724437522,0.14808244796071887,0.2225146110462338,0.15502118714535268,0.5766560330268343,0.00014175126391730386
crescent,36,8.869949095746213e-13,4.343396147908802e-07,3.9619155206741236e-06,5.665005791986764e-08,512,26,0.09053850616843741,10.0,32,11,-1,9.999999999999998,0.002226664261508714,2,12668,73,0.9658427861449387,0.9658427861449336,0.9556702013557138,0.9672192895784371,0.1862308472443727,0.18623084724437522,0.14808244796071887,0.2225146110462338,0.15502118714535268,0.5942953649840496,6.109768338400532e-05
crescent,36,8.869949095746213e-13,1.5688121042960114e-07,1.7171236510434921e-06,5.665005791986764e-08,512,27,0.09053850616843741,10.0,32,11,-1,9.999999999999998,0.0021232145406301366,2,13036,73,0.9658427861449387,0.9658427861449336,0.9556702013557138,0.9672192895784371,0.1862308472443727,0.18623084724437522,0.14808244796071887,0.2225146110462338,0.15502118714535268,0.6115593920060048,5.685595414591712e-05
crescent,36,8.869949095746213e-13,9.55708873989078e-08,9.62123997790224e-07,5.665005791986764e-08,512,28,0.09053850616843741,10.0,32,11,-1,9.999999999999998,0.0017700843782053831,2,13396,73,0.9658427861449387,0.9658427861449336,0.9556702013557138,0.9672192895784371,0.1862308472443727,0.18623084724437522,0.14808244796071887,0.2225146110462338,0.15502118714535268,0.6284481140927003,3.300527344045738e-05
crescent,36,8.869949095746213e-13,9.15646832836314e-09,1.715566270044716e-07,5.665005791986764e-08,512,29,0.09053850616843741,10.0,32,11,-1,9.999999999999998,0.0016024177257100232,2,13748,73,0.9658427861449387,0.9658427861449336,0.9556702013557138,0.9672192895784371,0.1862308472443727,0.18623084724437522,0.14808244796071887,0.2225146110462338,0.15502118714535268,0.6449615312441359,2.102771037633354e-05
crescent,36,8.869949095746213e-13,1.5757750699402385e-08,1.838528869090044e-07,5.665005791986764e-08,512,30,0.09053850616843741,10.0,32,11,-1,9.999999999999998,0.001438926744619955,2,14092,73,0.9658427861449387,0.9658427861449336,0.9556702013557138,0.9672192895784371,0.1862308472443727,0.18623084724437522,0.14808244796071887,0.2225146110462338,0.15502118714535268,0.6610996434603115,1.6415276116313507e-05
crescent,36,8.869949095746213e-13,2.3945619910427423e-09,3.0845167722885015e-08,5.665005791986764e-08,512,31,0.09053850616843741,10.0,32,11,-1,9.999999999999998,0.001216910984626794,2,14428,73,0.9658427861449387,0.9658427861449336,0.9556702013557138,0.9672192895784371,0.1862308472443727,0.18623084724437522,0.14808244796071887,0.2225146110462338,0.15502118714535268,0.6768624507412272,8.359040331081601e-06
crescent,36,8.869949095746213e-13,1.8743797064529875e-09,2.599722699286817e-08,5.665005791986764e-08,512,32,0.09053850616843741,10.0,32,11,-1,9.999999999999998,0.0011566389459110385,2,14756,73,0.9658427861449387,0.9658427861449336,0.9556702013557138,0.9672192895784371,0.1862308472443727,0.18623084724437522,0.14808244796071887,0.2225146110462338,0.15502118714535268,0.6922499530868831,7.220881919049054e-06
crescent,36,8.869949095746213e-13,6.372826266344877e-10,8.220738321239208e-09,5.665005791986764e-08,512,33,0.09053850616843741,10.0,32,11,-1,9.999999999999998,0.0009480261133273642,2,15076,73,0.9658427861449387,0.9658427861449336,0.9556702013557138,0.9672192895784371,0.1862308472443727,0.18623084724437522,0.14808244796071887,0.2225146110462338,0.15502118714535268,0.707262150497279,3.6648335207037396e-06
crescent,36,8.869949095746213e-13,1.518729111586916e-10,2.7327359115281285e-09,5.665005791986764e-08,512,34,0.09053850616843741,10.0,32,11,-1,9.999999999999998,0.0009122162968433515,2,15388,73,0.9658427861449387,0.9658427861449336,0.9556702013557138,0.9672192895784371,0.1862308472443727,0.18623084724437522,0.14808244796071887,0.2225146110462338,0.15502118714535268,0.7218990429724151,2.980679545149838e-06
crescent,36,8.869949095746213e-13,1.0606002869437827e-10,1.5480255176333e-09,5.665005791986764e-08,512,35,0.09053850616843741,10.0,32,11,-1,9.999999999999998,0.0007628280510938427,2,15692,73,0.9658427861449387,0.9658427861449336,0.9556702013557138,0.9672192895784371,0.1862308472443727,0.18623084724437522,0.14808244796071887,0.2225146110462338,0.15502118714535268,0.7361606305122912,1.673190163635578e-06
crescent,36,8.869949095746213e-13,9.049189296249965e-12,2.42262678781895e-10,5.665005791986764e-08,512,36,0.09053850616843741,10.0,32,11,-1,9.999999999999998,0.0007050976004708445,2,15988,73,0.9658427861449387,0.9658427861449336,0.9556702013557138,0.9672192895784371,0.1862308472443727,0.18623084724437522,0.14808244796071887,0.2225146110462338,0.15502118714535268,0.7500469131169075,1.1766097553229163e-06
crescent,36,8.869949095746213e-13,1.2978841217494377e-11,2.3210234836630465e-10,5.665005791986764e-08,512,37,0.09053850616843741,10.0,32,11,-1,9.999999999999998,0.0006256927172079882,2,16276,73,0.9658427861449387,0.9658427861449336,0.9556702013557138,0.9672192895784371,0.1862308472443727,0.18623084724437522,0.14808244796071887,0.2225146110462338,0.15502118714535268,0.7635578907862638,7.458358275279661e-07
crescent,36,8.869949095746213e-13,2.439345011424648e-12,8.392603981103614e-11,5.665005791986764e-08,512,38,0.09053850616843741,10.0,32,11,-1,9.999999999999998,0.0005426034861763244,2,16556,73,0.9658427861449387,0.9658427861449336,0.9556702013557138,0.9672192895784371,0.1862308472443727,0.18623084724437522,0.14808244796071887,0.2225146110462338,0.15502118714535268,0.7766935635203603,4.6349858806934865e-07
crescent,36,8.869949095746213e-13,1.180613575051362e-12,7.794905149289949e-11,5.665005791986764e-08,512,39,0.09053850616843741,10.0,32,11,-1,9.999999999999998,0.0005107309927999273,2,16828,73,0.9658427861449387,0.9658427861449336,0.9556702013557138,0.9672192895784371,0.1862308472443727,0.18623084724437522,0.14808244796071887,0.2225146110462338,0.15502118714535268,0.7894539313191968,3.1549323792007156e-07
crescent,36,8.869949095746213e-13,4.445670808116187e-13,7.317603903482356e-11,5.665005791986764e-08,512,40,0.09053850616843741,10.0,32,11,-1,9.999999999999998,0.00042462501416740936,2,17092,73,0.9658427861449387,0.9658427861449336,0.9556702013557138,0.9672192895784371,0.1862308472443727,0.18623084724437522,0.14808244796071887,0.2225146110462338,0.15502118714535268,0.8018389941827735,1.8569807817448925e-07
crescent,36,8.869949095746213e-13,7.328423002707426e-14,7.180795041888531e-11,5.665005791986764e-08,512,41,0.09053850616843741,10.0,32,11,-1,9.999999999999998,0.00040882868726310615,2,17348,73,0.9658427861449387,0.9658427861449336,0.9556702013557138,0.9672192895784371,0.1862308472443727,0.18623084724437522,0.14808244796071887,0.2225146110462338,0.15502118714535268,0.8138487521110903,1.2760802266065932e-07
crescent,36,8.869949095746213e-13,5.6490705263833886e-14,7.158938666947914e-11,5.665005791986764e-08,512,42,0.09053850616843741,10.0,32,11,-1,9.999999999999998,0.00034214075772308675,2,17596,73,0.9658427861449387,0.9658427861449336,0.9556702013557138,0.9672192895784371,0.1862308472443727,0.18623084724437522,0.14808244796071887,0.2225146110462338,0.15502118714535268,0.8254832051041471,7.529604503717206e-08
crescent,36,8.869949095746213e-13,7.993540153178825e-15,6.979329167209547e-11,5.665005791986764e-08,512,43,0.09053850616843741,10.0,32,11,-1,9.999999999999998,0.00032023837250458163,2,17836,73,0.9658427861449387,0.9658427861449336,0.9556702013557138,0.9672192895784371,0.1862308472443727,0.18623084724437522,0.14808244796071887,0.2225146110462338,0.15502118714535268,0.8367423531619441,5.008102640906459e-08
crescent,36,8.869949095746213e-13,6.932756303524862e-15,6.474405978303723e-11,5.665005791986764e-08,512,44,0.09053850616843741,10.0,32,11,-1,9.999999999999998,0.0002814473491987476,2,18068,73,0.9658427861449387,0.9658427861449336,0.9556702013557138,0.9672192895784371,0.1862308472443727,0.18623084724437522,0.14808244796071887,0.2225146110462338,0.15502118714535268,0.8476261962844811,3.0336524574371655e-08
crescent,36,8.869949095746213e-13,4.47087790687287e-15,6.147381281947395e-11,5.665005791986764e-08,512,45,0.09053850616843741,10.0,32,11,-1,9.999999999999998,0.00024832569364826207,2,18292,73,0.9658427861449387,0.9658427861449336,0.9556702013557138,0.9672192895784371,0.1862308472443727,0.18623084724437522,0.14808244796071887,0.2225146110462338,0.15502118714535268,0.8581347344717583,1.9339890423049594e-08
crescent,36,8.869949095746213e-13,3.621599845670299e-15,5.773587668688973e-11,5.665005791986764e-08,512,46,0.09053850616843741,10.0,32,11,-1,9.999999999999998,0.00023135210370312087,2,18508,73,0.9658427861449387,0.9658427861449336,0.9556702013557138,0.9672192895784371,0.1862308472443727,0.18623084724437522,0.14808244796071887,0.2225146110462338,0.15502118714535268,0.8682679677237756,1.1956814946401411e-08
crescent,36,8.869949095746213e-13,3.584781524604194e-15,5.1940133172374904e-11,5.665005791986764e-08,512,47,0.09053850616843741,10.0,32,11,-1,9.999999999999998,0.00019444690998612684,2,18716,73,0.9658427861449387,0.9658427861449336,0.9556702013557138,0.9672192895784371,0.1862308472443727,0.18623084724437522,0.14808244796071887,0.2225146110462338,0.15502118714535268,0.8780258960405329,7.34311006513287e-09
crescent,36,8.869949095746213e-13,3.1202579330100624e-15,4.827091975327226e-11,5.665005791986764e-08,512,48,0.09053850616843741,10.0,32,11,-1,9.999999999999998,0.0001867722605859302,2,18916,73,0.9658427861449387,0.9658427861449336,0.9556702013557138,0.9672192895784371,0.1862308472443727,0.18623084724437522,0.14808244796071887,0.2225146110462338,0.15502118714535268,0.8874085194220304,4.547746230447769e-09
crescent,36,8.869949095746213e-13,2.4390360494308816e-15,4.1137799660186995e-11,5.665005791986764e-08,512,49,0.09053850616843741,10.0,32,11,-1,9.999999999999998,0.00015608320950332834,2,19108,73,0.9658427861449387,0.9658427861449336,0.9556702013557138,0.9672192895784371,0.1862308472443727,0.18623084724437522,0.14808244796071887,0.2225146110462338,0.15502118714535268,0.896415837868268,2.713649682941052e-09
crescent,36,8.869949095746213e-13,2.310270935823383e-15,3.809739662603901e-11,5.665005791986764e-08,512,50,0.09053850616843741,10.0,32,11,-1,9.999999999999998,0.00014726094104977147,2,19292,73,0.9658427861449387,0.9658427861449336,0.9556702013557138,0.9672192895784371,0.1862308472443727,0.18623084724437522,0.14808244796071887,0.2225146110462338,0.15502118714535268,0.9050478513792456,1.6725098638625675e-09
crescent,36,8.869949095746213e-13,2.057324043747707e-15,3.343584317521071e-11,5.665005791986764e-08,512,51,0.09053850616843741,10.0,32,11,-1,9.999999999999998,0.00012794976874172368,2,19468,73,0.9658427861449387,0.9658427861449336,0.9556702013557138,0.9672192895784371,0.1862308472443727,0.18623084724437522,0.14808244796071887,0.2225146110462338,0.15502118714535268,0.9133045599549634,9.850660469132628e-10
crescent,36,8.869949095746213e-13,2.2474869262004364e-15,3.186057293434009e-11,5.665005791986764e-08,512,52,0.09053850616843741,10.0,32,11,-1,9.999999999999998,0.00011420972428839131,2,19636,73,0.9658427861449387,0.9658427861449336,0.9556702013557138,0.9672192895784371,0.1862308472443727,0.18623084724437522,0.14808244796071887,0.2225146110462338,0.15502118714535268,0.9211859635954213,5.872528844180389e-10
crescent,36,8.869949095746213e-13,2.0044736658693335e-15,3.1513617609066136e-11,5.665005791986764e-08,512,53,0.09053850616843741,10.0,32,11,-1,9.999999999999998,0.0001050169020644845,2,19796,73,0.9658427861449387,0.9658427861449336,0.9556702013557138,0.9672192895784371,0.1862308472443727,0.18623084724437522,0.14808244796071887,0.2225146110462338,0.15502118714535268,0.9286920623006193,3.230365841426307e-10
crescent,36,8.869949095746213e-13,1.7825163348719934e-15,2.8196692271040585e-11,5.665005791986764e-08,512,54,0.09053850616843741,10.0,32,11,-1,9.999999999999998,8.858122402611992e-05,2,19948,73,0.9658427861449387,0.9658427861449336,0.9556702013557138,0.9672192895784371,0.1862308472443727,0.18623084724437522,0.14808244796071887,0.2225146110462338,0.15502118714535268,0.9358228560705574,1.6749964794458598e-10
crescent,36,8.869949095746213e-13,1.6330974626811739e-15,2.7915097652384188e-11,5.665005791986764e-08,512,55,0.09053850616843741,10.0,32,11,-1,9.999999999999998,8.454072841635326e-05,2,20092,73,0.9658427861449387,0.9658427861449336,0.9556702013557138,0.9672192895784371,0.1862308472443727,0.18623084724437522,0.14808244796071887,0.2225146110462338,0.15502118714535268,0.9425783449052355,8.164617797405358e-11
crescent,36,8.869949095746213e-13,1.467100186582229e-15,2.5242304979152468e-11,5.665005791986764e-08,512,56,0.09053850616843741,10.0,32,11,-1,9.999999999999998,6.978195310599085e-05,2,20228,73,0.9658427861449387,0.9658427861449336,0.9556702013557138,0.9672192895784371,0.1862308472443727,0.18623084724437522,0.14808244796071887,0.2225146110462338,0.15502118714535268,0.9489585288046538,4.266876137940982e-11
crescent,36,8.869949095746213e-13,1.5992058009326343e-15,2.3908669140644643e-11,5.665005791986764e-08,512,57,0.09053850616843741,10.0,32,11,-1,9.999999999999998,6.59304401361745e-05,2,20356,73,0.9658427861449387,0.9658427861449336,0.9556702013557138,0.9672192895784371,0.1862308472443727,0.18623084724437522,0.14808244796071887,0.2225146110462338,0.15502118714535268,0.9549634077688122,2.4747408048901462e-11
crescent,36,8.869949095746213e-13,1.2137711432933826e-15,1.812709441307835e-11,5.665005791986764e-08,512,58,0.09053850616843741,10.0,32,11,-1,9.999999999999998,5.5780436660868865e-05,2,20476,73,0.9658427861449387,0.9658427861449336,0.9556702013557138,0.9672192895784371,0.1862308472443727,0.18623084724437522,0.14808244796071887,0.2225146110462338,0.15502118714535268,0.9605929817977107,1.2612689935344884e-11
crescent,36,8.869949095746213e-13,1.223270454478776e-15,1.5614667056049966e-11,5.665005791986764e-08,512,59,0.09053850616843741,10.0,32,11,-1,9.999999999999998,4.961807159949499e-05,2,20588,73,0.9658427861449387,0.9658427861449336,0.9556702013557138,0.9672192895784371,0.1862308472443727,0.18623084724437522,0.14808244796071887,0.2225146110462338,0.15502118714535268,0.9658472508913493,5.0377544938990904e-12
crescent,36,8.869949095746213e-13,1.1720762264348455e-15,1.7608064041696483e-11,5.665005791986764e-08,512,60,0.09053850616843741,10.0,32,11,-1,9.999999999999998,4.427741417551181e-05,2,20692,73,0.9658427861449387,0.9658427861449336,0.9556702013557138,0.9672192895784371,0.1862308472443727,0.18623084724437522,0.14808244796071887,0.2225146110462338,0.15502118714535268,0.9707262150497279,1.41517432857667e-12
crescent,36,8.869949095746213e-13,7.114680039337275e-16,1.4095290687933625e-11,5.665005791986764e-08,512,61,0.09053850616843741,10.0,32,11,-1,9.999999999999998,3.621538807431637e-05,2,20788,73,0.9658427861449387,0.9658427861449336,0.9556702013557138,0.9672192895784371,0.1862308472443727,0.18623084724437522,0.14808244796071887,0.2225146110462338,0.15502118714535268,0.9752298742728467,1.0062612773969844e-12
crescent,36,8.869949095746213e-13,2.260751113573208e-16,1.341831588298547e-11,5.665005791986764e-08,512,62,0.09053850616843741,10.0,32,11,-1,9.999999999999998,3.385576769719959e-05,2,20876,73,0.9658427861449387,0.9658427861449336,0.9556702013557138,0.9672192895784371,0.1862308472443727,0.18623084724437522,0.14808244796071887,0.2225146110462338,0.15502118714535268,0.9793582285607055,4.457747504589789e-13
crescent,36,8.869949095746213e-13,2.282981911381296e-16,3.335088129811428e-12,5.665005791986764e-08,512,63,0.09053850616843741,10.0,32,11,-1,9.999999999999998,2.5495368400881824e-05,2,20956,73,0.9658427861449387,0.9658427861449336,0.9556702013557138,0.9672192895784371,0.1862308472443727,0.18623084724437522,0.14808244796071887,0.2225146110462338,0.15502118714535268,0.9831112779133045,5.0900103685687955e-14
crescent,36,8.869949095746213e-13,2.282981911381296e-16,6.938474656231588e-12,5.665005791986764e-08,512,64,0.09053850616843741,10.0,32,11,-1,9.999999999999998,2.4029241392773683e-05,2,21028,73,0.9658427861449387,0.9658427861449336,0.9556702013557138,0.9672192895784371,0.1862308472443727,0.18623084724437522,0.14808244796071887,0.2225146110462338,0.15502118714535268,0.9864890223306436,4.2037967824885245e-14
crescent,36,8.869949095746213e-13,2.329086134379721e-16,6.409979729275606e-13,5.665005791986764e-08,512,65,0.09053850616843741,10.0,32,11,-1,9.999999999999998,1.852693228930406e-05,2,21092,73,0.9658427861449387,0.9658427861449336,0.9556702013557138,0.9672192895784371,0.1862308472443727,0.18623084724437522,0.14808244796071887,0.2225146110462338,0.15502118714535268,0.9894914618127229,1.3462626748397221e-14
crescent,36,8.869949095746213e-13,2.386427861657421e-16,1.6329724826287348e-14,5.665005791986764e-08,512,66,0.09053850616843741,10.0,32,11,-1,9.999999999999998,1.5329825538485694e-05,2,21148,73,0.9658427861449387,0.9658427861449336,0.9556702013557138,0.9672192895784371,0.1862308472443727,0.18623084724437522,0.14808244796071887,0.2225146110462338,0.15502118714535268,0.9921185963595421,3.242005634481874e-15
crescent,36,8.869949095746213e-13,0.0,1.5853045988547709e-13,5.665005791986764e-08,512,67,0.09053850616843741,10.0,32,11,-1,9.999999999999998,1.3020408180056616e-05,2,21196,73,0.9658427861449387,0.9658427861449336,0.9556702013557138,0.9672192895784371,0.1862308472443727,0.18623084724437522,0.14808244796071887,0.2225146110462338,0.15502118714535268,0.9943704259711015,1.7092538594707197e-15
crescent,36,8.869949095746213e-13,0.0,0.0,5.665005791986764e-08,512,68,0.09053850616843741,10.0,32,11,-1,9.999999999999998,9.74795982799211e-06,2,21236,73,0.9658427861449387,0.9658427861449336,0.9556702013557138,0.9672192895784371,0.1862308472443727,0.18623084724437522,0.14808244796071887,0.2225146110462338,0.15502118714535268,0.996246950647401,3.7416961958508396e-16
crescent,36,8.869949095746213e-13,0.0,9.959947528019906e-15,5.665005791986764e-08,512,69,0.09053850616843741,10.0,32,11,-1,9.999999999999998,8.964736617766659e-06,2,21268,73,0.9658427861449387,0.9658427861449336,0.9556702013557138,0.9672192895784371,0.1862308472443727,0.18623084724437522,0.14808244796071887,0.2225146110462338,0.15502118714535268,0.9977481703884407,7.229075923710799e-16
crescent,36,8.869949095746213e-13,0.0,0.0,5.665005791986764e-08,512,70,0.09053850616843741,10.0,32,11,-1,9.999999999999998,4.255208693020343e-06,2,21292,73,0.9658427861449387,0.9658427861449336,0.9556702013557138,0.9672192895784371,0.1862308472443727,0.18623084724437522,0.14808244796071887,0.2225146110462338,0.15502118714535268,0.9988740851942203,1.0643194211853433e-16
crescent,36,8.869949095746213e-13,0.0,0.0,5.665005791986764e-08,512,71,0.09053850616843741,10.0,32,11,-1,9.999999999999998,4.109279422041329e-06,2,21308,73,0.9658427861449387,0.9658427861449336,0.9556702013557138,0.9672192895784371,0.1862308472443727,0.18623084724437522,0.14808244796071887,0.2225146110462338,0.15502118714535268,0.99962469506474,9.504522463869816e-17
crescent,36,8.869949095746213e-13,0.0,0.0,5.665005791986764e-08,512,72,0.09053850616843741,10.0,32,11,-1,9.999999999999998,0.0,2,21316,73,0.9658427861449387,0.9658427861449336,0.9556702013557138,0.9672192895784371,0.1862308472443727,0.18623084724437522,0.14808244796071887,0.2225146110462338,0.15502118714535268,1.0,0.0
crescent,81,1.8934705288100494e-14,1.0767924770649404,1.326846532841303,4.38455345093321e-07,1024,0,0.09053850616843741,30.0,53,34,111,29.999999999999993,0.8537002386574383,2,652,163,0.9847682504261258,0.984768250428671,0.986712111130114,0.982256321989561,0.1406957667064589,0.14069576672085438,0.12409003965803757,0.1559330480519245,0.12770208355845547,0.006134969325153374,1.216322177504256
crescent,81,1.8934705288100494e-14,1.044928781907232,1.5748205113971465,4.38455345093321e-07,1024,1,0.09053850616843741,30.0,53,34,111,29.999999999999993,0.8315160917350681,2,1948,163,0.9847682504261258,0.984768250428671,0.986712111130114,0.982256321989561,0.1406957667064589,0.14069576672085438,0.12409003965803757,0.1559330480519245,0.12770208355845547,0.018329632278218978,1.258004333833687
crescent,81,1.8934705288100494e-14,1.0325503598124137,1.7750835887496779,4.38455345093321e-07,1024,2,0.09053850616843741,30.0,53,34,111,29.999999999999993,0.7811846969328958,2,3236,163,0.9847682504261258,0.984768250428671,0.986712111130114,0.982256321989561,0.1406957667064589,0.14069576672085438,0.12409003965803757,0.1559330480519245,0.12770208355845547,0.030449019534043435,1.263549807809538
crescent,81,1.8934705288100494e-14,1.0159089072776206,1.7250570972233166,4.38455345093321e-07,1024,3,0.09053850616843741,30.0,53,34,111,29.999999999999993,0.7485993195563915,2,4516,163,0.9847682504261258,0.984768250428671,0.986712111130114,0.982256321989561,0.1406957667064589,0.14069576672085438,0.12409003965803757,0.1559330480519245,0.12770208355845547,0.04249313109262674,1.2360192690336436
crescent,81,1.8934705288100494e-14,1.0349695067757618,1.7536779431460092,4.38455345093321e-07,1024,4,0.09053850616843741,30.0,53,34,111,29.999999999999993,0.7137964615220462,2,5788,163,0.9847682504261258,0.984768250428671,0.986712111130114,0.982256321989561,0.1406957667064589,0.14069576672085438,0.12409003965803757,0.1559330480519245,0.12770208355845547,0.05446196695396891,1.2439803035331096
crescent,81,1.8934705288100494e-14,1.0687315776842028,1.9187564610191528,4.38455345093321e-07,1024,5,0.09053850616843741,30.0,53,34,111,29.999999999999993,0.6623505325276118,2,7052,163,0.9847682504261258,0.984768250428671,0.986712111130114,0.982256321989561,0.1406957667064589,0.14069576672085438,0.12409003965803757,0.1559330480519245,0.12770208355845547,0.06635552711806993,1.2359381747972675
crescent,81,1.8934705288100494e-14,1.0599754434621562,1.9136462242240682,4.38455345093321e-07,1024,6,0.09053850616843741,30.0,53,34,111,29.999999999999993,0.6484065022065503,2,8308,163,0.9847682504261258,0.984768250428671,0.986712111130114,0.982256321989561,0.1406957667064589,0.14069576672085438,0.12409003965803757,0.1559330480519245,0.12770208355845547,0.07817381158492981,1.2287920920125197
crescent,81,1.8934705288100494e-14,1.039735367421044,2.0612671856055242,4.38455345093321e-07,1024,7,0.09053850616843741,30.0,53,34,111,29.999999999999993,0.6173313940688107,2,9556,163,0.9847682504261258,0.984768250428671,0.986712111130114,0.982256321989561,0.1406957667064589,0.14069576672085438,0.12409003965803757,0.1559330480519245,0.12770208355845547,0.08991682035454854,1.217003516723071
crescent,81,1.8934705288100494e-14,1.0405943582464035,2.0967917372184286,4.38455345093321e-07,1024,8,0.09053850616843741,30.0,53,34,111,29.999999999999993,0.5814526538037365,2,10796,163,0.9847682504261258,0.984768250428671,0.986712111130114,0.982256321989561,0.1406957667064589,0.14069576672085438,0.12409003965803757,0.1559330480519245,0.12770208355845547,0.10158455342692611,1.1650124214971627
crescent,81,1.8934705288100494e-14,1.0685004617019649,2.010784678053833,4.38455345093321e-07,1024,9,0.09053850616843741,30.0,53,34,111,29.999999999999993,0.553936445347239,2,12028,163,0.9847682504261258,0.984768250428671,0.986712111130114,0.982256321989561,0.1406957667064589,0.14069576672085438,0.12409003965803757,0.1559330480519245,0.12770208355845547,0.11317701080206255,1.1597832331478821
crescent,81,1.8934705288100494e-14,1.0299058754789292,2.133339885376511,4.38455345093321e-07,1024,10,0.09053850616843741,30.0,53,34,111,29.999999999999993,0.5149152473361794,2,13252,163,0.9847682504261258,0.984768250428671,0.986712111130114,0.982256321989561,0.1406957667064589,0.14069576672085438,0.12409003965803757,0.1559330480519245,0.12770208355845547,0.12469419247995785,1.1230909415986152
crescent,81,1.8934705288100494e-14,1.0080768076014888,2.0009029957694,4.38455345093321e-07,1024,11,0.09053850616843741,30.0,53,34,111,29.999999999999993,0.49997871521537196,2,14468,163,0.9847682504261258,0.984768250428671,0.986712111130114,0.982256321989561,0.1406957667064589,0.14069576672085438,0.12409003965803757,0.1559330480519245,0.12770208355845547,0.136136098460612,1.1137875604260357
crescent,81,1.8934705288100494e-14,0.9579641922193499,2.0023985373553965,4.38455345093321e-07,1024,12,0.09053850616843741,30.0,53,34,111,29.999999999999993,0.4669236393485568,2,15676,163,0.9847682504261258,0.984768250428671,0.986712111130114,0.982256321989561,0.1406957667064589,0.14069576672085438,0.12409003965803757,0.1559330480519245,0.12770208355845547,0.14750272874402498,1.04512368561734
crescent,81,1.8934705288100494e-14,0.9393075936575798,2.0266322658564695,4.38455345093321e-07,1024,13,0.09053850616843741,30.0,53,34,111,29.999999999999993,0.44059332791501504,2,16876,163,0.9847682504261258,0.984768250428671,0.986712111130114,0.982256321989561,0.1406957667064589,0.14069576672085438,0.12409003965803757,0.1559330480519245,0.12770208355845547,0.15879408333019684,0.9815261314593889
crescent,81,1.8934705288100494e-14,0.8486802301294202,1.798420653047754,4.38455345093321e-07,1024,14,0.09053850616843741,30.0,53,34,111,29.999999999999993,0.4083257417307672,2,18068,163,0.9847682504261258,0.984768250428671,0.986712111130114,0.982256321989561,0.1406957667064589,0.14069576672085438,0.12409003965803757,0.1559330480519245,0.12770208355845547,0.17001016221912754,0.9392546274505695
crescent,81,1.8934705288100494e-14,0.8101765876020444,1.6578141186044575,4.38455345093321e-07,1024,15,0.09053850616843741,30.0,53,34,111,29.999999999999993,0.3900776737148261,2,19252,163,0.9847682504261258,0.984768250428671,0.986712111130114,0.982256321989561,0.1406957667064589,0.14069576672085438,0.12409003965803757,0.1559330480519245,0.12770208355845547,0.18115096541081713,0.8982745599022941
crescent,81,1.8934705288100494e-14,0.802064048273194,1.6011328099964244,4.38455345093321e-07,1024,16,0.09053850616843741,30.0,53,34,111,29.999999999999993,0.36963999306220824,2,20428,163,0.9847682504261258,0.984768250428671,0.986712111130114,0.982256321989561,0.1406957667064589,0.14069576672085438,0.12409003965803757,0.1559330480519245,0.12770208355845547,0.19221649290526555,0.8886886476660836
crescent,81,1.8934705288100494e-14,0.6875634369536586,1.5241867250957515,4.38455345093321e-07,1024,17,0.09053850616843741,30.0,53,34,111,29.999999999999993,0.3296803056423525,2,21596,163,0.9847682504261258,0.984768250428671,0.986712111130114,0.982256321989561,0.1406957667064589,0.14069576672085438,0.12409003965803757,0.1559330480519245,0.12770208355845547,0.2032067447024728,0.8121893110008757
crescent,81,1.8934705288100494e-14,0.6642656210587355,1.4724934094287456,4.38455345093321e-07,1024,18,0.09053850616843741,30.0,53,34,111,29.999999999999993,0.3217887438622181,2,22756,163,0.9847682504261258,0.984768250428671,0.986712111130114,0.982256321989561,0.1406957667064589,0.14069576672085438,0.12409003965803757,0.1559330480519245,0.12770208355845547,0.21412172080243894,0.7917425198107698
crescent,81,1.8934705288100494e-14,0.5938303911545857,1.3521244308139235,4.38455345093321e-07,1024,19,0.09053850616843741,30.0,53,34,111,29.999999999999993,0.28704891985764047,2,23908,163,0.9847682504261258,0.984768250428671,0.986712111130114,0.982256321989561,0.1406957667064589,0.14069576672085438,0.12409003965803757,0.1559330480519245,0.12770208355845547,0.2249614212051639,0.7346319043624101
crescent,81,1.8934705288100494e-14,0.5714131584182472,1.2802317269453989,4.38455345093321e-07,1024,20,0.09053850616843741,30.0,53,34,111,29.999999999999993,0.269841292467156,2,25052,163,0.9847682504261258,0.984768250428671,0.986712111130114,0.982256321989561,0.1406957667064589,0.14069576672085438,0.12409003965803757,0.1559330480519245,0.12770208355845547,0.23572584591064774,0.6901482166991534
crescent,81,1.8934705288100494e-14,0.5422984418717013,1.1816706265922876,4.38455345093321e-07,1024,21,0.09053850616843741,30.0,53,34,111,29.999999999999993,0.2497359464618349,2,26188,163,0.9847682504261258,0.984768250428671,0.986712111130114,0.982256321989561,0.1406957667064589,0.14069576672085438,0.12409003965803757,0.1559330480519245,0.12770208355845547,0.24641499491889043,0.6666203460507116
crescent,81,1.8934705288100494e-14,0.4823225517802438,1.033146648620908,4.38455345093321e-07,1024,22,0.09053850616843741,30.0,53,34,111,29.999999999999993,0.21940989890908125,2,27316,163,0.9847682504261258,0.984768250428671,0.986712111130114,0.982256321989561,0.1406957667064589,0.14069576672085438,0.12409003965803757,0.1559330480519245,0.12770208355845547,0.25702886822989196,0.5856713206335806
crescent,81,1.8934705288100494e-14,0.45843937589201283,0.92860138590702,4.38455345093321e-07,1024,23,0.09053850616843741,30.0,53,34,111,29.999999999999993,0.20880994529068747,2,28436,163,0.9847682504261258,0.984768250428671,0.986712111130114,0.982256321989561,0.1406957667064589,0.14069576672085438,0.12409003965803757,0.1559330480519245,0.12770208355845547,0.2675674658436524,0.5506986080908884
crescent,81,1.8934705288100494e-14,0.4105565344510498,0.8399670041293413,4.38455345093321e-07,1024,24,0.09053850616843741,30.0,53,34,111,29.999999999999993,0.1779260476862111,2,29548,163,0.9847682504261258,0.984768250428671,0.986712111130114,0.982256321989561,0.1406957667064589,0.14069576672085438,0.12409003965803757,0.1559330480519245,0.12770208355845547,0.27803078776017165,0.4649521580326891
crescent,81,1.8934705288100494e-14,0.3859229543751149,0.7300740509202561,4.38455345093321e-07,1024,25,0.09053850616843741,30.0,53,34,111,29.999999999999993,0.16658057133535173,2,30652,163,0.9847682504261258,0.984768250428671,0.986712111130114,0.982256321989561,0.1406957667064589,0.14069576672085438,0.12409003965803757,0.1559330480519245,0.12770208355845547,0.28841883397944973,0.4317594309435367
crescent,81,1.8934705288100494e-14,0.3437304871963194,0.64518294595208,4.38455345093321e-07,1024,26,0.09053850616843741,30.0,53,34,111,29.999999999999993,0.14150711232644417,2,31748,163,0.9847682504261258,0.984768250428671,0.986712111130114,0.982256321989561,0.1406957667064589,0.14069576672085438,0.12409003965803757,0.1559330480519245,0.12770208355845547,0.29873160450148667,0.36668760211393336
crescent,81,1.8934705288100494e-14,0.31014480804378763,0.5593175075174793,4.38455345093321e-07,1024,27,0.09053850616843741,30.0,53,34,111,29.999999999999993,0.12191204755929248,2,32836,163,0.9847682504261258,0.984768250428671,0.986712111130114,0.982256321989561,0.1406957667064589,0.14069576672085438,0.12409003965803757,0.1559330480519245,0.12770208355845547,0.3089690993262825,0.31462957171234485
crescent,81,1.8934705288100494e-14,0.2825575645658622,0.5254498643137032,4.38455345093321e-07,1024,28,0.09053850616843741,30.0,53,34,111,29.999999999999993,0.11102913802491371,2,33916,163,0.9847682504261258,0.984768250428671,0.986712111130114,0.982256321989561,0.1406957667064589,0.14069576672085438,0.12409003965803757,0.1559330480519245,0.12770208355845547,0.3191313184538372,0.2750027496340046
crescent,81,1.8934705288100494e-14,0.21365797793605357,0.45292215855518236,4.38455345093321e-07,1024,29,0.09053850616843741,30.0,53,34,111,29.999999999999993,0.08669248397377516,2,34988,163,0.9847682504261258,0.984768250428671,0.986712111130114,0.982256321989561,0.1406957667064589,0.14069576672085438,0.12409003965803757,0.1559330480519245,0.12770208355845547,0.3292182618841507,0.20196994118126316
crescent,81,1.8934705288100494e-14,0.1754731708793361,0.38901652485565164,4.38455345093321e-07,1024,30,0.09053850616843741,30.0,53,34,111,29.999999999999993,0.07823440972411823,2,36052,163,0.9847682504261258,0.984768250428671,0.986712111130114,0.982256321989561,0.1406957667064589,0.14069576672085438,0.12409003965803757,0.1559330480519245,0.12770208355845547,0.3392299296172231,0.16625378714418967
crescent,81,1.8934705288100494e-14,0.12832548594004678,0.3197084942564997,4.38455345093321e-07,1024,31,0.09053850616843741,30.0,53,34,111,29.999999999999993,0.061229721318330876,2,37108,163,0.9847682504261258,0.984768250428671,0.986712111130114,0.982256321989561,0.1406957667064589,0.14069576672085438,0.12409003965803757,0.1559330480519245,0.12770208355845547,0.34916632165305433,0.11947787481484164
crescent,81,1.8934705288100494e-14,0.09220613560623334,0.237324393532027,4.38455345093321e-07,1024,32,0.09053850616843741,30.0,53,34,111,29.999999999999993,0.05237663149010687,2,38156,163,0.9847682504261258,0.984768250428671,0.986712111130114,0.982256321989561,0.1406957667064589,0.14069576672085438,0.12409003965803757,0.1559330480519245,0.12770208355845547,0.3590274379916444,0.08722661636011793
crescent,81,1.8934705288100494e-14,0.06213748449820664,0.1825349340134685,4.38455345093321e-07,1024,33,0.09053850616843741,30.0,53,34,111,29.999999999999993,0.041149555256841726,2,39196,163,0.9847682504261258,0.984768250428671,0.986712111130114,0.982256321989561,0.1406957667064589,0.14069576672085438,0.12409003965803757,0.1559330480519245,0.12770208355845547,0.36881327863299335,0.06158303240716659
crescent,81,1.8934705288100494e-14,0.03979122717814079,0.1272297468339178,4.38455345093321e-07,1024,34,0.09053850616843741,30.0,53,34,111,29.999999999999993,0.03255624165594382,2,40228,163,0.9847682504261258,0.984768250428671,0.986712111130114,0.982256321989561,0.1406957667064589,0.14069576672085438,0.12409003965803757,0.1559330480519245,0.12770208355845547,0.3785238435771011,0.04152733707249821
crescent,81,1.8934705288100494e-14,0.02772814672862141,0.09243460419498906,4.38455345093321e-07,1024,35,0.09053850616843741,30.0,53,34,111,29.999999999999993,0.027175793335539784,2,41252,163,0.9847682504261258,0.984768250428671,0.986712111130114,0.982256321989561,0.1406957667064589,0.14069576672085438,0.12409003965803757,0.1559330480519245,0.12770208355845547,0.3881591328239678,0.031803185777249804
crescent,81,1.8934705288100494e-14,0.016730323173838487,0.06069975972184886,4.38455345093321e-07,1024,36,0.09053850616843741,30.0,53,34,111,29.999999999999993,0.019441898244070863,2,42268,163,0.9847682504261258,0.984768250428671,0.986712111130114,0.982256321989561,0.1406957667064589,0.14069576672085438,0.12409003965803757,0.1559330480519245,0.12770208355845547,0.3977191463735933,0.019525251102532237
crescent,81,1.8934705288100494e-14,0.011373912043893855,0.040966456370860105,4.38455345093321e-07,1024,37,0.09053850616843741,30.0,53,34,111,29.999999999999993,0.016661081222801976,2,43276,163,0.9847682504261258,0.984768250428671,0.986712111130114,0.982256321989561,0.1406957667064589,0.14069576672085438,0.12409003965803757,0.1559330480519245,0.12770208355845547,0.40720388422597764,0.015185900645440162
crescent,81,1.8934705288100494e-14,0.0076790459363103285,0.028040081109480076,4.38455345093321e-07,1024,38,0.09053850616843741,30.0,53,34,111,29.999999999999993,0.011738957017086004,2,44276,163,0.9847682504261258,0.984768250428671,0.986712111130114,0.982256321989561,0.1406957667064589,0.14069576672085438,0.12409003965803757,0.1559330480519245,0.12770208355845547,0.41661334638112085,0.01032724801321255
crescent,81,1.8934705288100494e-14,0.003802976457143974,0.016023854648924397,4.38455345093321e-07,1024,39,0.09053850616843741,30.0,53,34,111,29.999999999999993,0.009745078725081175,2,45268,163,0.9847682504261258,0.984768250428671,0.986712111130114,0.982256321989561,0.1406957667064589,0.14069576672085438,0.12409003965803757,0.1559330480519245,0.12770208355845547,0.4259475328390229,0.0070045720578847705
crescent,81,1.8934705288100494e-14,0.0036213295003785675,0.013578145473014181,4.38455345093321e-07,1024,40,0.09053850616843741,30.0,53,34,111,29.999999999999993,0.007132783687234822,2,46252,163,0.9847682504261258,0.984768250428671,0.986712111130114,0.982256321989561,0.1406957667064589,0.14069576672085438,0.12409003965803757,0.1559330480519245,0.12770208355845547,0.43520644359968386,0.0055534211072096286
crescent,81,1.8934705288100494e-14,0.0015348625805559782,0.007373099155958547,4.38455345093321e-07,1024,41,0.09053850616843741,30.0,53,34,111,29.999999999999993,0.005549584469639051,2,47228,163,0.9847682504261258,0.984768250428671,0.986712111130114,0.982256321989561,0.1406957667064589,0.14069576672085438,0.12409003965803757,0.1559330480519245,0.12770208355845547,0.4443900786631036,0.003072334514848685
crescent,81,1.8934705288100494e-14,0.001689310593178442,0.006094489057750445,4.38455345093321e-07,1024,42,0.09053850616843741,30.0,53,34,111,29.999999999999993,0.004465787925711375,2,48196,163,0.9847682504261258,0.984768250428671,0.986712111130114,0.982256321989561,0.1406957667064589,0.14069576672085438,0.12409003965803757,0.1559330480519245,0.12770208355845547,0.45349843802928225,0.0029163714962869326
crescent,81,1.8934705288100494e-14,0.0006596066136824338,0.003337493365975871,4.38455345093321e-07,1024,43,0.09053850616843741,30.0,53,34,111,29.999999999999993,0.0032268947162824644,2,49156,163,0.9847682504261258,0.984768250428671,0.986712111130114,0.982256321989561,0.1406957667064589,0.14069576672085438,0.12409003965803757,0.1559330480519245,0.12770208355845547,0.4625315216982197,0.0013582892211143993
crescent,81,1.8934705288100494e-14,0.0006172761349638841,0.002326533312251032,4.38455345093321e-07,1024,44,0.09053850616843741,30.0,53,34,111,29.999999999999993,0.0028408056011796894,2,50108,163,0.9847682504261258,0.984768250428671,0.986712111130114,0.982256321989561,0.1406957667064589,0.14069576672085438,0.12409003965803757,0.1559330480519245,0.12770208355845547,0.4714893296699161,0.0014051660260201038
crescent,81,1.8934705288100494e-14,0.0003445217874992991,0.0016226994291069364,4.38455345093321e-07,1024,45,0.09053850616843741,30.0,53,34,111,29.999999999999993,0.0020513260371274886,2,51052,163,0.9847682504261258,0.984768250428671,0.986712111130114,0.982256321989561,0.1406957667064589,0.14069576672085438,0.12409003965803757,0.1559330480519245,0.12770208355845547,0.48037186194437126,0.0007036867757206008
crescent,81,1.8934705288100494e-14,0.00018111843065237942,0.0007401115312188163,4.38455345093321e-07,1024,46,0.09053850616843741,30.0,53,34,111,29.999999999999993,0.0018396816003887905,2,51988,163,0.9847682504261258,0.984768250428671,0.986712111130114,0.982256321989561,0.1406957667064589,0.14069576672085438,0.12409003965803757,0.1559330480519245,0.12770208355845547,0.4891791185215853,0.0006157329326248113
crescent,81,1.8934705288100494e-14,0.00014904123119155636,0.0006783508094203514,4.38455345093321e-07,1024,47,0.09053850616843741,30.0,53,34,111,29.999999999999993,0.0014228417828865815,2,52916,163,0.9847682504261258,0.984768250428671,0.986712111130114,0.982256321989561,0.1406957667064589,0.14069576672085438,0.12409003965803757,0.1559330480519245,0.12770208355845547,0.4979110994015582,0.0004120995590795456
crescent,81,1.8934705288100494e-14,4.1822506173096026e-05,0.0002196921860321165,4.38455345093321e-07,1024,48,0.09053850616843741,30.0,53,34,111,29.999999999999993,0.0012315324450828371,2,53836,163,0.9847682504261258,0.984768250428671,0.986712111130114,0.982256321989561,0.1406957667064589,0.14069576672085438,0.12409003965803757,0.1559330480519245,0.12770208355845547,0.50656780458429,0.0002486757632945729
crescent,81,1.8934705288100494e-14,5.304725781512053e-05,0.00024120620052968815,4.38455345093321e-07,1024,49,0.09053850616843741,30.0,53,34,111,29.999999999999993,0.0010336743136430706,2,54748,163,0.9847682504261258,0.984768250428671,0.986712111130114,0.982256321989561,0.1406957667064589,0.14069576672085438,0.12409003965803757,0.1559330480519245,0.12770208355845547,0.5151492340697805,0.0002401236946893851
crescent,81,1.8934705288100494e-14,1.3318374149025733e-05,8.4206942069471e-05,4.38455345093321e-07,1024,50,0.09053850616843741,30.0,53,34,111,29.999999999999993,0.0008557127226417755,2,55652,163,0.9847682504261258,0.984768250428671,0.986712111130114,0.982256321989561,0.1406957667064589,0.14069576672085438,0.12409003965803757,0.1559330480519245,0.12770208355845547,0.52365538785803,0.0001032302149000616
crescent,81,1.8934705288100494e-14,1.5012080461417461e-05,7.096306049724876e-05,4.38455345093321e-07,1024,51,0.09053850616843741,30.0,53,34,111,29.999999999999993,0.0007649906150065645,2,56548,163,0.9847682504261258,0.984768250428671,0.986712111130114,0.982256321989561,0.1406957667064589,0.14069576672085438,0.12409003965803757,0.1559330480519245,0.12770208355845547,0.5320862659490384,0.00012955081153974895
crescent,81,1.8934705288100494e-14,6.692000280086775e-06,3.8229806535860704e-05,4.38455345093321e-07,1024,52,0.09053850616843741,30.0,53,34,111,29.999999999999993,0.0006173637827691979,2,57436,163,0.9847682504261258,0.984768250428671,0.986712111130114,0.982256321989561,0.1406957667064589,0.14069576672085438,0.12409003965803757,0.1559330480519245,0.12770208355845547,0.5404418683428055,5.759233011055449e-05
crescent,81,1.8934705288100494e-14,3.131819553036327e-06,1.655508630156894e-05,4.38455345093321e-07,1024,53,0.09053850616843741,30.0,53,34,111,29.999999999999993,0.0005688356063163802,2,58316,163,0.9847682504261258,0.984768250428671,0.986712111130114,0.982256321989561,0.1406957667064589,0.14069576672085438,0.12409003965803757,0.1559330480519245,0.12770208355845547,0.5487221950393315,6.380510539008634e-05
crescent,81,1.8934705288100494e-14,2.6784905827612118e-06,1.5073334413181347e-05,4.38455345093321e-07,1024,54,0.09053850616843741,30.0,53,34,111,29.999999999999993,0.00046167975865786087,2,59188,163,0.9847682504261258,0.984768250428671,0.986712111130114,0.982256321989561,0.1406957667064589,0.14069576672085438,0.12409003965803757,0.1559330480519245,0.12770208355845547,0.5569272460386164,3.8453993526514286e-05
crescent,81,1.8934705288100494e-14,4.808498240452249e-07,3.777395915002303e-06,4.38455345093321e-07,1024,55,0.09053850616843741,30.0,53,34,111,29.999999999999993,0.0004230646740613476,2,60052,163,0.9847682504261258,0.984768250428671,0.986712111130114,0.982256321989561,0.1406957667064589,0.14069576672085438,0.12409003965803757,0.1559330480519245,0.12770208355845547,0.5650570213406602,2.937821598097756e-05
crescent,81,1.8934705288100494e-14,8.172205026976314e-07,4.831290763175574e-06,4.38455345093321e-07,1024,56,0.09053850616843741,30.0,53,34,111,29.999999999999993,0.00035554535931782275,2,60908,163,0.9847682504261258,0.984768250428671,0.986712111130114,0.982256321989561,0.1406957667064589,0.14069576672085438,0.12409003965803757,0.1559330480519245,0.12770208355845547,0.5731115209454628,2.4324962806625326e-05
crescent,81,1.8934705288100494e-14,2.3176860815380358e-07,1.6756775479992059e-06,4.38455345093321e-07,1024,57,0.09053850616843741,30.0,53,34,111,29.999999999999993,0.0003152052692395188,2,61756,163,0.9847682504261258,0.984768250428671,0.986712111130114,0.982256321989561,0.1406957667064589,0.14069576672085438,0.12409003965803757,0.1559330480519245,0.12770208355845547,0.5810907448530243,1.3754576297200147e-05
crescent,81,1.8934705288100494e-14,1.8865303809676213e-07,1.234913481799544e-06,4.38455345093321e-07,1024,58,0.09053850616843741,30.0,53,34,111,29.999999999999993,0.0002784332949626566,2,62596,163,0.9847682504261258,0.984768250428671,0.986712111130114,0.982256321989561,0.1406957667064589,0.14069576672085438,0.12409003965803757,0.1559330480519245,0.12770208355845547,0.5889946930633445,1.4050370897808268e-05
crescent,81,1.8934705288100494e-14,1.0813195455712071e-07,7.391598101843165e-07,4.38455345093321e-07,1024,59,0.09053850616843741,30.0,53,34,111,29.999999999999993,0.00023703444990419943,2,63428,163,0.9847682504261258,0.984768250428671,0.986712111130114,0.982256321989561,0.1406957667064589,0.14069576672085438,0.12409003965803757,0.1559330480519245,0.12770208355845547,0.5968233655764237,7.334958726590826e-06
crescent,81,1.8934705288100494e-14,3.07665699746546e-08,2.560446034288917e-07,4.38455345093321e-07,1024,60,0.09053850616843741,30.0,53,34,111,29.999999999999993,0.0002185419496740349,2,64252,163,0.9847682504261258,0.984768250428671,0.986712111130114,0.982256321989561,0.1406957667064589,0.14069576672085438,0.12409003965803757,0.1559330480519245,0.12770208355845547,0.6045767623922617,7.535465785305187e-06
crescent,81,1.8934705288100494e-14,3.516592482567208e-08,2.502828785105552e-07,4.38455345093321e-07,1024,61,0.09053850616843741,30.0,53,34,111,29.999999999999993,0.00018185332314354512,2,65068,163,0.9847682504261258,0.984768250428671,0.986712111130114,0.982256321989561,0.1406957667064589,0.14069576672085438,0.12409003965803757,0.1559330480519245,0.12770208355845547,0.6122548835108585,4.400063855119228e-06
crescent,81,1.8934705288100494e-14,6.936950838827696e-09,6.83481527392329e-08,4.38455345093321e-07,1024,62,0.09053850616843741,30.0,53,34,111,29.999999999999993,0.0001701321371941373,2,65876,163,0.9847682504261258,0.984768250428671,0.986712111130114,0.982256321989561,0.1406957667064589,0.14069576672085438,0.12409003965803757,0.1559330480519245,0.12770208355845547,0.6198577289322142,3.842242409902404e-06
crescent,81,1.8934705288100494e-14,8.630130329576945e-09,6.644360963801791e-08,4.38455345093321e-07,1024,63,0.09053850616843741,30.0,53,34,111,29.999999999999993,0.00014308136202885533,2,66676,163,0.9847682504261258,0.984768250428671,0.986712111130114,0.982256321989561,0.1406957667064589,0.14069576672085438,0.12409003965803757,0.1559330480519245,0.12770208355845547,0.6273852986563287,2.668150280062971e-06
crescent,81,1.8934705288100494e-14,3.326035705228204e-09,2.7931454923550532e-08,4.38455345093321e-07,1024,64,0.09053850616843741,30.0,53,34,111,29.999999999999993,0.00013110560975121627,2,67468,163,0.9847682504261258,0.984768250428671,0.986712111130114,0.982256321989561,0.1406957667064589,0.14069576672085438,0.12409003965803757,0.1559330480519245,0.12770208355845547,0.6348375926832023,1.927241102860557e-06
crescent,81,1.8934705288100494e-14,1.5714656354596945e-09,1.3867315948709208e-08,4.38455345093321e-07,1024,65,0.09053850616843741,30.0,53,34,111,29.999999999999993,0.00011466052786022846,2,68252,163,0.9847682504261258,0.984768250428671,0.986712111130114,0.982256321989561,0.1406957667064589,0.14069576672085438,0.12409003965803757,0.1559330480519245,0.12770208355845547,0.6422146110128345,1.5427983182795896e-06
crescent,81,1.8934705288100494e-14,1.1457605521237723e-09,9.6893418277365e-09,4.38455345093321e-07,1024,66,0.09053850616843741,30.0,53,34,111,29.999999999999993,0.00010073010830355866,2,69028,163,0.9847682504261258,0.984768250428671,0.986712111130114,0.982256321989561,0.1406957667064589,0.14069576672085438,0.12409003965803757,0.1559330480519245,0.12770208355845547,0.6495163536452256,9.88377362295887e-07
crescent,81,1.8934705288100494e-14,2.3282977486861796e-10,2.637291350403673e-09,4.38455345093321e-07,1024,67,0.09053850616843741,30.0,53,34,111,29.999999999999993,9.222852249471237e-05,2,69796,163,0.9847682504261258,0.984768250428671,0.986712111130114,0.982256321989561,0.1406957667064589,0.14069576672085438,0.12409003965803757,0.1559330480519245,0.12770208355845547,0.6567428205803756,8.430738530152375e-07
crescent,81,1.8934705288100494e-14,2.92712361282064e-10,2.625134583113138e-09,4.38455345093321e-07,1024,68,0.09053850616843741,30.0,53,34,111,29.999999999999993,7.8188760658472e-05,2,70556,163,0.9847682504261258,0.984768250428671,0.986712111130114,0.982256321989561,0.1406957667064589,0.14069576672085438,0.12409003965803757,0.1559330480519245,0.12770208355845547,0.6638940118182844,5.270503905763945e-07
crescent,81,1.8934705288100494e-14,7.82505328565108e-11,8.268079906788607e-10,4.38455345093321e-07,1024,69,0.09053850616843741,30.0,53,34,111,29.999999999999993,7.350993898891064e-05,2,71308,163,0.9847682504261258,0.984768250428671,0.986712111130114,0.982256321989561,0.1406957667064589,0.14069576672085438,0.12409003965803757,0.1559330480519245,0.12770208355845547,0.6709699273589521,4.393791620952712e-07
crescent,81,1.8934705288100494e-14,5.679624735795954e-11,5.668586561925755e-10,4.38455345093321e-07,1024,70,0.09053850616843741,30.0,53,34,111,29.999999999999993,6.197836676113892e-05,2,72052,163,0.9847682504261258,0.984768250428671,0.986712111130114,0.982256321989561,0.1406957667064589,0.14069576672085438,0.12409003965803757,0.1559330480519245,0.12770208355845547,0.6779705672023787,2.873474563227995e-07
crescent,81,1.8934705288100494e-14,2.8456903099833352e-11,2.989148094721544e-10,4.38455345093321e-07,1024,71,0.09053850616843741,30.0,53,34,111,29.999999999999993,5.777538218542287e-05,2,72788,163,0.9847682504261258,0.984768250428671,0.986712111130114,0.982256321989561,0.1406957667064589,0.14069576672085438,0.12409003965803757,0.1559330480519245,0.12770208355845547,0.6848959313485641,2.2177759416571384e-07
crescent,81,1.8934705288100494e-14,8.047019753252882e-12,1.2750129348624294e-10,4.38455345093321e-07,1024,72,0.09053850616843741,30.0,53,34,111,29.999999999999993,5.011629404397172e-05,2,73516,163,0.9847682504261258,0.984768250428671,0.986712111130114,0.982256321989561,0.1406957667064589,0.14069576672085438,0.12409003965803757,0.1559330480519245,0.12770208355845547,0.6917460197975084,1.5564946337807978e-07
crescent,81,1.8934705288100494e-14,7.667024283030019e-12,1.178313970773897e-10,4.38455345093321e-07,1024,73,0.09053850616843741,30.0,53,34,111,29.999999999999993,4.4995921235649246e-05,2,74236,163,0.9847682504261258,0.984768250428671,0.986712111130114,0.982256321989561,0.1406957667064589,0.14069576672085438,0.12409003965803757,0.1559330480519245,0.12770208355845547,0.6985208325492115,1.1040968538396208e-07
crescent,81,1.8934705288100494e-14,1.4014311905391107e-12,8.72590511912938e-11,4.38455345093321e-07,1024,74,0.09053850616843741,30.0,53,34,111,29.999999999999993,4.082386081606963e-05,2,74948,163,0.9847682504261258,0.984768250428671,0.986712111130114,0.982256321989561,0.1406957667064589,0.14069576672085438,0.12409003965803757,0.1559330480519245,0.12770208355845547,0.7052203696036734,8.217311760642303e-08
crescent,81,1.8934705288100494e-14,1.5879460433915546e-12,8.349402020366781e-11,4.38455345093321e-07,1024,75,0.09053850616843741,30.0,53,34,111,29.999999999999993,3.5168358902570863e-05,2,75652,163,0.9847682504261258,0.984768250428671,0.986712111130114,0.982256321989561,0.1406957667064589,0.14069576672085438,0.12409003965803757,0.1559330480519245,0.12770208355845547,0.7118446309608942,5.507547929291911e-08
crescent,81,1.8934705288100494e-14,5.305762789246698e-13,8.157441539868909e-11,4.38455345093321e-07,1024,76,0.09053850616843741,30.0,53,34,111,29.999999999999993,3.302164840699847e-05,2,76348,163,0.9847682504261258,0.984768250428671,0.986712111130114,0.982256321989561,0.1406957667064589,0.14069576672085438,0.12409003965803757,0.1559330480519245,0.12770208355845547,0.718393616620874,4.201125981358891e-08
crescent,81,1.8934705288100494e-14,2.4606540570011483e-13,8.314013988484291e-11,4.38455345093321e-07,1024,77,0.09053850616843741,30.0,53,34,111,29.999999999999993,2.795726512913863e-05,2,77036,163,0.9847682504261258,0.984768250428671,0.986712111130114,0.982256321989561,0.1406957667064589,0.14069576672085438,0.12409003965803757,0.1559330480519245,0.12770208355845547,0.7248673265836125,2.7698594126782695e-08
crescent,81,1.8934705288100494e-14,1.5703242708188746e-13,7.818063513639745e-11,4.38455345093321e-07,1024,78,0.09053850616843741,30.0,53,34,111,29.999999999999993,2.6318885144102102e-05,2,77716,163,0.9847682504261258,0.984768250428671,0.986712111130114,0.982256321989561,0.1406957667064589,0.14069576672085438,0.12409003965803757,0.1559330480519245,0.12770208355845547,0.7312657608491099,2.0851799433601174e-08
crescent,81,1.8934705288100494e-14,3.103234169722318e-14,8.169600292153063e-11,4.38455345093321e-07,1024,79,0.09053850616843741,30.0,53,34,111,29.999999999999993,2.2686843987478022e-05,2,78388,163,0.9847682504261258,0.984768250428671,0.986712111130114,0.982256321989561,0.1406957667064589,0.14069576672085438,0.12409003965803757,0.1559330480519245,0.12770208355845547,0.7375889194173662,1.3970319467853567e-08
crescent,81,1.8934705288100494e-14,3.817415570275323e-14,7.571962400058952e-11,4.38455345093321e-07,1024,80,0.09053850616843741,30.0,53,34,111,29.999999999999993,2.0711991388921567e-05,2,79052,163,0.9847682504261258,0.984768250428671,0.986712111130114,0.982256321989561,0.1406957667064589,0.14069576672085438,0.12409003965803757,0.1559330480519245,0.12770208355845547,0.7438368022883812,1.0124279455316143e-08
crescent,81,1.8934705288100494e-14,1.537834106724234e-14,7.616621825774582e-11,4.38455345093321e-07,1024,81,0.09053850616843741,30.0,53,34,111,29.999999999999993,1.861269149752322e-05,2,79708,163,0.9847682504261258,0.984768250428671,0.986712111130114,0.982256321989561,0.1406957667064589,0.14069576672085438,0.12409003965803757,0.1559330480519245,0.12770208355845547,0.7500094094621551,6.9915431682997976e-09
crescent,81,1.8934705288100494e-14,1.5103569490860722e-14,7.43820825175988e-11,4.38455345093321e-07,1024,82,0.09053850616843741,30.0,53,34,111,29.999999999999993,1.627321761028487e-05,2,80356,163,0.9847682504261258,0.984768250428671,0.986712111130114,0.982256321989561,0.1406957667064589,0.14069576672085438,0.12409003965803757,0.1559330480519245,0.12770208355845547,0.7561067409386879,4.854350531216089e-09
crescent,81,1.8934705288100494e-14,1.3380424872955022e-14,7.773088009444415e-11,4.38455345093321e-07,1024,83,0.09053850616843741,30.0,53,34,111,29.999999999999993,1.5210179248487101e-05,2,80996,163,0.9847682504261258,0.984768250428671,0.986712111130114,0.982256321989561,0.1406957667064589,0.14069576672085438,0.12409003965803757,0.1559330480519245,0.12770208355845547,0.7621287967179796,3.440996166756549e-09
crescent,81,1.8934705288100494e-14,1.30731502636737e-14,7.085733716387927e-11,4.38455345093321e-07,1024,84,0.09053850616843741,30.0,53,34,111,29.999999999999993,1.2950915451437845e-05,2,81628,163,0.9847682504261258,0.984768250428671,0.986712111130114,0.982256321989561,0.1406957667064589,0.14069576672085438,0.12409003965803757,0.1559330480519245,0.12770208355845547,0.7680755768000301,2.3167752260231447e-09
crescent,81,1.8934705288100494e-14,1.2741698902104704e-14,7.292972987129569e-11,4.38455345093321e-07,1024,85,0.09053850616843741,30.0,53,34,111,29.999999999999993,1.2255453445116018e-05,2,82252,163,0.9847682504261258,0.984768250428671,0.986712111130114,0.982256321989561,0.1406957667064589,0.14069576672085438,0.12409003965803757,0.1559330480519245,0.12770208355845547,0.7739470811848395,1.6587177196549753e-09
crescent,81,1.8934705288100494e-14,1.3150033771332753e-14,6.688010265592071e-11,4.38455345093321e-07,1024,86,0.09053850616843741,30.0,53,34,111,29.999999999999993,1.05177207999984e-05,2,82868,163,0.9847682504261258,0.984768250428671,0.986712111130114,0.982256321989561,0.1406957667064589,0.14069576672085438,0.12409003965803757,0.1559330480519245,0.12770208355845547,0.7797433098724077,1.1042324889495763e-09
crescent,81,1.8934705288100494e-14,1.3081899056531106e-14,6.414217772599048e-11,4.38455345093321e-07,1024,87,0.09053850616843741,30.0,53,34,111,29.999999999999993,9.729585076823908e-06,2,83476,163,0.9847682504261258,0.984768250428671,0.986712111130114,0.982256321989561,0.1406957667064589,0.14069576672085438,0.12409003965803757,0.1559330480519245,0.12770208355845547,0.7854642628627347,7.837481213033372e-10
crescent,81,1.8934705288100494e-14,1.1931789211859578e-14,6.170132544275862e-11,4.38455345093321e-07,1024,88,0.09053850616843741,30.0,53,34,111,29.999999999999993,8.662225963847114e-06,2,84076,163,0.9847682504261258,0.984768250428671,0.986712111130114,0.982256321989561,0.1406957667064589,0.14069576672085438,0.12409003965803757,0.1559330480519245,0.12770208355845547,0.7911099401558207,5.245474358624592e-10
crescent,81,1.8934705288100494e-14,1.034371840725834e-14,5.827804710190323e-11,4.38455345093321e-07,1024,89,0.09053850616843741,30.0,53,34,111,29.999999999999993,7.679679542485847e-06,2,84668,163,0.9847682504261258,0.984768250428671,0.986712111130114,0.982256321989561,0.1406957667064589,0.14069576672085438,0.12409003965803757,0.1559330480519245,0.12770208355845547,0.7966803417516655,3.6450534906198864e-10
crescent,81,1.8934705288100494e-14,9.050258960019814e-15,5.396115960281175e-11,4.38455345093321e-07,1024,90,0.09053850616843741,30.0,53,34,111,29.999999999999993,7.130696263126226e-06,2,85252,163,0.9847682504261258,0.984768250428671,0.986712111130114,0.982256321989561,0.1406957667064589,0.14069576672085438,0.12409003965803757,0.1559330480519245,0.12770208355845547,0.8021754676502691,2.4713221055136874e-10
crescent,81,1.8934705288100494e-14,8.57953996365455e-15,4.958766976167107e-11,4.38455345093321e-07,1024,91,0.09053850616843741,30.0,53,34,111,29.999999999999993,6.114664017484086e-06,2,85828,163,0.9847682504261258,0.984768250428671,0.986712111130114,0.982256321989561,0.1406957667064589,0.14069576672085438,0.12409003965803757,0.1559330480519245,0.12770208355845547,0.8075953178516316,1.6775316237705903e-10
crescent,81,1.8934705288100494e-14,8.392810654651851e-15,4.8272687678660746e-11,4.38455345093321e-07,1024,92,0.09053850616843741,30.0,53,34,111,29.999999999999993,5.796634974700137e-06,2,86396,163,0.9847682504261258,0.984768250428671,0.986712111130114,0.982256321989561,0.1406957667064589,0.14069576672085438,0.12409003965803757,0.1559330480519245,0.12770208355845547,0.8129398923557529,1.1496870604108881e-10
crescent,81,1.8934705288100494e-14,8.132913766853646e-15,4.57705629318288e-11,4.38455345093321e-07,1024,93,0.09053850616843741,30.0,53,34,111,29.999999999999993,4.9621470092929845e-06,2,86956,163,0.9847682504261258,0.984768250428671,0.986712111130114,0.982256321989561,0.1406957667064589,0.14069576672085438,0.12409003965803757,0.1559330480519245,0.12770208355845547,0.8182091911626331,7.671851618591734e-11
crescent,81,1.8934705288100494e-14,8.521148519085699e-15,4.6249228554391926e-11,4.38455345093321e-07,1024,94,0.09053850616843741,30.0,53,34,111,29.999999999999993,4.63788557758934e-06,2,87508,163,0.9847682504261258,0.984768250428671,0.986712111130114,0.982256321989561,0.1406957667064589,0.14069576672085438,0.12409003965803757,0.1559330480519245,0.12770208355845547,0.8234032142722721,5.2708021204296596e-11
crescent,81,1.8934705288100494e-14,8.194866594812929e-15,4.7078626274998485e-11,4.38455345093321e-07,1024,95,0.09053850616843741,30.0,53,34,111,29.999999999999993,4.093414735834117e-06,2,88052,163,0.9847682504261258,0.984768250428671,0.986712111130114,0.982256321989561,0.1406957667064589,0.14069576672085438,0.12409003965803757,0.1559330480519245,0.12770208355845547,0.8285219616846701,3.492004042598283e-11
crescent,81,1.8934705288100494e-14,8.14098152768092e-15,4.586970248336754e-11,4.38455345093321e-07,1024,96,0.09053850616843741,30.0,53,34,111,29.999999999999993,3.676944251160247e-06,2,88588,163,0.9847682504261258,0.984768250428671,0.986712111130114,0.982256321989561,0.1406957667064589,0.14069576672085438,0.12409003965803757,0.1559330480519245,0.12770208355845547,0.8335654333998269,2.3829339490764658e-11
crescent,81,1.8934705288100494e-14,7.384053773526382e-15,4.616420073966265e-11,4.38455345093321e-07,1024,97,0.09053850616843741,30.0,53,34,111,29.999999999999993,3.387215442386051e-06,2,89116,163,0.9847682504261258,0.984768250428671,0.986712111130114,0.982256321989561,0.1406957667064589,0.14069576672085438,0.12409003965803757,0.1559330480519245,0.12770208355845547,0.8385336294177425,1.5803023654382066e-11
crescent,81,1.8934705288100494e-14,8.959369361605034e-15,4.590428966091298e-11,4.38455345093321e-07,1024,98,0.09053850616843741,30.0,53,34,111,29.999999999999993,2.9287291218253054e-06,2,89636,163,0.9847682504261258,0.984768250428671,0.986712111130114,0.982256321989561,0.1406957667064589,0.14069576672085438,0.12409003965803757,0.1559330480519245,0.12770208355845547,0.8434265497384169,1.0650158315490481e-11
crescent,81,1.8934705288100494e-14,8.28400598008615e-15,4.520048444506473e-11,4.38455345093321e-07,1024,99,0.09053850616843741,30.0,53,34,111,29.999999999999993,2.773869128503389e-06,2,90148,163,0.9847682504261258,0.984768250428671,0.986712111130114,0.982256321989561,0.1406957667064589,0.14069576672085438,0.12409003965803757,0.1559330480519245,0.12770208355845547,0.8482441943618503,7.093982749773037e-12
crescent,81,1.8934705288100494e-14,7.932763940062238e-15,4.71382089272875e-11,4.38455345093321e-07,1024,100,0.09053850616843741,30.0,53,34,111,29.999999999999993,2.3729682359892113e-06,2,90652,163,0.9847682504261258,0.984768250428671,0.986712111130114,0.982256321989561,0.1406957667064589,0.14069576672085438,0.12409003965803757,0.1559330480519245,0.12770208355845547,0.8529865632880425,4.719165213161834e-12
crescent,81,1.8934705288100494e-14,7.540235095679113e-15,4.4640510685542784e-11,4.38455345093321e-07,1024,101,0.09053850616843741,30.0,53,34,111,29.999999999999993,2.2351728796057e-06,2,91148,163,0.9847682504261258,0.984768250428671,0.986712111130114,0.982256321989561,0.1406957667064589,0.14069576672085438,0.12409003965803757,0.1559330480519245,0.12770208355845547,0.8576536565169934,3.152676851772108e-12
crescent,81,1.8934705288100494e-14,7.549448887355443e-15,4.5846238575478246e-11,4.38455345093321e-07,1024,102,0.09053850616843741,30.0,53,34,111,29.999999999999993,1.9575972420319523e-06,2,91636,163,0.9847682504261258,0.984768250428671,0.986712111130114,0.982256321989561,0.1406957667064589,0.14069576672085438,0.12409003965803757,0.1559330480519245,0.12770208355845547,0.8622454740487033,2.0774501805007534e-12
crescent,81,1.8934705288100494e-14,7.597238295179781e-15,4.599950345372794e-11,4.38455345093321e-07,1024,103,0.09053850616843741,30.0,53,34,111,29.999999999999993,1.7799453982231947e-06,2,92116,163,0.9847682504261258,0.984768250428671,0.986712111130114,0.982256321989561,0.1406957667064589,0.14069576672085438,0.12409003965803757,0.1559330480519245,0.12770208355845547,0.8667620158831721,1.3862092022707228e-12
crescent,81,1.8934705288100494e-14,7.377539884143306e-15,4.590621855061203e-11,4.38455345093321e-07,1024,104,0.09053850616843741,30.0,53,34,111,29.999999999999993,1.6255509880663104e-06,2,92588,163,0.9847682504261258,0.984768250428671,0.986712111130114,0.982256321989561,0.1406957667064589,0.14069576672085438,0.12409003965803757,0.1559330480519245,0.12770208355845547,0.8712032820203998,9.091438393390086e-13
crescent,81,1.8934705288100494e-14,7.631283120041449e-15,4.666825274627861e-11,4.38455345093321e-07,1024,105,0.09053850616843741,30.0,53,34,111,29.999999999999993,1.4185769948095022e-06,2,93052,163,0.9847682504261258,0.984768250428671,0.986712111130114,0.982256321989561,0.1406957667064589,0.14069576672085438,0.12409003965803757,0.1559330480519245,0.12770208355845547,0.8755692724603862,6.03437979019772e-13
crescent,81,1.8934705288100494e-14,8.092467483653809e-15,4.568697034663149e-11,4.38455345093321e-07,1024,106,0.09053850616843741,30.0,53,34,111,29.999999999999993,1.3393955972859393e-06,2,93508,163,0.9847682504261258,0.984768250428671,0.986712111130114,0.982256321989561,0.1406957667064589,0.14069576672085438,0.12409003965803757,0.1559330480519245,0.12770208355845547,0.8798599872031315,3.95343174631445e-13
crescent,81,1.8934705288100494e-14,7.973026526534459e-15,4.376104549528386e-11,4.38455345093321e-07,1024,107,0.09053850616843741,30.0,53,34,111,29.999999999999993,1.1471436430293529e-06,2,93956,163,0.9847682504261258,0.984768250428671,0.986712111130114,0.982256321989561,0.1406957667064589,0.14069576672085438,0.12409003965803757,0.1559330480519245,0.12770208355845547,0.8840754262486357,2.604656024186154e-13
crescent,81,1.8934705288100494e-14,7.785464651703791e-15,3.802142118894417e-11,4.38455345093321e-07,1024,108,0.09053850616843741,30.0,53,34,111,29.999999999999993,1.0863654107519787e-06,2,94396,163,0.9847682504261258,0.984768250428671,0.986712111130114,0.982256321989561,0.1406957667064589,0.14069576672085438,0.12409003965803757,0.1559330480519245,0.12770208355845547,0.8882155895968986,1.7070780207672125e-13
crescent,81,1.8934705288100494e-14,4.359537495718906e-15,2.7453095635851468e-11,4.38455345093321e-07,1024,109,0.09053850616843741,30.0,53,34,111,29.999999999999993,9.452634850868568e-07,2,94828,163,0.9847682504261258,0.984768250428671,0.986712111130114,0.982256321989561,0.1406957667064589,0.14069576672085438,0.12409003965803757,0.1559330480519245,0.12770208355845547,0.8922804772479205,1.116034148843766e-13
crescent,81,1.8934705288100494e-14,4.389737715792664e-15,2.494312550558244e-11,4.38455345093321e-07,1024,110,0.09053850616843741,30.0,53,34,111,29.999999999999993,8.690433305756735e-07,2,95252,163,0.9847682504261258,0.984768250428671,0.986712111130114,0.982256321989561,0.1406957667064589,0.14069576672085438,0.12409003965803757,0.1559330480519245,0.12770208355845547,0.8962700892017013,7.30930232252943e-14
crescent,81,1.8934705288100494e-14,4.393525296897502e-15,1.5578902454845744e-11,4.38455345093321e-07,1024,111,0.09053850616843741,30.0,53,34,111,29.999999999999993,7.865528280598878e-07,2,95668,163,0.9847682504261258,0.984768250428671,0.986712111130114,0.982256321989561,0.1406957667064589,0.14069576672085438,0.12409003965803757,0.1559330480519245,0.12770208355845547,0.9001844254582408,4.7564372249373116e-14
crescent,81,1.8934705288100494e-14,2.902481572973556e-16,1.3761034391864094e-11,4.38455345093321e-07,1024,112,0.09053850616843741,30.0,53,34,111,29.999999999999993,6.932619220153948e-07,2,96076,163,0.9847682504261258,0.984768250428671,0.986712111130114,0.982256321989561,0.1406957667064589,0.14069576672085438,0.12409003965803757,0.1559330480519245,0.12770208355845547,0.9040234860175392,3.102875929182424e-14
crescent,81,1.8934705288100494e-14,2.5903647771930536e-16,1.0176152429169057e-11,4.38455345093321e-07,1024,113,0.09053850616843741,30.0,53,34,111,29.999999999999993,6.513583542484758e-07,2,96476,163,0.9847682504261258,0.984768250428671,0.986712111130114,0.982256321989561,0.1406957667064589,0.14069576672085438,0.12409003965803757,0.1559330480519245,0.12770208355845547,0.9077872708795965,2.0107096772683013e-14
crescent,81,1.8934705288100494e-14,0.0,9.282207698279922e-12,4.38455345093321e-07,1024,114,0.09053850616843741,30.0,53,34,111,29.999999999999993,5.594702324064485e-07,2,96868,163,0.9847682504261258,0.984768250428671,0.986712111130114,0.982256321989561,0.1406957667064589,0.14069576672085438,0.12409003965803757,0.1559330480519245,0.12770208355845547,0.9114757800444127,1.3077399373074496e-14
crescent,81,1.8934705288100494e-14,1.1293133850052514e-15,7.755638499509093e-12,4.38455345093321e-07,1024,115,0.09053850616843741,30.0,53,34,111,29.999999999999993,5.314945410674338e-07,2,97252,163,0.9847682504261258,0.984768250428671,0.986712111130114,0.982256321989561,0.1406957667064589,0.14069576672085438,0.12409003965803757,0.1559330480519245,0.12770208355845547,0.9150890135119877,8.46716013124778e-15
crescent,81,1.8934705288100494e-14,0.0,5.91393071205459e-12,4.38455345093321e-07,1024,116,0.09053850616843741,30.0,53,34,111,29.999999999999993,4.6007264288931997e-07,2,97628,163,0.9847682504261258,0.984768250428671,0.986712111130114,0.982256321989561,0.1406957667064589,0.14069576672085438,0.12409003965803757,0.1559330480519245,0.12770208355845547,0.9186269712823215,5.465171352476449e-15
crescent,81,1.8934705288100494e-14,0.0,5.808987500622716e-12,4.38455345093321e-07,1024,117,0.09053850616843741,30.0,53,34,111,29.999999999999993,4.271278822540316e-07,2,97996,163,0.9847682504261258,0.984768250428671,0.986712111130114,0.982256321989561,0.1406957667064589,0.14069576672085438,0.12409003965803757,0.1559330480519245,0.12770208355845547,0.9220896533554142,3.5193721716505907e-15
crescent,81,1.8934705288100494e-14,0.0,5.749181154814211e-12,4.38455345093321e-07,1024,118,0.09053850616843741,30.0,53,34,111,29.999999999999993,3.831186326261453e-07,2,98356,163,0.9847682504261258,0.984768250428671,0.986712111130114,0.982256321989561,0.1406957667064589,0.14069576672085438,0.12409003965803757,0.1559330480519245,0.12770208355845547,0.9254770597312657,2.259732717683027e-15
crescent,81,1.8934705288100494e-14,0.0,0.0,4.38455345093321e-07,1024,119,0.09053850616843741,30.0,53,34,111,29.999999999999993,3.4117406399025626e-07,2,98708,163,0.9847682504261258,0.984768250428671,0.986712111130114,0.982256321989561,0.1406957667064589,0.14069576672085438,0.12409003965803757,0.1559330480519245,0.12770208355845547,0.9287891904098762,1.4503046365093164e-15
crescent,81,1.8934705288100494e-14,0.0,0.0,4.38455345093321e-07,1024,120,0.09053850616843741,30.0,53,34,111,29.999999999999993,3.1850829619264793e-07,2,99052,163,0.9847682504261258,0.984768250428671,0.986712111130114,0.982256321989561,0.1406957667064589,0.14069576672085438,0.12409003965803757,0.1559330480519245,0.12770208355845547,0.9320260453912455,9.282336176430905e-16
crescent,81,1.8934705288100494e-14,0.0,0.0,4.38455345093321e-07,1024,121,0.09053850616843741,30.0,53,34,111,29.999999999999993,2.747728001539e-07,2,99388,163,0.9847682504261258,0.984768250428671,0.986712111130114,0.982256321989561,0.1406957667064589,0.14069576672085438,0.12409003965803757,0.1559330480519245,0.12770208355845547,0.9351876246753735,5.940062763825921e-16
crescent,81,1.8934705288100494e-14,0.0,0.0,4.38455345093321e-07,1024,122,0.09053850616843741,30.0,53,34,111,29.999999999999993,2.6128930069080787e-07,2,99716,163,0.9847682504261258,0.984768250428671,0.986712111130114,0.982256321989561,0.1406957667064589,0.14069576672085438,0.12409003965803757,0.1559330480519245,0.12770208355845547,0.9382739282622605,3.761262699111475e-16
crescent,81,1.8934705288100494e-14,0.0,0.0,4.38455345093321e-07,1024,123,0.09053850616843741,30.0,53,34,111,29.999999999999993,2.2531006736739342e-07,2,100036,163,0.9847682504261258,0.984768250428671,0.986712111130114,0.982256321989561,0.1406957667064589,0.14069576672085438,0.12409003965803757,0.1559330480519245,0.12770208355845547,0.9412849561519063,2.351236853533419e-16
crescent,81,1.8934705288100494e-14,0.0,0.0,4.38455345093321e-07,1024,124,0.09053850616843741,30.0,53,34,111,29.999999999999993,2.1090483997547273e-07,2,100348,163,0.9847682504261258,0.984768250428671,0.986712111130114,0.982256321989561,0.1406957667064589,0.14069576672085438,0.12409003965803757,0.1559330480519245,0.12770208355845547,0.944220708344311,1.447385536107537e-16
crescent,81,1.8934705288100494e-14,0.0,0.0,4.38455345093321e-07,1024,125,0.09053850616843741,30.0,53,34,111,29.999999999999993,1.8750177364310397e-07,2,100652,163,0.9847682504261258,0.984768250428671,0.986712111130114,0.982256321989561,0.1406957667064589,0.14069576672085438,0.12409003965803757,0.1559330480519245,0.12770208355845547,0.9470811848394746,8.922870524934106e-17
crescent,81,1.8934705288100494e-14,0.0,0.0,4.38455345093321e-07,1024,126,0.09053850616843741,30.0,53,34,111,29.999999999999993,1.6868166948415587e-07,2,100948,163,0.9847682504261258,0.984768250428671,0.986712111130114,0.982256321989561,0.1406957667064589,0.14069576672085438,0.12409003965803757,0.1559330480519245,0.12770208355845547,0.949866385637397,5.579103228244297e-17
crescent,81,1.8934705288100494e-14,0.0,0.0,4.38455345093321e-07,1024,127,0.09053850616843741,30.0,53,34,111,29.999999999999993,1.562619016663851e-07,2,101236,163,0.9847682504261258,0.984768250428671,0.986712111130114,0.982256321989561,0.1406957667064589,0.14069576672085438,0.12409003965803757,0.1559330480519245,0.12770208355845547,0.9525763107380782,3.493530177929748e-17
crescent,81,1.8934705288100494e-14,0.0,0.0,4.38455345093321e-07,1024,128,0.09053850616843741,30.0,53,34,111,29.999999999999993,1.355211135826348e-07,2,101516,163,0.9847682504261258,0.984768250428671,0.986712111130114,0.982256321989561,0.1406957667064589,0.14069576672085438,0.12409003965803757,0.1559330480519245,0.12770208355845547,0.9552109601415183,2.1129529084914496e-17
crescent,81,1.8934705288100494e-14,0.0,0.0,4.38455345093321e-07,1024,129,0.09053850616843741,30.0,53,34,111,29.999999999999993,1.2871388943700136e-07,2,101788,163,0.9847682504261258,0.984768250428671,0.986712111130114,0.982256321989561,0.1406957667064589,0.14069576672085438,0.12409003965803757,0.1559330480519245,0.12770208355845547,0.9577703338477173,1.2066682148442618e-17
crescent,81,1.8934705288100494e-14,0.0,0.0,4.38455345093321e-07,1024,130,0.09053850616843741,30.0,53,34,111,29.999999999999993,1.1065084237498809e-07,2,102052,163,0.9847682504261258,0.984768250428671,0.986712111130114,0.982256321989561,0.1406957667064589,0.14069576672085438,0.12409003965803757,0.1559330480519245,0.12770208355845547,0.960254431856675,6.781555220400297e-18
crescent,81,1.8934705288100494e-14,0.0,0.0,4.38455345093321e-07,1024,131,0.09053850616843741,30.0,53,34,111,29.999999999999993,1.042270672427197e-07,2,102308,163,0.9847682504261258,0.984768250428671,0.986712111130114,0.982256321989561,0.1406957667064589,0.14069576672085438,0.12409003965803757,0.1559330480519245,0.12770208355845547,0.9626632541683917,4.052424404384424e-18
crescent,81,1.8934705288100494e-14,0.0,0.0,4.38455345093321e-07,1024,132,0.09053850616843741,30.0,53,34,111,29.999999999999993,9.180245988522956e-08,2,102556,163,0.9847682504261258,0.984768250428671,0.986712111130114,0.982256321989561,0.1406957667064589,0.14069576672085438,0.12409003965803757,0.1559330480519245,0.12770208355845547,0.9649968007828672,2.5144846979932976e-18
crescent,81,1.8934705288100494e-14,0.0,0.0,4.38455345093321e-07,1024,133,0.09053850616843741,30.0,53,34,111,29.999999999999993,8.334008015436657e-08,2,102796,163,0.9847682504261258,0.984768250428671,0.986712111130114,0.982256321989561,0.1406957667064589,0.14069576672085438,0.12409003965803757,0.1559330480519245,0.12770208355845547,0.9672550717001016,1.4312704767564755e-18
crescent,81,1.8934705288100494e-14,0.0,0.0,4.38455345093321e-07,1024,134,0.09053850616843741,30.0,53,34,111,29.999999999999993,7.646318314323955e-08,2,103028,163,0.9847682504261258,0.984768250428671,0.986712111130114,0.982256321989561,0.1406957667064589,0.14069576672085438,0.12409003965803757,0.1559330480519245,0.12770208355845547,0.9694380669200948,7.150453314072448e-19
crescent,81,1.8934705288100494e-14,0.0,0.0,4.38455345093321e-07,1024,135,0.09053850616843741,30.0,53,34,111,29.999999999999993,6.661148837012568e-08,2,103252,163,0.9847682504261258,0.984768250428671,0.986712111130114,0.982256321989561,0.1406957667064589,0.14069576672085438,0.12409003965803757,0.1559330480519245,0.12770208355845547,0.971545786442847,3.651602871829471e-19
crescent,81,1.8934705288100494e-14,0.0,0.0,4.38455345093321e-07,1024,136,0.09053850616843741,30.0,53,34,111,29.999999999999993,6.300738036108862e-08,2,103468,163,0.9847682504261258,0.984768250428671,0.986712111130114,0.982256321989561,0.1406957667064589,0.14069576672085438,0.12409003965803757,0.1559330480519245,0.12770208355845547,0.9735782302683579,2.261928893570651e-19
crescent,81,1.8934705288100494e-14,0.0,0.0,4.38455345093321e-07,1024,137,0.09053850616843741,30.0,53,34,111,29.999999999999993,5.3894953211071315e-08,2,103676,163,0.9847682504261258,0.984768250428671,0.986712111130114,0.982256321989561,0.1406957667064589,0.14069576672085438,0.12409003965803757,0.1559330480519245,0.12770208355845547,0.9755353983966276,1.3100032696534368e-19
crescent,81,1.8934705288100494e-14,0.0,0.0,4.38455345093321e-07,1024,138,0.09053850616843741,30.0,53,34,111,29.999999999999993,5.0920974778557455e-08,2,103876,163,0.9847682504261258,0.984768250428671,0.986712111130114,0.982256321989561,0.1406957667064589,0.14069576672085438,0.12409003965803757,0.1559330480519245,0.12770208355845547,0.9774172908276563,5.829227883622363e-20
crescent,81,1.8934705288100494e-14,0.0,0.0,4.38455345093321e-07,1024,139,0.09053850616843741,30.0,53,34,111,29.999999999999993,4.4255471808853635e-08,2,104068,163,0.9847682504261258,0.984768250428671,0.986712111130114,0.982256321989561,0.1406957667064589,0.14069576672085438,0.12409003965803757,0.1559330480519245,0.12770208355845547,0.9792239075614438,2.5051252635335032e-20
crescent,81,1.8934705288100494e-14,0.0,0.0,4.38455345093321e-07,1024,140,0.09053850616843741,30.0,53,34,111,29.999999999999993,4.0377383717788555e-08,2,104252,163,0.9847682504261258,0.984768250428671,0.986712111130114,0.982256321989561,0.1406957667064589,0.14069576672085438,0.12409003965803757,0.1559330480519245,0.12770208355845547,0.9809552485979901,1.6297160696078722e-20
crescent,81,1.8934705288100494e-14,0.0,0.0,4.38455345093321e-07,1024,141,0.09053850616843741,30.0,53,34,111,29.999999999999993,3.647372208409727e-08,2,104428,163,0.9847682504261258,0.984768250428671,0.986712111130114,0.982256321989561,0.1406957667064589,0.14069576672085438,0.12409003965803757,0.1559330480519245,0.12770208355845547,0.9826113139372954,8.751340624855214e-21
crescent,81,1.8934705288100494e-14,0.0,0.0,4.38455345093321e-07,1024,142,0.09053850616843741,30.0,53,34,111,29.999999999999993,3.1670843847080784e-08,2,104596,163,0.9847682504261258,0.984768250428671,0.986712111130114,0.982256321989561,0.1406957667064589,0.14069576672085438,0.12409003965803757,0.1559330480519245,0.12770208355845547,0.9841921035793594,2.858970134139766e-21
crescent,81,1.8934705288100494e-14,0.0,0.0,4.38455345093321e-07,1024,143,0.09053850616843741,30.0,53,34,111,29.999999999999993,2.964155789038108e-08,2,104756,163,0.9847682504261258,0.984768250428671,0.986712111130114,0.982256321989561,0.1406957667064589,0.14069576672085438,0.12409003965803757,0.1559330480519245,0.12770208355845547,0.9856976175241823,1.397145771847508e-21
crescent,81,1.8934705288100494e-14,0.0,0.0,4.38455345093321e-07,1024,144,0.09053850616843741,30.0,53,34,111,29.999999999999993,2.4873082138045218e-08,2,104908,163,0.9847682504261258,0.984768250428671,0.986712111130114,0.982256321989561,0.1406957667064589,0.14069576672085438,0.12409003965803757,0.1559330480519245,0.12770208355845547,0.9871278557717641,9.480955572732442e-22
crescent,81,1.8934705288100494e-14,0.0,0.0,4.38455345093321e-07,1024,145,0.09053850616843741,30.0,53,34,111,29.999999999999993,2.337839990892605e-08,2,105052,163,0.9847682504261258,0.984768250428671,0.986712111130114,0.982256321989561,0.1406957667064589,0.14069576672085438,0.12409003965803757,0.1559330480519245,0.12770208355845547,0.9884828183221047,2.8900889668870643e-22
crescent,81,1.8934705288100494e-14,0.0,0.0,4.38455345093321e-07,1024,146,0.09053850616843741,30.0,53,34,111,29.999999999999993,1.959899168883325e-08,2,105188,163,0.9847682504261258,0.984768250428671,0.986712111130114,0.982256321989561,0.1406957667064589,0.14069576672085438,0.12409003965803757,0.1559330480519245,0.12770208355845547,0.9897625051752041,9.576957836314213e-23
crescent,81,1.8934705288100494e-14,0.0,0.0,4.38455345093321e-07,1024,147,0.09053850616843741,30.0,53,34,111,29.999999999999993,1.779234242616894e-08,2,105316,163,0.9847682504261258,0.984768250428671,0.986712111130114,0.982256321989561,0.1406957667064589,0.14069576672085438,0.12409003965803757,0.1559330480519245,0.12770208355845547,0.9909669163310625,7.725219073591018e-23
crescent,81,1.8934705288100494e-14,0.0,0.0,4.38455345093321e-07,1024,148,0.09053850616843741,30.0,53,34,111,29.999999999999993,1.541274927682455e-08,2,105436,163,0.9847682504261258,0.984768250428671,0.986712111130114,0.982256321989561,0.1406957667064589,0.14069576672085438,0.12409003965803757,0.1559330480519245,0.12770208355845547,0.9920960517896797,2.3833898451179404e-23
crescent,81,1.8934705288100494e-14,0.0,0.0,4.38455345093321e-07,1024,149,0.09053850616843741,30.0,53,34,111,29.999999999999993,1.2887673331629278e-08,2,105548,163,0.9847682504261258,0.984768250428671,0.986712111130114,0.982256321989561,0.1406957667064589,0.14069576672085438,0.12409003965803757,0.1559330480519245,0.12770208355845547,0.9931499115510557,1.2662577502537917e-23
crescent,81,1.8934705288100494e-14,0.0,0.0,4.38455345093321e-07,1024,150,0.09053850616843741,30.0,53,34,111,29.999999999999993,1.1970709953828162e-08,2,105652,163,0.9847682504261258,0.984768250428671,0.986712111130114,0.982256321989561,0.1406957667064589,0.14069576672085438,0.12409003965803757,0.1559330480519245,0.12770208355845547,0.9941284956151907,1.1628453064299341e-23
crescent,81,1.8934705288100494e-14,0.0,0.0,4.38455345093321e-07,1024,151,0.09053850616843741,30.0,53,34,111,29.999999999999993,9.215166139363363e-09,2,105748,163,0.9847682504261258,0.984768250428671,0.986712111130114,0.982256321989561,0.1406957667064589,0.14069576672085438,0.12409003965803757,0.1559330480519245,0.12770208355845547,0.9950318039820844,7.983328181607073e-24
crescent,81,1.8934705288100494e-14,0.0,0.0,4.38455345093321e-07,1024,152,0.09053850616843741,30.0,53,34,111,29.999999999999993,8.683432427936518e-09,2,105836,163,0.9847682504261258,0.984768250428671,0.986712111130114,0.982256321989561,0.1406957667064589,0.14069576672085438,0.12409003965803757,0.1559330480519245,0.12770208355845547,0.9958598366517369,7.315474705953295e-24
crescent,81,1.8934705288100494e-14,0.0,0.0,4.38455345093321e-07,1024,153,0.09053850616843741,30.0,53,34,111,29.999999999999993,6.906071549061301e-09,2,105916,163,0.9847682504261258,0.984768250428671,0.986712111130114,0.982256321989561,0.1406957667064589,0.14069576672085438,0.12409003965803757,0.1559330480519245,0.12770208355845547,0.9966125936241484,6.01461217625105e-24
crescent,81,1.8934705288100494e-14,0.0,0.0,4.38455345093321e-07,1024,154,0.09053850616843741,30.0,53,34,111,29.999999999999993,6.075209977116519e-09,2,105988,163,0.9847682504261258,0.984768250428671,0.986712111130114,0.982256321989561,0.1406957667064589,0.14069576672085438,0.12409003965803757,0.1559330480519245,0.12770208355845547,0.9972900748993188,5.112085698768625e-24
crescent,81,1.8934705288100494e-14,0.0,0.0,4.38455345093321e-07,1024,155,0.09053850616843741,30.0,53,34,111,29.999999999999993,5.078699090697733e-09,2,106052,163,0.9847682504261258,0.984768250428671,0.986712111130114,0.982256321989561,0.1406957667064589,0.14069576672085438,0.12409003965803757,0.1559330480519245,0.12770208355845547,0.9978922804772479,4.451129394119757e-24
crescent,81,1.8934705288100494e-14,0.0,0.0,4.38455345093321e-07,1024,156,0.09053850616843741,30.0,53,34,111,29.999999999999993,4.188175021966944e-09,2,106108,163,0.9847682504261258,0.984768250428671,0.986712111130114,0.982256321989561,0.1406957667064589,0.14069576672085438,0.12409003965803757,0.1559330480519245,0.12770208355845547,0.9984192103579359,3.5730569928610946e-24
crescent,81,1.8934705288100494e-14,0.0,0.0,4.38455345093321e-07,1024,157,0.09053850616843741,30.0,53,34,111,29.999999999999993,3.7333766313939555e-09,2,106156,163,0.9847682504261258,0.984768250428671,0.986712111130114,0.982256321989561,0.1406957667064589,0.14069576672085438,0.12409003965803757,0.1559330480519245,0.12770208355845547,0.9988708645413829,3.265432235453481e-24
crescent,81,1.8934705288100494e-14,0.0,0.0,4.38455345093321e-07,1024,158,0.09053850616843741,30.0,53,34,111,29.999999999999993,2.4559887869646278e-09,2,106196,163,0.9847682504261258,0.984768250428671,0.986712111130114,0.982256321989561,0.1406957667064589,0.14069576672085438,0.12409003965803757,0.1559330480519245,0.12770208355845547,0.9992472430275885,2.1795823320787615e-24
crescent,81,1.8934705288100494e-14,0.0,0.0,4.38455345093321e-07,1024,159,0.09053850616843741,30.0,53,34,111,29.999999999999993,2.4313812199298394e-09,2,106228,163,0.9847682504261258,0.984768250428671,0.986712111130114,0.982256321989561,0.1406957667064589,0.14069576672085438,0.12409003965803757,0.1559330480519245,0.12770208355845547,0.9995483458165532,2.1342006524685753e-24
crescent,81,1.8934705288100494e-14,0.0,0.0,4.38455345093321e-07,1024,160,0.09053850616843741,30.0,53,34,111,29.999999999999993,1.1650581085424645e-09,2,106252,163,0.9847682504261258,0.984768250428671,0.986712111130114,0.982256321989561,0.1406957667064589,0.14069576672085438,0.12409003965803757,0.1559330480519245,0.12770208355845547,0.9997741729082765,1.2010987430220797e-24
crescent,81,1.8934705288100494e-14,0.0,0.0,4.38455345093321e-07,1024,161,0.09053850616843741,30.0,53,34,111,29.999999999999993,8.527781757498225e-10,2,106268,163,0.9847682504261258,0.984768250428671,0.986712111130114,0.982256321989561,0.1406957667064589,0.14069576672085438,0.12409003965803757,0.1559330480519245,0.12770208355845547,0.9999247243027588,8.309845007069534e-25
crescent,81,1.8934705288100494e-14,0.0,0.0,4.38455345093321e-07,1024,162,0.09053850616843741,30.0,53,34,111,29.999999999999993,0.0,2,106276,163,0.9847682504261258,0.984768250428671,0.986712111130114,0.982256321989561,0.1406957667064589,0.14069576672085438,0.12409003965803757,0.1559330480519245,0.12770208355845547,1.0,0.0
corrugated,54,1.6961114221876996e-14,0.005099281722980605,1.5136263426956755,6.590472348163347e-09,512,0,0.10750035796738647,2.0,1,1,1,1.9999999999999996,0.015634253665029293,9,436,109,0.9681963867523857,0.968196386775187,0.9670457112712705,0.9627332471400343,0.183985861021465,0.18398586106772447,0.15427464046426503,0.21145106892873067,0.15555174371089905,0.009174311926605505,0.027514306152326317
corrugated,54,1.6961114221876996e-14,0.005099281722980625,0.6260179440409914,6.590472348163347e-09,512,1,0.10750035796738647,2.0,1,1,1,1.9999999999999996,0.015634253665029293,9,1300,109,0.9681963867523857,0.968196386775187,0.9670457112712705,0.9627332471400343,0.183985861021465,0.18398586106772447,0.15427464046426503,0.21145106892873067,0.15555174371089905,0.0273545997811632,0.02751430615232632
corrugated,54,1.6961114221876996e-14,0.005099281722980621,0.1869635974148639,6.590472348163347e-09,512,2,0.10750035796738647,2.0,1,1,1,1.9999999999999996,0.015634253665029293,9,2156,109,0.9681963867523857,0.968196386775187,0.9670457112712705,0.9627332471400343,0.183985861021465,0.18398586106772447,0.15427464046426503,0.21145106892873067,0.15555174371089905,0.045366551637067584,0.02751430615232632
corrugated,54,1.6961114221876996e-14,0.005099281722980625,0.08003478963981538,6.590472348163347e-09,512,3,0.10750035796738647,2.0,1,1,1,1.9999999999999996,0.015634253665029293,9,3004,109,0.9681963867523857,0.968196386775187,0.9670457112712705,0.9627332471400343,0.183985861021465,0.18398586106772447,0.15427464046426503,0.21145106892873067,0.15555174371089905,0.06321016749431865,0.02751430615232632
corrugated,54,1.6961114221876996e-14,0.003930757228394599,0.011206056032527273,6.590472348163347e-09,512,4,0.10750035796738647,2.0,1,1,1,1.9999999999999996,0.01454415357100785,9,3844,109,0.9681963867523857,0.968196386775187,0.9670457112712705,0.9627332471400343,0.183985861021465,0.18398586106772447,0.15427464046426503,0.21145106892873067,0.15555174371089905,0.08088544735291642,0.024154736555594483
corrugated,54,1.6961114221876996e-14,0.003930757228394601,0.01817206623898228,6.590472348163347e-09,512,5,0.10750035796738647,2.0,1,1,1,1.9999999999999996,0.01454415357100785,9,4676,109,0.9681963867523857,0.968196386775187,0.9670457112712705,0.9627332471400343,0.183985861021465,0.18398586106772447,0.15427464046426503,0.21145106892873067,0.15555174371089905,0.09839239121286086,0.024154736555594483
corrugated,54,1.6961114221876996e-14,0.003930757228394603,0.026840152414275155,6.590472348163347e-09,512,6,0.10750035796738647,2.0,1,1,1,1.9999999999999996,0.01454415357100785,9,5500,109,0.9681963867523857,0.968196386775187,0.9670457112712705,0.9627332471400343,0.183985861021465,0.18398586106772447,0.15427464046426503,0.21145106892873067,0.15555174371089905,0.115730999074152,0.024154736555594483
corrugated,54,1.6961114221876996e-14,0.003930757228394597,0.032194172243785533,6.590472348163347e-09,512,7,0.10750035796738647,2.0,1,1,1,1.9999999999999996,0.01454415357100785,9,6316,109,0.9681963867523857,0.968196386775187,0.9670457112712705,0.9627332471400343,0.183985861021465,0.18398586106772447,0.15427464046426503,0.21145106892873067,0.15555174371089905,0.13290127093678983,0.024154736555594483
corrugated,54,1.6961114221876996e-14,0.00024292545818698245,0.026705637955581514,6.590472348163347e-09,512,8,0.10750035796738647,2.0,1,1,1,1.9999999999999996,0.004552836973908071,9,7124,109,0.9681963867523857,0.968196386775187,0.9670457112712705,0.9627332471400343,0.183985861021465,0.18398586106772447,0.15427464046426503,0.21145106892873067,0.15555174371089905,0.14990320680077435,0.006398605913654268
corrugated,54,1.6961114221876996e-14,0.00024292545818698757,0.01816640093553706,6.590472348163347e-09,512,9,0.10750035796738647,2.0,1,1,1,1.9999999999999996,0.004552836973908071,9,7924,109,0.9681963867523857,0.968196386775187,0.9670457112712705,0.9627332471400343,0.183985861021465,0.18398586106772447,0.15427464046426503,0.21145106892873067,0.15555174371089905,0.16673680666610555,0.0063986059136542685
corrugated,54,1.6961114221876996e-14,0.00024292545818698728,0.009098452610633127,6.590472348163347e-09,512,10,0.10750035796738647,2.0,1,1,1,1.9999999999999996,0.004552836973908071,9,8716,109,0.9681963867523857,0.968196386775187,0.9670457112712705,0.9627332471400343,0.183985861021465,0.18398586106772447,0.15427464046426503,0.21145106892873067,0.15555174371089905,0.18340207053278343,0.00639860591365427
corrugated,54,1.6961114221876996e-14,0.0002429254581869862,0.0012254575671779165,6.590472348163347e-09,512,11,0.10750035796738647,2.0,1,1,1,1.9999999999999996,0.004552836973908071,9,9500,109,0.9681963867523857,0.968196386775187,0.9670457112712705,0.9627332471400343,0.183985861021465,0.18398586106772447,0.15427464046426503,0.21145106892873067,0.15555174371089905,0.19989899840080802,0.006398605913654268
corrugated,54,1.6961114221876996e-14,0.0001239741389713014,0.0006380212119366549,6.590472348163347e-09,512,12,0.10750035796738647,2.0,1,1,1,1.9999999999999996,0.004002273177344869,9,10276,109,0.9681963867523857,0.968196386775187,0.9670457112712705,0.9627332471400343,0.183985861021465,0.18398586106772447,0.15427464046426503,0.21145106892873067,0.15555174371089905,0.21622759027017927,0.004375954499041841
corrugated,54,1.6961114221876996e-14,0.00012397413897130208,0.0005717162170145332,6.590472348163347e-09,512,13,0.10750035796738647,2.0,1,1,1,1.9999999999999996,0.004002273177344869,9,11044,109,0.9681963867523857,0.968196386775187,0.9670457112712705,0.9627332471400343,0.183985861021465,0.18398586106772447,0.15427464046426503,0.21145106892873067,0.15555174371089905,0.23238784614089722,0.004375954499041841
corrugated,54,1.6961114221876996e-14,0.0001239741389713009,0.00040551176320380815,6.590472348163347e-09,512,14,0.10750035796738647,2.0,1,1,1,1.9999999999999996,0.004002273177344869,9,11804,109,0.9681963867523857,0.968196386775187,0.9670457112712705,0.9627332471400343,0.183985861021465,0.18398586106772447,0.15427464046426503,0.21145106892873067,0.15555174371089905,0.24837976601296188,0.004375954499041841
corrugated,54,1.6961114221876996e-14,0.0001239741389713019,0.0002961491553362753,6.590472348163347e-09,512,15,0.10750035796738647,2.0,1,1,1,1.9999999999999996,0.004002273177344869,9,12556,109,0.9681963867523857,0.968196386775187,0.9670457112712705,0.9627332471400343,0.183985861021465,0.18398586106772447,0.15427464046426503,0.21145106892873067,0.15555174371089905,0.2642033498863732,0.004375954499041841
corrugated,54,1.6961114221876996e-14,2.947370266449357e-06,0.0002276223277220461,6.590472348163347e-09,512,16,0.10750035796738647,2.0,1,1,1,1.9999999999999996,0.00028912692923366474,9,13300,109,0.9681963867523857,0.968196386775187,0.9670457112712705,0.9627332471400343,0.183985861021465,0.18398586106772447,0.15427464046426503,0.21145106892873067,0.15555174371089905,0.2798585977611312,0.0001991768446716101
corrugated,54,1.6961114221876996e-14,2.9473702664471774e-06,0.00018867046899405645,6.590472348163347e-09,512,17,0.10750035796738647,2.0,1,1,1,1.9999999999999996,0.00028912692923366474,9,14036,109,0.9681963867523857,0.968196386775187,0.9670457112712705,0.9627332471400343,0.183985861021465,0.18398586106772447,0.15427464046426503,0.21145106892873067,0.15555174371089905,0.29534550963723594,0.00019917684467161013
corrugated,54,1.6961114221876996e-14,2.947370266450378e-06,0.0001522265547628142,6.590472348163347e-09,512,18,0.10750035796738647,2.0,1,1,1,1.9999999999999996,0.00028912692923366474,9,14764,109,0.9681963867523857,0.968196386775187,0.9670457112712705,0.9627332471400343,0.183985861021465,0.18398586106772447,0.15427464046426503,0.21145106892873067,0.15555174371089905,0.3106640855146873,0.00019917684467161015
corrugated,54,1.6961114221876996e-14,2.9473702664502114e-06,9.808664572080328e-06,6.590472348163347e-09,512,19,0.10750035796738647,2.0,1,1,1,1.9999999999999996,0.00028912692923366474,9,15484,109,0.9681963867523857,0.968196386775187,0.9670457112712705,0.9627332471400343,0.183985861021465,0.18398586106772447,0.15427464046426503,0.21145106892873067,0.15555174371089905,0.32581432539348537,0.00019917684467161013
corrugated,54,1.6961114221876996e-14,1.4589169768243645e-07,2.7603182228262894e-06,6.590472348163347e-09,512,20,0.10750035796738647,2.0,1,1,1,1.9999999999999996,0.0001916844392832731,9,16196,109,0.9681963867523857,0.968196386775187,0.9670457112712705,0.9627332471400343,0.183985861021465,0.18398586106772447,0.15427464046426503,0.21145106892873067,0.15555174371089905,0.3407962292736302,8.005748010089324e-05
corrugated,54,1.6961114221876996e-14,1.458916976818896e-07,1.760578800035405e-06,6.590472348163347e-09,512,21,0.10750035796738647,2.0,1,1,1,1.9999999999999996,0.0001916844392832731,9,16900,109,0.9681963867523857,0.968196386775187,0.9670457112712705,0.9627332471400343,0.183985861021465,0.18398586106772447,0.15427464046426503,0.21145106892873067,0.15555174371089905,0.35560979715512164,8.005748010089324e-05
corrugated,54,1.6961114221876996e-14,1.458916976818896e-07,1.3228020129270684e-06,6.590472348163347e-09,512,22,0.10750035796738647,2.0,1,1,1,1.9999999999999996,0.0001916844392832731,9,17596,109,0.9681963867523857,0.968196386775187,0.9670457112712705,0.9627332471400343,0.183985861021465,0.18398586106772447,0.15427464046426503,0.21145106892873067,0.15555174371089905,0.37025502903795976,8.005748010089325e-05
corrugated,54,1.6961114221876996e-14,1.458916976818896e-07,1.059487098147749e-06,6.590472348163347e-09,512,23,0.10750035796738647,2.0,1,1,1,1.9999999999999996,0.0001916844392832731,9,18284,109,0.9681963867523857,0.968196386775187,0.9670457112712705,0.9627332471400343,0.183985861021465,0.18398586106772447,0.15427464046426503,0.21145106892873067,0.15555174371089905,0.3847319249221446,8.005748010089324e-05
corrugated,54,1.6961114221876996e-14,1.3523357032282405e-08,5.549849908755391e-07,6.590472348163347e-09,512,24,0.10750035796738647,2.0,1,1,1,1.9999999999999996,8.4196049602622e-05,9,18964,109,0.9681963867523857,0.968196386775187,0.9670457112712705,0.9627332471400343,0.183985861021465,0.18398586106772447,0.15427464046426503,0.21145106892873067,0.15555174371089905,0.3990404848076761,1.391832322261223e-05
corrugated,54,1.6961114221876996e-14,1.3523357032282405e-08,5.01278436142445e-07,6.590472348163347e-09,512,25,0.10750035796738647,2.0,1,1,1,1.9999999999999996,8.4196049602622e-05,9,19636,109,0.9681963867523857,0.968196386775187,0.9670457112712705,0.9627332471400343,0.183985861021465,0.18398586106772447,0.15427464046426503,0.21145106892873067,0.15555174371089905,0.4131807086945543,1.3918323222612234e-05
corrugated,54,1.6961114221876996e-14,1.3523357032282405e-08,3.9929383174253804e-07,6.590472348163347e-09,512,26,0.10750035796738647,2.0,1,1,1,1.9999999999999996,8.4196049602622e-05,9,20300,109,0.9681963867523857,0.968196386775187,0.9670457112712705,0.9627332471400343,0.183985861021465,0.18398586106772447,0.15427464046426503,0.21145106892873067,0.15555174371089905,0.4271525965827792,1.3918323222612232e-05
corrugated,54,1.6961114221876996e-14,1.3523357032282405e-08,6.171885694761466e-08,6.590472348163347e-09,512,27,0.10750035796738647,2.0,1,1,1,1.9999999999999996,8.4196049602622e-05,9,20956,109,0.9681963867523857,0.968196386775187,0.9670457112712705,0.9627332471400343,0.183985861021465,0.18398586106772447,0.15427464046426503,0.21145106892873067,0.15555174371089905,0.4409561484723508,1.3918323222612246e-05
corrugated,54,1.6961114221876996e-14,1.570703051194606e-09,2.2811852192899735e-08,6.590472348163347e-09,512,28,0.10750035796738647,2.0,1,1,1,1.9999999999999996,4.566305637467964e-05,9,21604,109,0.9681963867523857,0.968196386775187,0.9670457112712705,0.9627332471400343,0.183985861021465,0.18398586106772447,0.15427464046426503,0.21145106892873067,0.15555174371089905,0.4545913643632691,6.291556936921103e-06
corrugated,54,1.6961114221876996e-14,1.570703051194606e-09,1.842121051814184e-08,6.590472348163347e-09,512,29,0.10750035796738647,2.0,1,1,1,1.9999999999999996,4.566305637467964e-05,9,22244,109,0.9681963867523857,0.968196386775187,0.9670457112712705,0.9627332471400343,0.183985861021465,0.18398586106772447,0.15427464046426503,0.21145106892873067,0.15555174371089905,0.46805824425553405,6.291556936921104e-06
corrugated,54,1.6961114221876996e-14,1.570703051194606e-09,1.0592536843399426e-08,6.590472348163347e-09,512,30,0.10750035796738647,2.0,1,1,1,1.9999999999999996,4.566305637467964e-05,9,22876,109,0.9681963867523857,0.968196386775187,0.9670457112712705,0.9627332471400343,0.183985861021465,0.18398586106772447,0.15427464046426503,0.21145106892873067,0.15555174371089905,0.4813567881491457,6.291556936921103e-06
corrugated,54,1.6961114221876996e-14,1.570703051194606e-09,8.88852460979752e-09,6.590472348163347e-09,512,31,0.10750035796738647,2.0,1,1,1,1.9999999999999996,4.566305637467964e-05,9,23500,109,0.9681963867523857,0.968196386775187,0.9670457112712705,0.9627332471400343,0.183985861021465,0.18398586106772447,0.15427464046426503,0.21145106892873067,0.15555174371089905,0.494486996044104,6.291556936921102e-06
corrugated,54,1.6961114221876996e-14,1.6286990439426217e-10,2.2607711834797744e-09,6.590472348163347e-09,512,32,0.10750035796738647,2.0,1,1,1,1.9999999999999996,1.997962341115431e-05,9,24116,109,0.9681963867523857,0.968196386775187,0.9670457112712705,0.9627332471400343,0.183985861021465,0.18398586106772447,0.15427464046426503,0.21145106892873067,0.15555174371089905,0.5074488679404091,2.506185208788415e-06
corrugated,54,1.6961114221876996e-14,1.6286990439426217e-10,1.9536444412433945e-09,6.590472348163347e-09,512,33,0.10750035796738647,2.0,1,1,1,1.9999999999999996,1.997962341115431e-05,9,24724,109,0.9681963867523857,0.968196386775187,0.9670457112712705,0.9627332471400343,0.183985861021465,0.18398586106772447,0.15427464046426503,0.21145106892873067,0.15555174371089905,0.5202424038380608,2.506185208788415e-06
corrugated,54,1.6961114221876996e-14,1.6286990439426217e-10,1.8602439478845067e-09,6.590472348163347e-09,512,34,0.10750035796738647,2.0,1,1,1,1.9999999999999996,1.997962341115431e-05,9,25324,109,0.9681963867523857,0.968196386775187,0.9670457112712705,0.9627332471400343,0.183985861021465,0.18398586106772447,0.15427464046426503,0.21145106892873067,0.15555174371089905,0.5328676037370592,2.5061852087884157e-06
corrugated,54,1.6961114221876996e-14,1.6286990439426217e-10,7.024224671484166e-10,6.590472348163347e-09,512,35,0.10750035796738647,2.0,1,1,1,1.9999999999999996,1.997962341115431e-05,9,25916,109,0.9681963867523857,0.968196386775187,0.9670457112712705,0.9627332471400343,0.183985861021465,0.18398586106772447,0.15427464046426503,0.21145106892873067,0.15555174371089905,0.5453244676374043,2.506185208788415e-06
corrugated,54,1.6961114221876996e-14,5.289918523624761e-12,2.841723306115117e-10,6.590472348163347e-09,512,36,0.10750035796738647,2.0,1,1,1,1.9999999999999996,1.1038855715063537e-05,9,26500,109,0.9681963867523857,0.968196386775187,0.9670457112712705,0.9627332471400343,0.183985861021465,0.18398586106772447,0.15427464046426503,0.21145106892873067,0.15555174371089905,0.557612995539096,6.334160787754635e-07
corrugated,54,1.6961114221876996e-14,5.289918523624761e-12,2.3268867270868736e-10,6.590472348163347e-09,512,37,0.10750035796738647,2.0,1,1,1,1.9999999999999996,1.1038855715063537e-05,9,27076,109,0.9681963867523857,0.968196386775187,0.9670457112712705,0.9627332471400343,0.183985861021465,0.18398586106772447,0.15427464046426503,0.21145106892873067,0.15555174371089905,0.5697331874421345,6.334160787754637e-07
corrugated,54,1.6961114221876996e-14,5.289918523624761e-12,1.5777685591862863e-10,6.590472348163347e-09,512,38,0.10750035796738647,2.0,1,1,1,1.9999999999999996,1.1038855715063537e-05,9,27644,109,0.9681963867523857,0.968196386775187,0.9670457112712705,0.9627332471400343,0.183985861021465,0.18398586106772447,0.15427464046426503,0.21145106892873067,0.15555174371089905,0.5816850433465196,6.334160787754638e-07
corrugated,54,1.6961114221876996e-14,5.289918523624761e-12,1.293554698232321e-10,6.590472348163347e-09,512,39,0.10750035796738647,2.0,1,1,1,1.9999999999999996,1.1038855715063537e-05,9,28204,109,0.9681963867523857,0.968196386775187,0.9670457112712705,0.9627332471400343,0.183985861021465,0.18398586106772447,0.15427464046426503,0.21145106892873067,0.15555174371089905,0.5934685632522515,6.334160787754638e-07
corrugated,54,1.6961114221876996e-14,3.2355633833775417e-13,1.0613038816841473e-10,6.590472348163347e-09,512,40,0.10750035796738647,2.0,1,1,1,1.9999999999999996,1.0399550965863036e-05,9,28756,109,0.9681963867523857,0.968196386775187,0.9670457112712705,0.9627332471400343,0.183985861021465,0.18398586106772447,0.15427464046426503,0.21145106892873067,0.15555174371089905,0.60508374715933,3.449376022730744e-07
corrugated,54,1.6961114221876996e-14,3.2355633833775417e-13,1.0475259005650295e-10,6.590472348163347e-09,512,41,0.10750035796738647,2.0,1,1,1,1.9999999999999996,1.0399550965863036e-05,9,29300,109,0.9681963867523857,0.968196386775187,0.9670457112712705,0.9627332471400343,0.183985861021465,0.18398586106772447,0.15427464046426503,0.21145106892873067,0.15555174371089905,0.6165305950677552,3.4493760227307453e-07
corrugated,54,1.6961114221876996e-14,3.2355633833775417e-13,1.0495461658767286e-10,6.590472348163347e-09,512,42,0.10750035796738647,2.0,1,1,1,1.9999999999999996,1.0399550965863036e-05,9,29836,109,0.9681963867523857,0.968196386775187,0.9670457112712705,0.9627332471400343,0.183985861021465,0.18398586106772447,0.15427464046426503,0.21145106892873067,0.15555174371089905,0.6278091069775271,3.4493760227307437e-07
corrugated,54,1.6961114221876996e-14,3.2355633833775417e-13,1.0513362909007645e-10,6.590472348163347e-09,512,43,0.10750035796738647,2.0,1,1,1,1.9999999999999996,1.0399550965863036e-05,9,30364,109,0.9681963867523857,0.968196386775187,0.9670457112712705,0.9627332471400343,0.183985861021465,0.18398586106772447,0.15427464046426503,0.21145106892873067,0.15555174371089905,0.6389192828886457,3.449376022730744e-07
corrugated,54,1.6961114221876996e-14,5.450500968784276e-14,9.587726570466715e-11,6.590472348163347e-09,512,44,0.10750035796738647,2.0,1,1,1,1.9999999999999996,3.624355234851002e-06,9,30884,109,0.9681963867523857,0.968196386775187,0.9670457112712705,0.9627332471400343,0.183985861021465,0.18398586106772447,0.15427464046426503,0.21145106892873067,0.15555174371089905,0.649861122801111,4.945784170425601e-08
corrugated,54,1.6961114221876996e-14,5.450500968784276e-14,9.593776119785539e-11,6.590472348163347e-09,512,45,0.10750035796738647,2.0,1,1,1,1.9999999999999996,3.624355234851002e-06,9,31396,109,0.9681963867523857,0.968196386775187,0.9670457112712705,0.9627332471400343,0.183985861021465,0.18398586106772447,0.15427464046426503,0.21145106892873067,0.15555174371089905,0.660634626714923,4.945784170425602e-08
corrugated,54,1.6961114221876996e-14,5.450500968784276e-14,9.598549733478812e-11,6.590472348163347e-09,512,46,0.10750035796738647,2.0,1,1,1,1.9999999999999996,3.624355234851002e-06,9,31900,109,0.9681963867523857,0.968196386775187,0.9670457112712705,0.9627332471400343,0.183985861021465,0.18398586106772447,0.15427464046426503,0.21145106892873067,0.15555174371089905,0.6712397946300817,4.9457841704256e-08
corrugated,54,1.6961114221876996e-14,5.450500968784276e-14,9.574168846206291e-11,6.590472348163347e-09,512,47,0.10750035796738647,2.0,1,1,1,1.9999999999999996,3.624355234851002e-06,9,32396,109,0.9681963867523857,0.968196386775187,0.9670457112712705,0.9627332471400343,0.183985861021465,0.18398586106772447,0.15427464046426503,0.21145106892873067,0.15555174371089905,0.681676626546587,4.945784170425601e-08
corrugated,54,1.6961114221876996e-14,4.3967502065772874e-15,7.404375661853381e-11,6.590472348163347e-09,512,48,0.10750035796738647,2.0,1,1,1,1.9999999999999996,2.6701341475929484e-06,9,32884,109,0.9681963867523857,0.968196386775187,0.9670457112712705,0.9627332471400343,0.183985861021465,0.18398586106772447,0.15427464046426503,0.21145106892873067,0.15555174371089905,0.6919451224644391,2.8598822395774463e-08
corrugated,54,1.6961114221876996e-14,4.3967502065772874e-15,7.407288972673523e-11,6.590472348163347e-09,512,49,0.10750035796738647,2.0,1,1,1,1.9999999999999996,2.6701341475929484e-06,9,33364,109,0.9681963867523857,0.968196386775187,0.9670457112712705,0.9627332471400343,0.183985861021465,0.18398586106772447,0.15427464046426503,0.21145106892873067,0.15555174371089905,0.7020452823836377,2.8598822395774463e-08
corrugated,54,1.6961114221876996e-14,4.3967502065772874e-15,7.404563651980021e-11,6.590472348163347e-09,512,50,0.10750035796738647,2.0,1,1,1,1.9999999999999996,2.6701341475929484e-06,9,33836,109,0.9681963867523857,0.968196386775187,0.9670457112712705,0.9627332471400343,0.183985861021465,0.18398586106772447,0.15427464046426503,0.21145106892873067,0.15555174371089905,0.7119771063041832,2.8598822395774463e-08
corrugated,54,1.6961114221876996e-14,4.3967502065772874e-15,7.405033606417078e-11,6.590472348163347e-09,512,51,0.10750035796738647,2.0,1,1,1,1.9999999999999996,2.6701341475929484e-06,9,34300,109,0.9681963867523857,0.968196386775187,0.9670457112712705,0.9627332471400343,0.183985861021465,0.18398586106772447,0.15427464046426503,0.21145106892873067,0.15555174371089905,0.7217405942260753,2.8598822395774463e-08
corrugated,54,1.6961114221876996e-14,1.0382387892654416e-15,4.843744424248064e-11,6.590472348163347e-09,512,52,0.10750035796738647,2.0,1,1,1,1.9999999999999996,1.5863881840356758e-06,9,34756,109,0.9681963867523857,0.968196386775187,0.9670457112712705,0.9627332471400343,0.183985861021465,0.18398586106772447,0.15427464046426503,0.21145106892873067,0.15555174371089905,0.7313357461493141,3.2142631339572057e-09
corrugated,54,1.6961114221876996e-14,1.0382387892654416e-15,4.8492927935833825e-11,6.590472348163347e-09,512,53,0.10750035796738647,2.0,1,1,1,1.9999999999999996,1.5863881840356758e-06,9,35204,109,0.9681963867523857,0.968196386775187,0.9670457112712705,0.9627332471400343,0.183985861021465,0.18398586106772447,0.15427464046426503,0.21145106892873067,0.15555174371089905,0.7407625620738995,3.214263133957201e-09
corrugated,54,1.6961114221876996e-14,1.0382387892654416e-15,4.849344983375225e-11,6.590472348163347e-09,512,54,0.10750035796738647,2.0,1,1,1,1.9999999999999996,1.5863881840356758e-06,9,35644,109,0.9681963867523857,0.968196386775187,0.9670457112712705,0.9627332471400343,0.183985861021465,0.18398586106772447,0.15427464046426503,0.21145106892873067,0.15555174371089905,0.7500210419998317,3.2142631339572007e-09
corrugated,54,1.6961114221876996e-14,1.0382387892654416e-15,4.8493188885495143e-11,6.590472348163347e-09,512,55,0.10750035796738647,2.0,1,1,1,1.9999999999999996,1.5863881840356758e-06,9,36076,109,0.9681963867523857,0.968196386775187,0.9670457112712705,0.9627332471400343,0.183985861021465,0.18398586106772447,0.15427464046426503,0.21145106892873067,0.15555174371089905,0.7591111859271105,3.214263133957201e-09
corrugated,54,1.6961114221876996e-14,2.8441554754403403e-16,2.1844427355084056e-11,6.590472348163347e-09,512,56,0.10750035796738647,2.0,1,1,1,1.9999999999999996,1.213778547120027e-06,9,36500,109,0.9681963867523857,0.968196386775187,0.9670457112712705,0.9627332471400343,0.183985861021465,0.18398586106772447,0.15427464046426503,0.21145106892873067,0.15555174371089905,0.7680329938557361,1.5253486784465019e-09
corrugated,54,1.6961114221876996e-14,2.8441554754403403e-16,2.1840951341585932e-11,6.590472348163347e-09,512,57,0.10750035796738647,2.0,1,1,1,1.9999999999999996,1.213778547120027e-06,9,36916,109,0.9681963867523857,0.968196386775187,0.9670457112712705,0.9627332471400343,0.183985861021465,0.18398586106772447,0.15427464046426503,0.21145106892873067,0.15555174371089905,0.7767864657857083,1.525348678446501e-09
corrugated,54,1.6961114221876996e-14,2.8441554754403403e-16,2.1840951341585932e-11,6.590472348163347e-09,512,58,0.10750035796738647,2.0,1,1,1,1.9999999999999996,1.213778547120027e-06,9,37324,109,0.9681963867523857,0.968196386775187,0.9670457112712705,0.9627332471400343,0.183985861021465,0.18398586106772447,0.15427464046426503,0.21145106892873067,0.15555174371089905,0.7853716017170271,1.5253486784465017e-09
corrugated,54,1.6961114221876996e-14,2.8441554754403403e-16,2.1840951341585932e-11,6.590472348163347e-09,512,59,0.10750035796738647,2.0,1,1,1,1.9999999999999996,1.213778547120027e-06,9,37724,109,0.9681963867523857,0.968196386775187,0.9670457112712705,0.9627332471400343,0.183985861021465,0.18398586106772447,0.15427464046426503,0.21145106892873067,0.15555174371089905,0.7937884016496928,1.525348678446502e-09
corrugated,54,1.6961114221876996e-14,9.972295926621493e-17,6.436614422908852e-12,6.590472348163347e-09,512,60,0.10750035796738647,2.0,1,1,1,1.9999999999999996,3.502426437224978e-07,9,38116,109,0.9681963867523857,0.968196386775187,0.9670457112712705,0.9627332471400343,0.183985861021465,0.18398586106772447,0.15427464046426503,0.21145106892873067,0.15555174371089905,0.8020368655837051,1.759435424453664e-10
corrugated,54,1.6961114221876996e-14,9.972295926621493e-17,6.4356313584628114e-12,6.590472348163347e-09,512,61,0.10750035796738647,2.0,1,1,1,1.9999999999999996,3.502426437224978e-07,9,38500,109,0.9681963867523857,0.968196386775187,0.9670457112712705,0.9627332471400343,0.183985861021465,0.18398586106772447,0.15427464046426503,0.21145106892873067,0.15555174371089905,0.8101169935190641,1.7594354244536521e-10
corrugated,54,1.6961114221876996e-14,9.972295926621493e-17,6.436614422908852e-12,6.590472348163347e-09,512,62,0.10750035796738647,2.0,1,1,1,1.9999999999999996,3.502426437224978e-07,9,38876,109,0.9681963867523857,0.968196386775187,0.9670457112712705,0.9627332471400343,0.183985861021465,0.18398586106772447,0.15427464046426503,0.21145106892873067,0.15555174371089905,0.8180287854557697,1.7594354244536594e-10
corrugated,54,1.6961114221876996e-14,9.972295926621493e-17,6.420867330392722e-12,6.590472348163347e-09,512,63,0.10750035796738647,2.0,1,1,1,1.9999999999999996,3.502426437224978e-07,9,39244,109,0.9681963867523857,0.968196386775187,0.9670457112712705,0.9627332471400343,0.183985861021465,0.18398586106772447,0.15427464046426503,0.21145106892873067,0.15555174371089905,0.8257722413938221,1.7594354244536635e-10
corrugated,54,1.6961114221876996e-14,1.826783270042849e-17,3.4489117614480725e-12,6.590472348163347e-09,512,64,0.10750035796738647,2.0,1,1,1,1.9999999999999996,3.3817890037323316e-07,9,39604,109,0.9681963867523857,0.968196386775187,0.9670457112712705,0.9627332471400343,0.183985861021465,0.18398586106772447,0.15427464046426503,0.21145106892873067,0.15555174371089905,0.8333473613332211,1.167320282109058e-10
corrugated,54,1.6961114221876996e-14,1.826783270042849e-17,3.4489117614480725e-12,6.590472348163347e-09,512,65,0.10750035796738647,2.0,1,1,1,1.9999999999999996,3.3817890037323316e-07,9,39956,109,0.9681963867523857,0.968196386775187,0.9670457112712705,0.9627332471400343,0.183985861021465,0.18398586106772447,0.15427464046426503,0.21145106892873067,0.15555174371089905,0.8407541452739669,1.1673202821090583e-10
corrugated,54,1.6961114221876996e-14,1.826783270042849e-17,3.4489117614480725e-12,6.590472348163347e-09,512,66,0.10750035796738647,2.0,1,1,1,1.9999999999999996,3.3817890037323316e-07,9,40300,109,0.9681963867523857,0.968196386775187,0.9670457112712705,0.9627332471400343,0.183985861021465,0.18398586106772447,0.15427464046426503,0.21145106892873067,0.15555174371089905,0.8479925932160592,1.1673202821090588e-10
corrugated,54,1.6961114221876996e-14,1.826783270042849e-17,3.4489117614480725e-12,6.590472348163347e-09,512,67,0.10750035796738647,2.0,1,1,1,1.9999999999999996,3.3817890037323316e-07,9,40636,109,0.9681963867523857,0.968196386775187,0.9670457112712705,0.9627332471400343,0.183985861021465,0.18398586106772447,0.15427464046426503,0.21145106892873067,0.15555174371089905,0.8550627051594983,1.167320282109058e-10
corrugated,54,1.6961114221876996e-14,4.71673412133752e-18,8.111848449980579e-13,6.590472348163347e-09,512,68,0.10750035796738647,2.0,1,1,1,1.9999999999999996,2.423253035175393e-07,9,40964,109,0.9681963867523857,0.968196386775187,0.9670457112712705,0.9627332471400343,0.183985861021465,0.18398586106772447,0.15427464046426503,0.21145106892873067,0.15555174371089905,0.8619644811042841,1.1785368443813662e-11
corrugated,54,1.6961114221876996e-14,4.71673412133752e-18,8.111848449980579e-13,6.590472348163347e-09,512,69,0.10750035796738647,2.0,1,1,1,1.9999999999999996,2.423253035175393e-07,9,41284,109,0.9681963867523857,0.968196386775187,0.9670457112712705,0.9627332471400343,0.183985861021465,0.18398586106772447,0.15427464046426503,0.21145106892873067,0.15555174371089905,0.8686979210504167,1.1785368443813662e-11
corrugated,54,1.6961114221876996e-14,4.71673412133752e-18,8.111848449980579e-13,6.590472348163347e-09,512,70,0.10750035796738647,2.0,1,1,1,1.9999999999999996,2.423253035175393e-07,9,41596,109,0.9681963867523857,0.968196386775187,0.9670457112712705,0.9627332471400343,0.183985861021465,0.18398586106772447,0.15427464046426503,0.21145106892873067,0.15555174371089905,0.8752630249978958,1.1785368443813648e-11
corrugated,54,1.6961114221876996e-14,4.71673412133752e-18,8.111848449980579e-13,6.590472348163347e-09,512,71,0.10750035796738647,2.0,1,1,1,1.9999999999999996,2.423253035175393e-07,9,41900,109,0.9681963867523857,0.968196386775187,0.9670457112712705,0.9627332471400343,0.183985861021465,0.18398586106772447,0.15427464046426503,0.21145106892873067,0.15555174371089905,0.8816597929467217,1.1785368443813612e-11
corrugated,54,1.6961114221876996e-14,0.0,0.0,6.590472348163347e-09,512,72,0.10750035796738647,2.0,1,1,1,1.9999999999999996,1.2463116742597104e-07,9,42196,109,0.9681963867523857,0.968196386775187,0.9670457112712705,0.9627332471400343,0.183985861021465,0.18398586106772447,0.15427464046426503,0.21145106892873067,0.15555174371089905,0.8878882248968942,1.6220861507437792e-12
corrugated,54,1.6961114221876996e-14,0.0,0.0,6.590472348163347e-09,512,73,0.10750035796738647,2.0,1,1,1,1.9999999999999996,1.2463116742597104e-07,9,42484,109,0.9681963867523857,0.968196386775187,0.9670457112712705,0.9627332471400343,0.183985861021465,0.18398586106772447,0.15427464046426503,0.21145106892873067,0.15555174371089905,0.8939483208484135,1.6220861507435405e-12
corrugated,54,1.6961114221876996e-14,0.0,0.0,6.590472348163347e-09,512,74,0.10750035796738647,2.0,1,1,1,1.9999999999999996,1.2463116742597104e-07,9,42764,109,0.9681963867523857,0.968196386775187,0.9670457112712705,0.9627332471400343,0.183985861021465,0.18398586106772447,0.15427464046426503,0.21145106892873067,0.15555174371089905,0.8998400808012793,1.6220861507436927e-12
corrugated,54,1.6961114221876996e-14,0.0,0.0,6.590472348163347e-09,512,75,0.10750035796738647,2.0,1,1,1,1.9999999999999996,1.2463116742597104e-07,9,43036,109,0.9681963867523857,0.968196386775187,0.9670457112712705,0.9627332471400343,0.183985861021465,0.18398586106772447,0.15427464046426503,0.21145106892873067,0.15555174371089905,0.905563504755492,1.6220861507439686e-12
corrugated,54,1.6961114221876996e-14,0.0,0.0,6.590472348163347e-09,512,76,0.10750035796738647,2.0,1,1,1,1.9999999999999996,5.415430633063389e-08,9,43300,109,0.9681963867523857,0.968196386775187,0.9670457112712705,0.9627332471400343,0.183985861021465,0.18398586106772447,0.15427464046426503,0.21145106892873067,0.15555174371089905,0.9111185927110512,9.030911566697326e-14
corrugated,54,1.6961114221876996e-14,0.0,0.0,6.590472348163347e-09,512,77,0.10750035796738647,2.0,1,1,1,1.9999999999999996,5.4154306330633886e-08,9,43556,109,0.9681963867523857,0.968196386775187,0.9670457112712705,0.9627332471400343,0.183985861021465,0.18398586106772447,0.15427464046426503,0.21145106892873067,0.15555174371089905,0.9165053446679572,9.030911566693846e-14
corrugated,54,1.6961114221876996e-14,0.0,0.0,6.590472348163347e-09,512,78,0.10750035796738647,2.0,1,1,1,1.9999999999999996,5.4154306330633886e-08,9,43804,109,0.9681963867523857,0.968196386775187,0.9670457112712705,0.9627332471400343,0.183985861021465,0.18398586106772447,0.15427464046426503,0.21145106892873067,0.15555174371089905,0.9217237606262099,9.030911566648711e-14
corrugated,54,1.6961114221876996e-14,0.0,0.0,6.590472348163347e-09,512,79,0.10750035796738647,2.0,1,1,1,1.9999999999999996,5.4154306330633886e-08,9,44044,109,0.9681963867523857,0.968196386775187,0.9670457112712705,0.9627332471400343,0.183985861021465,0.18398586106772447,0.15427464046426503,0.21145106892873067,0.15555174371089905,0.9267738405858092,9.030911566691798e-14
corrugated,54,1.6961114221876996e-14,0.0,0.0,6.590472348163347e-09,512,80,0.10750035796738647,2.0,1,1,1,1.9999999999999996,3.3564859641986766e-08,9,44276,109,0.9681963867523857,0.968196386775187,0.9670457112712705,0.9627332471400343,0.183985861021465,0.18398586106772447,0.15427464046426503,0.21145106892873067,0.15555174371089905,0.9316555845467553,7.818555904276301e-15
corrugated,54,1.6961114221876996e-14,0.0,0.0,6.590472348163347e-09,512,81,0.10750035796738647,2.0,1,1,1,1.9999999999999996,3.3564859641986766e-08,9,44500,109,0.9681963867523857,0.968196386775187,0.9670457112712705,0.9627332471400343,0.183985861021465,0.18398586106772447,0.15427464046426503,0.21145106892873067,0.15555174371089905,0.936368992509048,7.818555904376401e-15
corrugated,54,1.6961114221876996e-14,0.0,0.0,6.590472348163347e-09,512,82,0.10750035796738647,2.0,1,1,1,1.9999999999999996,3.3564859641986766e-08,9,44716,109,0.9681963867523857,0.968196386775187,0.9670457112712705,0.9627332471400343,0.183985861021465,0.18398586106772447,0.15427464046426503,0.21145106892873067,0.15555174371089905,0.9409140644726874,7.818555904537944e-15
corrugated,54,1.6961114221876996e-14,0.0,0.0,6.590472348163347e-09,512,83,0.10750035796738647,2.0,1,1,1,1.9999999999999996,3.3564859641986766e-08,9,44924,109,0.9681963867523857,0.968196386775187,0.9670457112712705,0.9627332471400343,0.183985861021465,0.18398586106772447,0.15427464046426503,0.21145106892873067,0.15555174371089905,0.9452908004376736,7.818555904675771e-15
corrugated,54,1.6961114221876996e-14,0.0,0.0,6.590472348163347e-09,512,84,0.10750035796738647,2.0,1,1,1,1.9999999999999996,3.11155699696807e-08,9,45124,109,0.9681963867523857,0.968196386775187,0.9670457112712705,0.9627332471400343,0.183985861021465,0.18398586106772447,0.15427464046426503,0.21145106892873067,0.15555174371089905,0.9494992004040064,4.0247767385466055e-15
corrugated,54,1.6961114221876996e-14,0.0,0.0,6.590472348163347e-09,512,85,0.10750035796738647,2.0,1,1,1,1.9999999999999996,3.11155699696807e-08,9,45316,109,0.9681963867523857,0.968196386775187,0.9670457112712705,0.9627332471400343,0.183985861021465,0.18398586106772447,0.15427464046426503,0.21145106892873067,0.15555174371089905,0.9535392643716859,4.02477673869379e-15
corrugated,54,1.6961114221876996e-14,0.0,0.0,6.590472348163347e-09,512,86,0.10750035796738647,2.0,1,1,1,1.9999999999999996,3.11155699696807e-08,9,45500,109,0.9681963867523857,0.968196386775187,0.9670457112712705,0.9627332471400343,0.183985861021465,0.18398586106772447,0.15427464046426503,0.21145106892873067,0.15555174371089905,0.957410992340712,4.024776738835879e-15
corrugated,54,1.6961114221876996e-14,0.0,0.0,6.590472348163347e-09,512,87,0.10750035796738647,2.0,1,1,1,1.9999999999999996,3.11155699696807e-08,9,45676,109,0.9681963867523857,0.968196386775187,0.9670457112712705,0.9627332471400343,0.183985861021465,0.18398586106772447,0.15427464046426503,0.21145106892873067,0.15555174371089905,0.961114384311085,4.024776738703246e-15
corrugated,54,1.6961114221876996e-14,0.0,0.0,6.590472348163347e-09,512,88,0.10750035796738647,2.0,1,1,1,1.9999999999999996,1.008413057944836e-08,9,45844,109,0.9681963867523857,0.968196386775187,0.9670457112712705,0.9627332471400343,0.183985861021465,0.18398586106772447,0.15427464046426503,0.21145106892873067,0.15555174371089905,0.9646494402828045,2.3886943264646295e-16
corrugated,54,1.6961114221876996e-14,0.0,0.0,6.590472348163347e-09,512,89,0.10750035796738647,2.0,1,1,1,1.9999999999999996,1.0084130579448353e-08,9,46004,109,0.9681963867523857,0.968196386775187,0.9670457112712705,0.9627332471400343,0.183985861021465,0.18398586106772447,0.15427464046426503,0.21145106892873067,0.15555174371089905,0.9680161602558707,2.388694326083591e-16
corrugated,54,1.6961114221876996e-14,0.0,0.0,6.590472348163347e-09,512,90,0.10750035796738647,2.0,1,1,1,1.9999999999999996,1.0084130579448347e-08,9,46156,109,0.9681963867523857,0.968196386775187,0.9670457112712705,0.9627332471400343,0.183985861021465,0.18398586106772447,0.15427464046426503,0.21145106892873067,0.15555174371089905,0.9712145442302836,2.388694325684646e-16
corrugated,54,1.6961114221876996e-14,0.0,0.0,6.590472348163347e-09,512,91,0.10750035796738647,2.0,1,1,1,1.9999999999999996,1.0084130579448342e-08,9,46300,109,0.9681963867523857,0.968196386775187,0.9670457112712705,0.9627332471400343,0.183985861021465,0.18398586106772447,0.15427464046426503,0.21145106892873067,0.15555174371089905,0.9742445922060433,2.3886943270615344e-16
corrugated,54,1.6961114221876996e-14,0.0,0.0,6.590472348163347e-09,512,92,0.10750035796738647,2.0,1,1,1,1.9999999999999996,8.258272039699075e-09,9,46436,109,0.9681963867523857,0.968196386775187,0.9670457112712705,0.9627332471400343,0.183985861021465,0.18398586106772447,0.15427464046426503,0.21145106892873067,0.15555174371089905,0.9771063041831496,9.409013324837191e-17
corrugated,54,1.6961114221876996e-14,0.0,0.0,6.590472348163347e-09,512,93,0.10750035796738647,2.0,1,1,1,1.9999999999999996,8.258272039699069e-09,9,46564,109,0.9681963867523857,0.968196386775187,0.9670457112712705,0.9627332471400343,0.183985861021465,0.18398586106772447,0.15427464046426503,0.21145106892873067,0.15555174371089905,0.9797996801616026,9.40901332952872e-17
corrugated,54,1.6961114221876996e-14,0.0,0.0,6.590472348163347e-09,512,94,0.10750035796738647,2.0,1,1,1,1.9999999999999996,8.258272039699067e-09,9,46684,109,0.9681963867523857,0.968196386775187,0.9670457112712705,0.9627332471400343,0.183985861021465,0.18398586106772447,0.15427464046426503,0.21145106892873067,0.15555174371089905,0.9823247201414023,9.409013315324389e-17
corrugated,54,1.6961114221876996e-14,0.0,0.0,6.590472348163347e-09,512,95,0.10750035796738647,2.0,1,1,1,1.9999999999999996,8.258272039699062e-09,9,46796,109,0.9681963867523857,0.968196386775187,0.9670457112712705,0.9627332471400343,0.183985861021465,0.18398586106772447,0.15427464046426503,0.21145106892873067,0.15555174371089905,0.9846814241225486,9.409013300934153e-17
corrugated,54,1.6961114221876996e-14,0.0,0.0,6.590472348163347e-09,512,96,0.10750035796738647,2.0,1,1,1,1.9999999999999996,3.3788140346732394e-09,9,46900,109,0.9681963867523857,0.968196386775187,0.9670457112712705,0.9627332471400343,0.183985861021465,0.18398586106772447,0.15427464046426503,0.21145106892873067,0.15555174371089905,0.9868697921050417,4.072092834016671e-18
corrugated,54,1.6961114221876996e-14,0.0,0.0,6.590472348163347e-09,512,97,0.10750035796738647,2.0,1,1,1,1.9999999999999996,3.3788140346732257e-09,9,46996,109,0.9681963867523857,0.968196386775187,0.9670457112712705,0.9627332471400343,0.183985861021465,0.18398586106772447,0.15427464046426503,0.21145106892873067,0.15555174371089905,0.9888898240888814,4.072092951974371e-18
corrugated,54,1.6961114221876996e-14,0.0,0.0,6.590472348163347e-09,512,98,0.10750035796738647,2.0,1,1,1,1.9999999999999996,3.3788140346732154e-09,9,47084,109,0.9681963867523857,0.968196386775187,0.9670457112712705,0.9627332471400343,0.183985861021465,0.18398586106772447,0.15427464046426503,0.21145106892873067,0.15555174371089905,0.9907415200740678,4.0720930053877925e-18
corrugated,54,1.6961114221876996e-14,0.0,0.0,6.590472348163347e-09,512,99,0.10750035796738647,2.0,1,1,1,1.9999999999999996,3.3788140346731997e-09,9,47164,109,0.9681963867523857,0.968196386775187,0.9670457112712705,0.9627332471400343,0.183985861021465,0.18398586106772447,0.15427464046426503,0.21145106892873067,0.15555174371089905,0.9924248800606009,4.072093013385498e-18
corrugated,54,1.6961114221876996e-14,0.0,0.0,6.590472348163347e-09,512,100,0.10750035796738647,2.0,1,1,1,1.9999999999999996,3.2288380669160896e-09,9,47236,109,0.9681963867523857,0.968196386775187,0.9670457112712705,0.9627332471400343,0.183985861021465,0.18398586106772447,0.15427464046426503,0.21145106892873067,0.15555174371089905,0.9939399040484808,1.6207247797904585e-18
corrugated,54,1.6961114221876996e-14,0.0,0.0,6.590472348163347e-09,512,101,0.10750035796738647,2.0,1,1,1,1.9999999999999996,3.2288380669160768e-09,9,47300,109,0.9681963867523857,0.968196386775187,0.9670457112712705,0.9627332471400343,0.183985861021465,0.18398586106772447,0.15427464046426503,0.21145106892873067,0.15555174371089905,0.9952865920377073,1.6207247680634686e-18
corrugated,54,1.6961114221876996e-14,0.0,0.0,6.590472348163347e-09,512,102,0.10750035796738647,2.0,1,1,1,1.9999999999999996,3.2288380669160706e-09,9,47356,109,0.9681963867523857,0.968196386775187,0.9670457112712705,0.9627332471400343,0.183985861021465,0.18398586106772447,0.15427464046426503,0.21145106892873067,0.15555174371089905,0.9964649440282805,1.6207247359532194e-18
corrugated,54,1.6961114221876996e-14,0.0,0.0,6.590472348163347e-09,512,103,0.10750035796738647,2.0,1,1,1,1.9999999999999996,3.228838066916066e-09,9,47404,109,0.9681963867523857,0.968196386775187,0.9670457112712705,0.9627332471400343,0.183985861021465,0.18398586106772447,0.15427464046426503,0.21145106892873067,0.15555174371089905,0.9974749600202003,1.6207247624877666e-18
corrugated,54,1.6961114221876996e-14,0.0,0.0,6.590472348163347e-09,512,104,0.10750035796738647,2.0,1,1,1,1.9999999999999996,1.1875816846642447e-10,9,47444,109,0.9681963867523857,0.968196386775187,0.9670457112712705,0.9627332471400343,0.183985861021465,0.18398586106772447,0.15427464046426503,0.21145106892873067,0.15555174371089905,0.9983166400134669,2.5861115411979535e-20
corrugated,54,1.6961114221876996e-14,0.0,0.0,6.590472348163347e-09,512,105,0.10750035796738647,2.0,1,1,1,1.9999999999999996,1.187581684661485e-10,9,47476,109,0.9681963867523857,0.968196386775187,0.9670457112712705,0.9627332471400343,0.183985861021465,0.18398586106772447,0.15427464046426503,0.21145106892873067,0.15555174371089905,0.9989899840080801,2.5861116434998036e-20
corrugated,54,1.6961114221876996e-14,0.0,0.0,6.590472348163347e-09,512,106,0.10750035796738647,2.0,1,1,1,1.9999999999999996,1.1875816846600074e-10,9,47500,109,0.9681963867523857,0.968196386775187,0.9670457112712705,0.9627332471400343,0.183985861021465,0.18398586106772447,0.15427464046426503,0.21145106892873067,0.15555174371089905,0.99949499200404,2.5861108175513196e-20
corrugated,54,1.6961114221876996e-14,0.0,0.0,6.590472348163347e-09,512,107,0.10750035796738647,2.0,1,1,1,1.9999999999999996,1.1875816846593764e-10,9,47516,109,0.9681963867523857,0.968196386775187,0.9670457112712705,0.9627332471400343,0.183985861021465,0.18398586106772447,0.15427464046426503,0.21145106892873067,0.15555174371089905,0.9998316640013467,2.5861109354868158e-20
corrugated,54,1.6961114221876996e-14,0.0,0.0,6.590472348163347e-09,512,108,0.10750035796738647,2.0,1,1,1,1.9999999999999996,0.0,9,47524,109,0.9681963867523857,0.968196386775187,0.9670457112712705,0.9627332471400343,0.183985861021465,0.18398586106772447,0.15427464046426503,0.21145106892873067,0.15555174371089905,1.0,0.0
corrugated,81,1.857557152577979e-15,0.41721536096643913,3.1923245567760876,6.044272752347357e-08,1024,0,0.10750035796738647,10.0,1,1,1,9.999999999999998,0.2715616762010101,9,652,163,0.9794854653852826,0.9794854657963322,0.9778484272379518,0.9732858026170904,0.16185141734202907,0.16185141746869233,0.14372864347701772,0.181699744864578,0.14404227375731846,0.006134969325153374,0.5367185595559726
corrugated,81,1.857557152577979e-15,0.41721536096643913,2.9040221817437786,6.044272752347357e-08,1024,1,0.10750035796738647,10.0,1,1,1,9.999999999999998,0.2715616762010101,9,1948,163,0.9794854653852826,0.9794854657963322,0.9778484272379518,0.9732858026170904,0.16185141734202907,0.16185141746869233,0.14372864347701772,0.181699744864578,0.14404227375731846,0.018329632278218978,0.5367185595559726
corrugated,81,1.857557152577979e-15,0.41721536096643913,2.466124245383408,6.044272752347357e-08,1024,2,0.10750035796738647,10.0,1,1,1,9.999999999999998,0.2715616762010101,9,3236,163,0.9794854653852826,0.9794854657963322,0.9778484272379518,0.9732858026170904,0.16185141734202907,0.16185141746869233,0.14372864347701772,0.181699744864578,0.14404227375731846,0.030449019534043435,0.5367185595559726
corrugated,81,1.857557152577979e-15,0.41721536096643913,2.1262607347536844,6.044272752347357e-08,1024,3,0.10750035796738647,10.0,1,1,1,9.999999999999998,0.2715616762010101,9,4516,163,0.9794854653852826,0.9794854657963322,0.9778484272379518,0.9732858026170904,0.16185141734202907,0.16185141746869233,0.14372864347701772,0.181699744864578,0.14404227375731846,0.04249313109262674,0.5367185595559726
corrugated,81,1.857557152577979e-15,0.3115800450608051,2.000924302525055,6.044272752347357e-08,1024,4,0.10750035796738647,10.0,1,1,1,9.999999999999998,0.24433629895593195,9,5788,163,0.9794854653852826,0.9794854657963322,0.9778484272379518,0.9732858026170904,0.16185141734202907,0.16185141746869233,0.14372864347701772,0.181699744864578,0.14404227375731846,0.05446196695396891,0.45045252539787417
corrugated,81,1.857557152577979e-15,0.3115800450608051,1.8327329727660429,6.044272752347357e-08,1024,5,0.10750035796738647,10.0,1,1,1,9.999999999999998,0.24433629895593195,9,7052,163,0.9794854653852826,0.9794854657963322,0.9778484272379518,0.9732858026170904,0.16185141734202907,0.16185141746869233,0.14372864347701772,0.181699744864578,0.14404227375731846,0.06635552711806993,0.45045252539787417
corrugated,81,1.857557152577979e-15,0.3115800450608051,1.5406928441506105,6.044272752347357e-08,1024,6,0.10750035796738647,10.0,1,1,1,9.999999999999998,0.24433629895593195,9,8308,163,0.9794854653852826,0.9794854657963322,0.9778484272379518,0.9732858026170904,0.16185141734202907,0.16185141746869233,0.14372864347701772,0.181699744864578,0.14404227375731846,0.07817381158492981,0.45045252539787417
corrugated,81,1.857557152577979e-15,0.3115800450608051,1.223255253073318,6.044272752347357e-08,1024,7,0.10750035796738647,10.0,1,1,1,9.999999999999998,0.24433629895593195,9,9556,163,0.9794854653852826,0.9794854657963322,0.9778484272379518,0.9732858026170904,0.16185141734202907,0.16185141746869233,0.14372864347701772,0.181699744864578,0.14404227375731846,0.08991682035454854,0.45045252539787417
corrugated,81,1.857557152577979e-15,0.03214553114545962,0.444392801743569,6.044272752347357e-08,1024,8,0.10750035796738647,10.0,1,1,1,9.999999999999998,0.10198303700772883,9,10796,163,0.9794854653852826,0.9794854657963322,0.9778484272379518,0.9732858026170904,0.16185141734202907,0.16185141746869233,0.14372864347701772,0.181699744864578,0.14404227375731846,0.10158455342692611,0.1418145746594949
corrugated,81,1.857557152577979e-15,0.0321455311454596,0.34380810504158954,6.044272752347357e-08,1024,9,0.10750035796738647,10.0,1,1,1,9.999999999999998,0.10198303700772883,9,12028,163,0.9794854653852826,0.9794854657963322,0.9778484272379518,0.9732858026170904,0.16185141734202907,0.16185141746869233,0.14372864347701772,0.181699744864578,0.14404227375731846,0.11317701080206255,0.14181457465949487
corrugated,81,1.857557152577979e-15,0.0321455311454596,0.22929061346021082,6.044272752347357e-08,1024,10,0.10750035796738647,10.0,1,1,1,9.999999999999998,0.10198303700772883,9,13252,163,0.9794854653852826,0.9794854657963322,0.9778484272379518,0.9732858026170904,0.16185141734202907,0.16185141746869233,0.14372864347701772,0.181699744864578,0.14404227375731846,0.12469419247995785,0.1418145746594949
corrugated,81,1.857557152577979e-15,0.03214553114545962,0.15385204002003505,6.044272752347357e-08,1024,11,0.10750035796738647,10.0,1,1,1,9.999999999999998,0.10198303700772883,9,14468,163,0.9794854653852826,0.9794854657963322,0.9778484272379518,0.9732858026170904,0.16185141734202907,0.16185141746869233,0.14372864347701772,0.181699744864578,0.14404227375731846,0.136136098460612,0.14181457465949487
corrugated,81,1.857557152577979e-15,0.01759879437038243,0.1071552319053092,6.044272752347357e-08,1024,12,0.10750035796738647,10.0,1,1,1,9.999999999999998,0.0864868823500682,9,15676,163,0.9794854653852826,0.9794854657963322,0.9778484272379518,0.9732858026170904,0.16185141734202907,0.16185141746869233,0.14372864347701772,0.181699744864578,0.14404227375731846,0.14750272874402498,0.11375350297040472
corrugated,81,1.857557152577979e-15,0.017598794370382417,0.09073152215174184,6.044272752347357e-08,1024,13,0.10750035796738647,10.0,1,1,1,9.999999999999998,0.0864868823500682,9,16876,163,0.9794854653852826,0.9794854657963322,0.9778484272379518,0.9732858026170904,0.16185141734202907,0.16185141746869233,0.14372864347701772,0.181699744864578,0.14404227375731846,0.15879408333019684,0.1137535029704047
corrugated,81,1.857557152577979e-15,0.017598794370382413,0.08142810456130029,6.044272752347357e-08,1024,14,0.10750035796738647,10.0,1,1,1,9.999999999999998,0.0864868823500682,9,18068,163,0.9794854653852826,0.9794854657963322,0.9778484272379518,0.9732858026170904,0.16185141734202907,0.16185141746869233,0.14372864347701772,0.181699744864578,0.14404227375731846,0.17001016221912754,0.1137535029704047
corrugated,81,1.857557152577979e-15,0.017598794370382417,0.06969653245311652,6.044272752347357e-08,1024,15,0.10750035796738647,10.0,1,1,1,9.999999999999998,0.0864868823500682,9,19252,163,0.9794854653852826,0.9794854657963322,0.9778484272379518,0.9732858026170904,0.16185141734202907,0.16185141746869233,0.14372864347701772,0.181699744864578,0.14404227375731846,0.18115096541081713,0.11375350297040472
corrugated,81,1.857557152577979e-15,0.0012734440540864325,0.02592315722591451,6.044272752347357e-08,1024,16,0.10750035796738647,10.0,1,1,1,9.999999999999998,0.01957850065100073,9,20428,163,0.9794854653852826,0.9794854657963322,0.9778484272379518,0.9732858026170904,0.16185141734202907,0.16185141746869233,0.14372864347701772,0.181699744864578,0.14404227375731846,0.19221649290526555,0.017481672280987973
corrugated,81,1.857557152577979e-15,0.001273444054086428,0.019575405023640614,6.044272752347357e-08,1024,17,0.10750035796738647,10.0,1,1,1,9.999999999999998,0.01957850065100073,9,21596,163,0.9794854653852826,0.9794854657963322,0.9778484272379518,0.9732858026170904,0.16185141734202907,0.16185141746869233,0.14372864347701772,0.181699744864578,0.14404227375731846,0.2032067447024728,0.017481672280987973
corrugated,81,1.857557152577979e-15,0.001273444054086438,0.011137546882587078,6.044272752347357e-08,1024,18,0.10750035796738647,10.0,1,1,1,9.999999999999998,0.01957850065100073,9,22756,163,0.9794854653852826,0.9794854657963322,0.9778484272379518,0.9732858026170904,0.16185141734202907,0.16185141746869233,0.14372864347701772,0.181699744864578,0.14404227375731846,0.21412172080243894,0.017481672280987973
corrugated,81,1.857557152577979e-15,0.001273444054086427,0.0065276770480598885,6.044272752347357e-08,1024,19,0.10750035796738647,10.0,1,1,1,9.999999999999998,0.01957850065100073,9,23908,163,0.9794854653852826,0.9794854657963322,0.9778484272379518,0.9732858026170904,0.16185141734202907,0.16185141746869233,0.14372864347701772,0.181699744864578,0.14404227375731846,0.2249614212051639,0.017481672280987973
corrugated,81,1.857557152577979e-15,0.00037747344140426494,0.003144600907971355,6.044272752347357e-08,1024,20,0.10750035796738647,10.0,1,1,1,9.999999999999998,0.013239340705326905,9,25052,163,0.9794854653852826,0.9794854657963322,0.9778484272379518,0.9732858026170904,0.16185141734202907,0.16185141746869233,0.14372864347701772,0.181699744864578,0.14404227375731846,0.23572584591064774,0.009539114375292328
corrugated,81,1.857557152577979e-15,0.00037747344140427015,0.0027741139647202025,6.044272752347357e-08,1024,21,0.10750035796738647,10.0,1,1,1,9.999999999999998,0.013239340705326905,9,26188,163,0.9794854653852826,0.9794854657963322,0.9778484272379518,0.9732858026170904,0.16185141734202907,0.16185141746869233,0.14372864347701772,0.181699744864578,0.14404227375731846,0.24641499491889043,0.009539114375292328
corrugated,81,1.857557152577979e-15,0.0003774734414042641,0.0021252406349569824,6.044272752347357e-08,1024,22,0.10750035796738647,10.0,1,1,1,9.999999999999998,0.013239340705326905,9,27316,163,0.9794854653852826,0.9794854657963322,0.9778484272379518,0.9732858026170904,0.16185141734202907,0.16185141746869233,0.14372864347701772,0.181699744864578,0.14404227375731846,0.25702886822989196,0.009539114375292328
corrugated,81,1.857557152577979e-15,0.00037747344140426266,0.0015788599568410052,6.044272752347357e-08,1024,23,0.10750035796738647,10.0,1,1,1,9.999999999999998,0.013239340705326905,9,28436,163,0.9794854653852826,0.9794854657963322,0.9778484272379518,0.9732858026170904,0.16185141734202907,0.16185141746869233,0.14372864347701772,0.181699744864578,0.14404227375731846,0.2675674658436524,0.009539114375292328
corrugated,81,1.857557152577979e-15,3.462267598975941e-05,0.0007751225709848161,6.044272752347357e-08,1024,24,0.10750035796738647,10.0,1,1,1,9.999999999999998,0.004200120796118472,9,29548,163,0.9794854653852826,0.9794854657963322,0.9778484272379518,0.9732858026170904,0.16185141734202907,0.16185141746869233,0.14372864347701772,0.181699744864578,0.14404227375731846,0.27803078776017165,0.0022871078458940194
corrugated,81,1.857557152577979e-15,3.4622675989762256e-05,0.0005952960551518481,6.044272752347357e-08,1024,25,0.10750035796738647,10.0,1,1,1,9.999999999999998,0.004200120796118472,9,30652,163,0.9794854653852826,0.9794854657963322,0.9778484272379518,0.9732858026170904,0.16185141734202907,0.16185141746869233,0.14372864347701772,0.181699744864578,0.14404227375731846,0.28841883397944973,0.002287107845894019
corrugated,81,1.857557152577979e-15,3.4622675989749936e-05,0.00032722923171307934,6.044272752347357e-08,1024,26,0.10750035796738647,10.0,1,1,1,9.999999999999998,0.004200120796118472,9,31748,163,0.9794854653852826,0.9794854657963322,0.9778484272379518,0.9732858026170904,0.16185141734202907,0.16185141746869233,0.14372864347701772,0.181699744864578,0.14404227375731846,0.29873160450148667,0.0022871078458940194
corrugated,81,1.857557152577979e-15,3.462267598975912e-05,0.0002018429242151505,6.044272752347357e-08,1024,27,0.10750035796738647,10.0,1,1,1,9.999999999999998,0.004200120796118472,9,32836,163,0.9794854653852826,0.9794854657963322,0.9778484272379518,0.9732858026170904,0.16185141734202907,0.16185141746869233,0.14372864347701772,0.181699744864578,0.14404227375731846,0.3089690993262825,0.002287107845894019
corrugated,81,1.857557152577979e-15,5.028966011804339e-06,6.0106802223519815e-05,6.044272752347357e-08,1024,28,0.10750035796738647,10.0,1,1,1,9.999999999999998,0.0021303595350952694,9,33916,163,0.9794854653852826,0.9794854657963322,0.9778484272379518,0.9732858026170904,0.16185141734202907,0.16185141746869233,0.14372864347701772,0.181699744864578,0.14404227375731846,0.3191313184538372,0.0010617093546922576
corrugated,81,1.857557152577979e-15,5.028966011805812e-06,4.730990891194373e-05,6.044272752347357e-08,1024,29,0.10750035796738647,10.0,1,1,1,9.999999999999998,0.0021303595350952694,9,34988,163,0.9794854653852826,0.9794854657963322,0.9778484272379518,0.9732858026170904,0.16185141734202907,0.16185141746869233,0.14372864347701772,0.181699744864578,0.14404227375731846,0.3292182618841507,0.0010617093546922574
corrugated,81,1.857557152577979e-15,5.028966011800197e-06,3.2954460509093156e-05,6.044272752347357e-08,1024,30,0.10750035796738647,10.0,1,1,1,9.999999999999998,0.0021303595350952694,9,36052,163,0.9794854653852826,0.9794854657963322,0.9778484272379518,0.9732858026170904,0.16185141734202907,0.16185141746869233,0.14372864347701772,0.181699744864578,0.14404227375731846,0.3392299296172231,0.0010617093546922579
corrugated,81,1.857557152577979e-15,5.028966011801146e-06,2.7707817634465915e-05,6.044272752347357e-08,1024,31,0.10750035796738647,10.0,1,1,1,9.999999999999998,0.0021303595350952694,9,37108,163,0.9794854653852826,0.9794854657963322,0.9778484272379518,0.9732858026170904,0.16185141734202907,0.16185141746869233,0.14372864347701772,0.181699744864578,0.14404227375731846,0.34916632165305433,0.0010617093546922576
corrugated,81,1.857557152577979e-15,6.323601484249587e-07,9.727290188407541e-06,6.044272752347357e-08,1024,32,0.10750035796738647,10.0,1,1,1,9.999999999999998,0.0005938909267205317,9,38156,163,0.9794854653852826,0.9794854657963322,0.9778484272379518,0.9732858026170904,0.16185141734202907,0.16185141746869233,0.14372864347701772,0.181699744864578,0.14404227375731846,0.3590274379916444,0.00017479393679485644
corrugated,81,1.857557152577979e-15,6.323601484252282e-07,7.848013593983435e-06,6.044272752347357e-08,1024,33,0.10750035796738647,10.0,1,1,1,9.999999999999998,0.0005938909267205317,9,39196,163,0.9794854653852826,0.9794854657963322,0.9778484272379518,0.9732858026170904,0.16185141734202907,0.16185141746869233,0.14372864347701772,0.181699744864578,0.14404227375731846,0.36881327863299335,0.0001747939367948565
corrugated,81,1.857557152577979e-15,6.32360148424391e-07,5.035745090025755e-06,6.044272752347357e-08,1024,34,0.10750035796738647,10.0,1,1,1,9.999999999999998,0.0005938909267205317,9,40228,163,0.9794854653852826,0.9794854657963322,0.9778484272379518,0.9732858026170904,0.16185141734202907,0.16185141746869233,0.14372864347701772,0.181699744864578,0.14404227375731846,0.3785238435771011,0.00017479393679485644
corrugated,81,1.857557152577979e-15,6.323601484239288e-07,3.00773174083053e-06,6.044272752347357e-08,1024,35,0.10750035796738647,10.0,1,1,1,9.999999999999998,0.0005938909267205317,9,41252,163,0.9794854653852826,0.9794854657963322,0.9778484272379518,0.9732858026170904,0.16185141734202907,0.16185141746869233,0.14372864347701772,0.181699744864578,0.14404227375731846,0.3881591328239678,0.00017479393679485644
corrugated,81,1.857557152577979e-15,1.0752538158692799e-07,9.129920381919813e-07,6.044272752347357e-08,1024,36,0.10750035796738647,10.0,1,1,1,9.999999999999998,0.000285694121743339,9,42268,163,0.9794854653852826,0.9794854657963322,0.9778484272379518,0.9732858026170904,0.16185141734202907,0.16185141746869233,0.14372864347701772,0.181699744864578,0.14404227375731846,0.3977191463735933,6.308087737380085e-05
corrugated,81,1.857557152577979e-15,1.0752538158687294e-07,7.196907906105036e-07,6.044272752347357e-08,1024,37,0.10750035796738647,10.0,1,1,1,9.999999999999998,0.000285694121743339,9,43276,163,0.9794854653852826,0.9794854657963322,0.9778484272379518,0.9732858026170904,0.16185141734202907,0.16185141746869233,0.14372864347701772,0.181699744864578,0.14404227375731846,0.40720388422597764,6.308087737380085e-05
corrugated,81,1.857557152577979e-15,1.0752538158687294e-07,5.811308149889055e-07,6.044272752347357e-08,1024,38,0.10750035796738647,10.0,1,1,1,9.999999999999998,0.000285694121743339,9,44276,163,0.9794854653852826,0.9794854657963322,0.9778484272379518,0.9732858026170904,0.16185141734202907,0.16185141746869233,0.14372864347701772,0.181699744864578,0.14404227375731846,0.41661334638112085,6.308087737380085e-05
corrugated,81,1.857557152577979e-15,1.0752538158575207e-07,4.309216941935999e-07,6.044272752347357e-08,1024,39,0.10750035796738647,10.0,1,1,1,9.999999999999998,0.000285694121743339,9,45268,163,0.9794854653852826,0.9794854657963322,0.9778484272379518,0.9732858026170904,0.16185141734202907,0.16185141746869233,0.14372864347701772,0.181699744864578,0.14404227375731846,0.4259475328390229,6.308087737380085e-05
corrugated,81,1.857557152577979e-15,1.1088718765724425e-08,1.3453115462282585e-07,6.044272752347357e-08,1024,40,0.10750035796738647,10.0,1,1,1,9.999999999999998,0.00022787499983598785,9,46252,163,0.9794854653852826,0.9794854657963322,0.9778484272379518,0.9732858026170904,0.16185141734202907,0.16185141746869233,0.14372864347701772,0.181699744864578,0.14404227375731846,0.43520644359968386,1.884216586564417e-05
corrugated,81,1.857557152577979e-15,1.1088718765724425e-08,1.1830168568826797e-07,6.044272752347357e-08,1024,41,0.10750035796738647,10.0,1,1,1,9.999999999999998,0.00022787499983598785,9,47228,163,0.9794854653852826,0.9794854657963322,0.9778484272379518,0.9732858026170904,0.16185141734202907,0.16185141746869233,0.14372864347701772,0.181699744864578,0.14404227375731846,0.4443900786631036,1.8842165865644187e-05
corrugated,81,1.857557152577979e-15,1.1088718765724425e-08,1.0819363473297856e-07,6.044272752347357e-08,1024,42,0.10750035796738647,10.0,1,1,1,9.999999999999998,0.00022787499983598785,9,48196,163,0.9794854653852826,0.9794854657963322,0.9778484272379518,0.9732858026170904,0.16185141734202907,0.16185141746869233,0.14372864347701772,0.181699744864578,0.14404227375731846,0.45349843802928225,1.8842165865644184e-05
corrugated,81,1.857557152577979e-15,1.1088718765636519e-08,5.2838427797596425e-08,6.044272752347357e-08,1024,43,0.10750035796738647,10.0,1,1,1,9.999999999999998,0.00022787499983598785,9,49156,163,0.9794854653852826,0.9794854657963322,0.9778484272379518,0.9732858026170904,0.16185141734202907,0.16185141746869233,0.14372864347701772,0.181699744864578,0.14404227375731846,0.4625315216982197,1.8842165865644187e-05
corrugated,81,1.857557152577979e-15,1.7193172890063054e-09,1.7827655719191643e-08,6.044272752347357e-08,1024,44,0.10750035796738647,10.0,1,1,1,9.999999999999998,7.608037912436611e-05,9,50108,163,0.9794854653852826,0.9794854657963322,0.9778484272379518,0.9732858026170904,0.16185141734202907,0.16185141746869233,0.14372864347701772,0.181699744864578,0.14404227375731846,0.4714893296699161,5.531464329593182e-06
corrugated,81,1.857557152577979e-15,1.7193172890063054e-09,1.5188969449317072e-08,6.044272752347357e-08,1024,45,0.10750035796738647,10.0,1,1,1,9.999999999999998,7.608037912436611e-05,9,51052,163,0.9794854653852826,0.9794854657963322,0.9778484272379518,0.9732858026170904,0.16185141734202907,0.16185141746869233,0.14372864347701772,0.181699744864578,0.14404227375731846,0.48037186194437126,5.531464329593188e-06
corrugated,81,1.857557152577979e-15,1.7193172890063054e-09,1.1520528218454157e-08,6.044272752347357e-08,1024,46,0.10750035796738647,10.0,1,1,1,9.999999999999998,7.608037912436611e-05,9,51988,163,0.9794854653852826,0.9794854657963322,0.9778484272379518,0.9732858026170904,0.16185141734202907,0.16185141746869233,0.14372864347701772,0.181699744864578,0.14404227375731846,0.4891791185215853,5.531464329593182e-06
corrugated,81,1.857557152577979e-15,1.7193172890063054e-09,8.167708934897783e-09,6.044272752347357e-08,1024,47,0.10750035796738647,10.0,1,1,1,9.999999999999998,7.608037912436611e-05,9,52916,163,0.9794854653852826,0.9794854657963322,0.9778484272379518,0.9732858026170904,0.16185141734202907,0.16185141746869233,0.14372864347701772,0.181699744864578,0.14404227375731846,0.4979110994015582,5.531464329593166e-06
corrugated,81,1.857557152577979e-15,1.6213736738788635e-10,2.5740300527717446e-09,6.044272752347357e-08,1024,48,0.10750035796738647,10.0,1,1,1,9.999999999999998,5.3510374242066056e-05,9,53836,163,0.9794854653852826,0.9794854657963322,0.9778484272379518,0.9732858026170904,0.16185141734202907,0.16185141746869233,0.14372864347701772,0.181699744864578,0.14404227375731846,0.50656780458429,1.2221986722984817e-06
corrugated,81,1.857557152577979e-15,1.6213736738788635e-10,2.332197294171313e-09,6.044272752347357e-08,1024,49,0.10750035796738647,10.0,1,1,1,9.999999999999998,5.3510374242066056e-05,9,54748,163,0.9794854653852826,0.9794854657963322,0.9778484272379518,0.9732858026170904,0.16185141734202907,0.16185141746869233,0.14372864347701772,0.181699744864578,0.14404227375731846,0.5151492340697805,1.2221986722984844e-06
corrugated,81,1.857557152577979e-15,1.6213736738788635e-10,2.2795386713655737e-09,6.044272752347357e-08,1024,50,0.10750035796738647,10.0,1,1,1,9.999999999999998,5.3510374242066056e-05,9,55652,163,0.9794854653852826,0.9794854657963322,0.9778484272379518,0.9732858026170904,0.16185141734202907,0.16185141746869233,0.14372864347701772,0.181699744864578,0.14404227375731846,0.52365538785803,1.222198672298489e-06
corrugated,81,1.857557152577979e-15,1.6213736738788635e-10,7.502416429263725e-10,6.044272752347357e-08,1024,51,0.10750035796738647,10.0,1,1,1,9.999999999999998,5.3510374242066056e-05,9,56548,163,0.9794854653852826,0.9794854657963322,0.9778484272379518,0.9732858026170904,0.16185141734202907,0.16185141746869233,0.14372864347701772,0.181699744864578,0.14404227375731846,0.5320862659490384,1.222198672298485e-06
corrugated,81,1.857557152577979e-15,3.738771487038003e-11,3.3309973010348345e-10,6.044272752347357e-08,1024,52,0.10750035796738647,10.0,1,1,1,9.999999999999998,3.0993041347775037e-05,9,57436,163,0.9794854653852826,0.9794854657963322,0.9778484272379518,0.9732858026170904,0.16185141734202907,0.16185141746869233,0.14372864347701772,0.181699744864578,0.14404227375731846,0.5404418683428055,5.273657725533603e-07
corrugated,81,1.857557152577979e-15,3.738771487038003e-11,2.824919697436872e-10,6.044272752347357e-08,1024,53,0.10750035796738647,10.0,1,1,1,9.999999999999998,3.0993041347775037e-05,9,58316,163,0.9794854653852826,0.9794854657963322,0.9778484272379518,0.9732858026170904,0.16185141734202907,0.16185141746869233,0.14372864347701772,0.181699744864578,0.14404227375731846,0.5487221950393315,5.273657725533585e-07
corrugated,81,1.857557152577979e-15,3.738771487038003e-11,2.6270390324673264e-10,6.044272752347357e-08,1024,54,0.10750035796738647,10.0,1,1,1,9.999999999999998,3.0993041347775037e-05,9,59188,163,0.9794854653852826,0.9794854657963322,0.9778484272379518,0.9732858026170904,0.16185141734202907,0.16185141746869233,0.14372864347701772,0.181699744864578,0.14404227375731846,0.5569272460386164,5.27365772553359e-07
corrugated,81,1.857557152577979e-15,3.738771487038003e-11,1.375517840347507e-10,6.044272752347357e-08,1024,55,0.10750035796738647,10.0,1,1,1,9.999999999999998,3.0993041347775037e-05,9,60052,163,0.9794854653852826,0.9794854657963322,0.9778484272379518,0.9732858026170904,0.16185141734202907,0.16185141746869233,0.14372864347701772,0.181699744864578,0.14404227375731846,0.5650570213406602,5.273657725533593e-07
corrugated,81,1.857557152577979e-15,3.5464590696519555e-12,5.904489215232734e-11,6.044272752347357e-08,1024,56,0.10750035796738647,10.0,1,1,1,9.999999999999998,2.3874250902144742e-05,9,60908,163,0.9794854653852826,0.9794854657963322,0.9778484272379518,0.9732858026170904,0.16185141734202907,0.16185141746869233,0.14372864347701772,0.181699744864578,0.14404227375731846,0.5731115209454628,2.2243760848532558e-07
corrugated,81,1.857557152577979e-15,3.5464590696519555e-12,5.716766820740742e-11,6.044272752347357e-08,1024,57,0.10750035796738647,10.0,1,1,1,9.999999999999998,2.3874250902144742e-05,9,61756,163,0.9794854653852826,0.9794854657963322,0.9778484272379518,0.9732858026170904,0.16185141734202907,0.16185141746869233,0.14372864347701772,0.181699744864578,0.14404227375731846,0.5810907448530243,2.2243760848532648e-07
corrugated,81,1.857557152577979e-15,3.5464590696519555e-12,5.529926577852374e-11,6.044272752347357e-08,1024,58,0.10750035796738647,10.0,1,1,1,9.999999999999998,2.3874250902144742e-05,9,62596,163,0.9794854653852826,0.9794854657963322,0.9778484272379518,0.9732858026170904,0.16185141734202907,0.16185141746869233,0.14372864347701772,0.181699744864578,0.14404227375731846,0.5889946930633445,2.224376084853271e-07
corrugated,81,1.857557152577979e-15,3.5464590696519555e-12,3.680269951283702e-11,6.044272752347357e-08,1024,59,0.10750035796738647,10.0,1,1,1,9.999999999999998,2.3874250902144742e-05,9,63428,163,0.9794854653852826,0.9794854657963322,0.9778484272379518,0.9732858026170904,0.16185141734202907,0.16185141746869233,0.14372864347701772,0.181699744864578,0.14404227375731846,0.5968233655764237,2.2243760848532675e-07
corrugated,81,1.857557152577979e-15,4.414661274609688e-13,3.034958023149145e-11,6.044272752347357e-08,1024,60,0.10750035796738647,10.0,1,1,1,9.999999999999998,6.7288789669295045e-06,9,64252,163,0.9794854653852826,0.9794854657963322,0.9778484272379518,0.9732858026170904,0.16185141734202907,0.16185141746869233,0.14372864347701772,0.181699744864578,0.14404227375731846,0.6045767623922617,4.0589735111761325e-08
corrugated,81,1.857557152577979e-15,4.414661274609688e-13,2.878793983910786e-11,6.044272752347357e-08,1024,61,0.10750035796738647,10.0,1,1,1,9.999999999999998,6.7288789669295045e-06,9,65068,163,0.9794854653852826,0.9794854657963322,0.9778484272379518,0.9732858026170904,0.16185141734202907,0.16185141746869233,0.14372864347701772,0.181699744864578,0.14404227375731846,0.6122548835108585,4.0589735111761874e-08
corrugated,81,1.857557152577979e-15,4.414661274609688e-13,2.7911500504963424e-11,6.044272752347357e-08,1024,62,0.10750035796738647,10.0,1,1,1,9.999999999999998,6.7288789669295045e-06,9,65876,163,0.9794854653852826,0.9794854657963322,0.9778484272379518,0.9732858026170904,0.16185141734202907,0.16185141746869233,0.14372864347701772,0.181699744864578,0.14404227375731846,0.6198577289322142,4.058973511176198e-08
corrugated,81,1.857557152577979e-15,4.414661274609688e-13,2.7235051042149176e-11,6.044272752347357e-08,1024,63,0.10750035796738647,10.0,1,1,1,9.999999999999998,6.7288789669295045e-06,9,66676,163,0.9794854653852826,0.9794854657963322,0.9778484272379518,0.9732858026170904,0.16185141734202907,0.16185141746869233,0.14372864347701772,0.181699744864578,0.14404227375731846,0.6273852986563287,4.058973511176148e-08
corrugated,81,1.857557152577979e-15,5.149283912577967e-14,2.5434968533469122e-11,6.044272752347357e-08,1024,64,0.10750035796738647,10.0,1,1,1,9.999999999999998,6.487054757872394e-06,9,67468,163,0.9794854653852826,0.9794854657963322,0.9778484272379518,0.9732858026170904,0.16185141734202907,0.16185141746869233,0.14372864347701772,0.181699744864578,0.14404227375731846,0.6348375926832023,2.2713942483764255e-08
corrugated,81,1.857557152577979e-15,5.149283912577967e-14,2.51657813807235e-11,6.044272752347357e-08,1024,65,0.10750035796738647,10.0,1,1,1,9.999999999999998,6.487054757872394e-06,9,68252,163,0.9794854653852826,0.9794854657963322,0.9778484272379518,0.9732858026170904,0.16185141734202907,0.16185141746869233,0.14372864347701772,0.181699744864578,0.14404227375731846,0.6422146110128345,2.27139424837641e-08
corrugated,81,1.857557152577979e-15,5.149283912577967e-14,2.4806077974509063e-11,6.044272752347357e-08,1024,66,0.10750035796738647,10.0,1,1,1,9.999999999999998,6.487054757872394e-06,9,69028,163,0.9794854653852826,0.9794854657963322,0.9778484272379518,0.9732858026170904,0.16185141734202907,0.16185141746869233,0.14372864347701772,0.181699744864578,0.14404227375731846,0.6495163536452256,2.2713942483764212e-08
corrugated,81,1.857557152577979e-15,5.149283912577967e-14,2.4701079123712494e-11,6.044272752347357e-08,1024,67,0.10750035796738647,10.0,1,1,1,9.999999999999998,6.487054757872394e-06,9,69796,163,0.9794854653852826,0.9794854657963322,0.9778484272379518,0.9732858026170904,0.16185141734202907,0.16185141746869233,0.14372864347701772,0.181699744864578,0.14404227375731846,0.6567428205803756,2.2713942483764245e-08
corrugated,81,1.857557152577979e-15,1.0212053233328817e-14,2.6708377175073162e-11,6.044272752347357e-08,1024,68,0.10750035796738647,10.0,1,1,1,9.999999999999998,4.675537292818024e-06,9,70556,163,0.9794854653852826,0.9794854657963322,0.9778484272379518,0.9732858026170904,0.16185141734202907,0.16185141746869233,0.14372864347701772,0.181699744864578,0.14404227375731846,0.6638940118182844,9.258678984817888e-09
corrugated,81,1.857557152577979e-15,1.0212053233328817e-14,2.663981826227522e-11,6.044272752347357e-08,1024,69,0.10750035796738647,10.0,1,1,1,9.999999999999998,4.675537292818024e-06,9,71308,163,0.9794854653852826,0.9794854657963322,0.9778484272379518,0.9732858026170904,0.16185141734202907,0.16185141746869233,0.14372864347701772,0.181699744864578,0.14404227375731846,0.6709699273589521,9.25867898481797e-09
corrugated,81,1.857557152577979e-15,1.0212053233328817e-14,2.65854701701261e-11,6.044272752347357e-08,1024,70,0.10750035796738647,10.0,1,1,1,9.999999999999998,4.675537292818024e-06,9,72052,163,0.9794854653852826,0.9794854657963322,0.9778484272379518,0.9732858026170904,0.16185141734202907,0.16185141746869233,0.14372864347701772,0.181699744864578,0.14404227375731846,0.6779705672023787,9.258678984817893e-09
corrugated,81,1.857557152577979e-15,1.0212053233328817e-14,2.663111237597173e-11,6.044272752347357e-08,1024,71,0.10750035796738647,10.0,1,1,1,9.999999999999998,4.675537292818024e-06,9,72788,163,0.9794854653852826,0.9794854657963322,0.9778484272379518,0.9732858026170904,0.16185141734202907,0.16185141746869233,0.14372864347701772,0.181699744864578,0.14404227375731846,0.6848959313485641,9.258678984817948e-09
corrugated,81,1.857557152577979e-15,1.274003858615595e-15,1.9112125250982593e-11,6.044272752347357e-08,1024,72,0.10750035796738647,10.0,1,1,1,9.999999999999998,2.486150468218446e-06,9,73516,163,0.9794854653852826,0.9794854657963322,0.9778484272379518,0.9732858026170904,0.16185141734202907,0.16185141746869233,0.14372864347701772,0.181699744864578,0.14404227375731846,0.6917460197975084,3.110980560196737e-09
corrugated,81,1.857557152577979e-15,1.274003858615595e-15,1.9100656104831353e-11,6.044272752347357e-08,1024,73,0.10750035796738647,10.0,1,1,1,9.999999999999998,2.486150468218446e-06,9,74236,163,0.9794854653852826,0.9794854657963322,0.9778484272379518,0.9732858026170904,0.16185141734202907,0.16185141746869233,0.14372864347701772,0.181699744864578,0.14404227375731846,0.6985208325492115,3.1109805601967225e-09
corrugated,81,1.857557152577979e-15,1.274003858615595e-15,1.910827320192036e-11,6.044272752347357e-08,1024,74,0.10750035796738647,10.0,1,1,1,9.999999999999998,2.486150468218446e-06,9,74948,163,0.9794854653852826,0.9794854657963322,0.9778484272379518,0.9732858026170904,0.16185141734202907,0.16185141746869233,0.14372864347701772,0.181699744864578,0.14404227375731846,0.7052203696036734,3.110980560196725e-09
corrugated,81,1.857557152577979e-15,1.274003858615595e-15,1.913986119630218e-11,6.044272752347357e-08,1024,75,0.10750035796738647,10.0,1,1,1,9.999999999999998,2.486150468218446e-06,9,75652,163,0.9794854653852826,0.9794854657963322,0.9778484272379518,0.9732858026170904,0.16185141734202907,0.16185141746869233,0.14372864347701772,0.181699744864578,0.14404227375731846,0.7118446309608942,3.11098056019672e-09
corrugated,81,1.857557152577979e-15,6.342714613465137e-16,1.4803220281765467e-11,6.044272752347357e-08,1024,76,0.10750035796738647,10.0,1,1,1,9.999999999999998,1.1748109910745829e-06,9,76348,163,0.9794854653852826,0.9794854657963322,0.9778484272379518,0.9732858026170904,0.16185141734202907,0.16185141746869233,0.14372864347701772,0.181699744864578,0.14404227375731846,0.718393616620874,9.659059868571913e-10
corrugated,81,1.857557152577979e-15,6.342714613465137e-16,1.479815429094741e-11,6.044272752347357e-08,1024,77,0.10750035796738647,10.0,1,1,1,9.999999999999998,1.1748109910745829e-06,9,77036,163,0.9794854653852826,0.9794854657963322,0.9778484272379518,0.9732858026170904,0.16185141734202907,0.16185141746869233,0.14372864347701772,0.181699744864578,0.14404227375731846,0.7248673265836125,9.659059868571648e-10
corrugated,81,1.857557152577979e-15,6.342714613465137e-16,1.476901457793074e-11,6.044272752347357e-08,1024,78,0.10750035796738647,10.0,1,1,1,9.999999999999998,1.1748109910745829e-06,9,77716,163,0.9794854653852826,0.9794854657963322,0.9778484272379518,0.9732858026170904,0.16185141734202907,0.16185141746869233,0.14372864347701772,0.181699744864578,0.14404227375731846,0.7312657608491099,9.659059868570799e-10
corrugated,81,1.857557152577979e-15,6.342714613465137e-16,1.4776634846050074e-11,6.044272752347357e-08,1024,79,0.10750035796738647,10.0,1,1,1,9.999999999999998,1.1748109910745829e-06,9,78388,163,0.9794854653852826,0.9794854657963322,0.9778484272379518,0.9732858026170904,0.16185141734202907,0.16185141746869233,0.14372864347701772,0.181699744864578,0.14404227375731846,0.7375889194173662,9.659059868570408e-10
corrugated,81,1.857557152577979e-15,3.4826369058143835e-16,8.523441548324813e-12,6.044272752347357e-08,1024,80,0.10750035796738647,10.0,1,1,1,9.999999999999998,7.745183661297408e-07,9,79052,163,0.9794854653852826,0.9794854657963322,0.9778484272379518,0.9732858026170904,0.16185141734202907,0.16185141746869233,0.14372864347701772,0.181699744864578,0.14404227375731846,0.7438368022883812,3.2819351967004675e-10
corrugated,81,1.857557152577979e-15,3.4826369058143835e-16,8.525426315003672e-12,6.044272752347357e-08,1024,81,0.10750035796738647,10.0,1,1,1,9.999999999999998,7.745183661297408e-07,9,79708,163,0.9794854653852826,0.9794854657963322,0.9778484272379518,0.9732858026170904,0.16185141734202907,0.16185141746869233,0.14372864347701772,0.181699744864578,0.14404227375731846,0.7500094094621551,3.281935196700162e-10
corrugated,81,1.857557152577979e-15,3.4826369058143835e-16,8.527952106498288e-12,6.044272752347357e-08,1024,82,0.10750035796738647,10.0,1,1,1,9.999999999999998,7.745183661297408e-07,9,80356,163,0.9794854653852826,0.9794854657963322,0.9778484272379518,0.9732858026170904,0.16185141734202907,0.16185141746869233,0.14372864347701772,0.181699744864578,0.14404227375731846,0.7561067409386879,3.281935196699817e-10
corrugated,81,1.857557152577979e-15,3.4826369058143835e-16,8.528430972619536e-12,6.044272752347357e-08,1024,83,0.10750035796738647,10.0,1,1,1,9.999999999999998,7.745183661297408e-07,9,80996,163,0.9794854653852826,0.9794854657963322,0.9778484272379518,0.9732858026170904,0.16185141734202907,0.16185141746869233,0.14372864347701772,0.181699744864578,0.14404227375731846,0.7621287967179796,3.28193519669932e-10
corrugated,81,1.857557152577979e-15,2.348011604188382e-16,5.353019785499901e-12,6.044272752347357e-08,1024,84,0.10750035796738647,10.0,1,1,1,9.999999999999998,7.058233892454977e-07,9,81628,163,0.9794854653852826,0.9794854657963322,0.9778484272379518,0.9732858026170904,0.16185141734202907,0.16185141746869233,0.14372864347701772,0.181699744864578,0.14404227375731846,0.7680755768000301,1.7284361978595778e-10
corrugated,81,1.857557152577979e-15,2.348011604188382e-16,5.354291213350991e-12,6.044272752347357e-08,1024,85,0.10750035796738647,10.0,1,1,1,9.999999999999998,7.058233892454977e-07,9,82252,163,0.9794854653852826,0.9794854657963322,0.9778484272379518,0.9732858026170904,0.16185141734202907,0.16185141746869233,0.14372864347701772,0.181699744864578,0.14404227375731846,0.7739470811848395,1.728436197859322e-10
corrugated,81,1.857557152577979e-15,2.348011604188382e-16,5.354291213350991e-12,6.044272752347357e-08,1024,86,0.10750035796738647,10.0,1,1,1,9.999999999999998,7.058233892454977e-07,9,82868,163,0.9794854653852826,0.9794854657963322,0.9778484272379518,0.9732858026170904,0.16185141734202907,0.16185141746869233,0.14372864347701772,0.181699744864578,0.14404227375731846,0.7797433098724077,1.7284361978592485e-10
corrugated,81,1.857557152577979e-15,2.348011604188382e-16,5.354288943329938e-12,6.044272752347357e-08,1024,87,0.10750035796738647,10.0,1,1,1,9.999999999999998,7.058233892454977e-07,9,83476,163,0.9794854653852826,0.9794854657963322,0.9778484272379518,0.9732858026170904,0.16185141734202907,0.16185141746869233,0.14372864347701772,0.181699744864578,0.14404227375731846,0.7854642628627347,1.7284361978591908e-10
corrugated,81,1.857557152577979e-15,3.054040117273143e-17,2.0287023395620483e-12,6.044272752347357e-08,1024,88,0.10750035796738647,10.0,1,1,1,9.999999999999998,2.470421333338045e-07,9,84076,163,0.9794854653852826,0.9794854657963322,0.9778484272379518,0.9732858026170904,0.16185141734202907,0.16185141746869233,0.14372864347701772,0.181699744864578,0.14404227375731846,0.7911099401558207,3.402877827157527e-11
corrugated,81,1.857557152577979e-15,3.054040117273143e-17,2.0287023395620483e-12,6.044272752347357e-08,1024,89,0.10750035796738647,10.0,1,1,1,9.999999999999998,2.470421333338045e-07,9,84668,163,0.9794854653852826,0.9794854657963322,0.9778484272379518,0.9732858026170904,0.16185141734202907,0.16185141746869233,0.14372864347701772,0.181699744864578,0.14404227375731846,0.7966803417516655,3.402877827156678e-11
corrugated,81,1.857557152577979e-15,3.054040117273143e-17,2.0287023395620483e-12,6.044272752347357e-08,1024,90,0.10750035796738647,10.0,1,1,1,9.999999999999998,2.470421333338045e-07,9,85252,163,0.9794854653852826,0.9794854657963322,0.9778484272379518,0.9732858026170904,0.16185141734202907,0.16185141746869233,0.14372864347701772,0.181699744864578,0.14404227375731846,0.8021754676502691,3.402877827155774e-11
corrugated,81,1.857557152577979e-15,3.054040117273143e-17,2.0287023395620483e-12,6.044272752347357e-08,1024,91,0.10750035796738647,10.0,1,1,1,9.999999999999998,2.470421333338045e-07,9,85828,163,0.9794854653852826,0.9794854657963322,0.9778484272379518,0.9732858026170904,0.16185141734202907,0.16185141746869233,0.14372864347701772,0.181699744864578,0.14404227375731846,0.8075953178516316,3.402877827155345e-11
corrugated,81,1.857557152577979e-15,2.678987566450885e-17,1.7168497224970265e-12,6.044272752347357e-08,1024,92,0.10750035796738647,10.0,1,1,1,9.999999999999998,2.0767870431150055e-07,9,86396,163,0.9794854653852826,0.9794854657963322,0.9778484272379518,0.9732858026170904,0.16185141734202907,0.16185141746869233,0.14372864347701772,0.181699744864578,0.14404227375731846,0.8129398923557529,2.159997748292247e-11
corrugated,81,1.857557152577979e-15,2.678987566450885e-17,1.7168497224970265e-12,6.044272752347357e-08,1024,93,0.10750035796738647,10.0,1,1,1,9.999999999999998,2.0767870431150055e-07,9,86956,163,0.9794854653852826,0.9794854657963322,0.9778484272379518,0.9732858026170904,0.16185141734202907,0.16185141746869233,0.14372864347701772,0.181699744864578,0.14404227375731846,0.8182091911626331,2.1599977482919824e-11
corrugated,81,1.857557152577979e-15,2.678987566450885e-17,1.7168497224970265e-12,6.044272752347357e-08,1024,94,0.10750035796738647,10.0,1,1,1,9.999999999999998,2.0767870431150055e-07,9,87508,163,0.9794854653852826,0.9794854657963322,0.9778484272379518,0.9732858026170904,0.16185141734202907,0.16185141746869233,0.14372864347701772,0.181699744864578,0.14404227375731846,0.8234032142722721,2.15999774829184e-11
corrugated,81,1.857557152577979e-15,2.678987566450885e-17,1.7168497224970265e-12,6.044272752347357e-08,1024,95,0.10750035796738647,10.0,1,1,1,9.999999999999998,2.0767870431150055e-07,9,88052,163,0.9794854653852826,0.9794854657963322,0.9778484272379518,0.9732858026170904,0.16185141734202907,0.16185141746869233,0.14372864347701772,0.181699744864578,0.14404227375731846,0.8285219616846701,2.1599977482915623e-11
corrugated,81,1.857557152577979e-15,0.0,2.085380746873734e-13,6.044272752347357e-08,1024,96,0.10750035796738647,10.0,1,1,1,9.999999999999998,1.0342988896379457e-07,9,88588,163,0.9794854653852826,0.9794854657963322,0.9778484272379518,0.9732858026170904,0.16185141734202907,0.16185141746869233,0.14372864347701772,0.181699744864578,0.14404227375731846,0.8335654333998269,3.369646432294467e-12
corrugated,81,1.857557152577979e-15,0.0,2.085380746873734e-13,6.044272752347357e-08,1024,97,0.10750035796738647,10.0,1,1,1,9.999999999999998,1.0342988896379457e-07,9,89116,163,0.9794854653852826,0.9794854657963322,0.9778484272379518,0.9732858026170904,0.16185141734202907,0.16185141746869233,0.14372864347701772,0.181699744864578,0.14404227375731846,0.8385336294177425,3.3696464322911963e-12
corrugated,81,1.857557152577979e-15,0.0,2.085380746873734e-13,6.044272752347357e-08,1024,98,0.10750035796738647,10.0,1,1,1,9.999999999999998,1.0342988896379457e-07,9,89636,163,0.9794854653852826,0.9794854657963322,0.9778484272379518,0.9732858026170904,0.16185141734202907,0.16185141746869233,0.14372864347701772,0.181699744864578,0.14404227375731846,0.8434265497384169,3.3696464322904676e-12
corrugated,81,1.857557152577979e-15,0.0,2.085380746873734e-13,6.044272752347357e-08,1024,99,0.10750035796738647,10.0,1,1,1,9.999999999999998,1.0342988896379457e-07,9,90148,163,0.9794854653852826,0.9794854657963322,0.9778484272379518,0.9732858026170904,0.16185141734202907,0.16185141746869233,0.14372864347701772,0.181699744864578,0.14404227375731846,0.8482441943618503,3.3696464322898578e-12
corrugated,81,1.857557152577979e-15,0.0,3.3384803998400173e-13,6.044272752347357e-08,1024,100,0.10750035796738647,10.0,1,1,1,9.999999999999998,1.0016739555177501e-07,9,90652,163,0.9794854653852826,0.9794854657963322,0.9778484272379518,0.9732858026170904,0.16185141734202907,0.16185141746869233,0.14372864347701772,0.181699744864578,0.14404227375731846,0.8529865632880425,3.0869785137275504e-12
corrugated,81,1.857557152577979e-15,0.0,3.3384803998400173e-13,6.044272752347357e-08,1024,101,0.10750035796738647,10.0,1,1,1,9.999999999999998,1.0016739555177501e-07,9,91148,163,0.9794854653852826,0.9794854657963322,0.9778484272379518,0.9732858026170904,0.16185141734202907,0.16185141746869233,0.14372864347701772,0.181699744864578,0.14404227375731846,0.8576536565169934,3.0869785137274223e-12
corrugated,81,1.857557152577979e-15,0.0,3.3384803998400173e-13,6.044272752347357e-08,1024,102,0.10750035796738647,10.0,1,1,1,9.999999999999998,1.0016739555177501e-07,9,91636,163,0.9794854653852826,0.9794854657963322,0.9778484272379518,0.9732858026170904,0.16185141734202907,0.16185141746869233,0.14372864347701772,0.181699744864578,0.14404227375731846,0.8622454740487033,3.0869785137273375e-12
corrugated,81,1.857557152577979e-15,0.0,3.3384803998400173e-13,6.044272752347357e-08,1024,103,0.10750035796738647,10.0,1,1,1,9.999999999999998,1.0016739555177501e-07,9,92116,163,0.9794854653852826,0.9794854657963322,0.9778484272379518,0.9732858026170904,0.16185141734202907,0.16185141746869233,0.14372864347701772,0.181699744864578,0.14404227375731846,0.8667620158831721,3.0869785137272317e-12
corrugated,81,1.857557152577979e-15,0.0,0.0,6.044272752347357e-08,1024,104,0.10750035796738647,10.0,1,1,1,9.999999999999998,3.238023935617582e-08,9,92588,163,0.9794854653852826,0.9794854657963322,0.9778484272379518,0.9732858026170904,0.16185141734202907,0.16185141746869233,0.14372864347701772,0.181699744864578,0.14404227375731846,0.8712032820203998,2.616916378267138e-13
corrugated,81,1.857557152577979e-15,0.0,0.0,6.044272752347357e-08,1024,105,0.10750035796738647,10.0,1,1,1,9.999999999999998,3.238023935617582e-08,9,93052,163,0.9794854653852826,0.9794854657963322,0.9778484272379518,0.9732858026170904,0.16185141734202907,0.16185141746869233,0.14372864347701772,0.181699744864578,0.14404227375731846,0.8755692724603862,2.616916378263861e-13
corrugated,81,1.857557152577979e-15,0.0,0.0,6.044272752347357e-08,1024,106,0.10750035796738647,10.0,1,1,1,9.999999999999998,3.2380239356175815e-08,9,93508,163,0.9794854653852826,0.9794854657963322,0.9778484272379518,0.9732858026170904,0.16185141734202907,0.16185141746869233,0.14372864347701772,0.181699744864578,0.14404227375731846,0.8798599872031315,2.616916378262596e-13
corrugated,81,1.857557152577979e-15,0.0,0.0,6.044272752347357e-08,1024,107,0.10750035796738647,10.0,1,1,1,9.999999999999998,3.2380239356175815e-08,9,93956,163,0.9794854653852826,0.9794854657963322,0.9778484272379518,0.9732858026170904,0.16185141734202907,0.16185141746869233,0.14372864347701772,0.181699744864578,0.14404227375731846,0.8840754262486357,2.6169163782623854e-13
corrugated,81,1.857557152577979e-15,0.0,0.0,6.044272752347357e-08,1024,108,0.10750035796738647,10.0,1,1,1,9.999999999999998,3.1175121248493713e-08,9,94396,163,0.9794854653852826,0.9794854657963322,0.9778484272379518,0.9732858026170904,0.16185141734202907,0.16185141746869233,0.14372864347701772,0.181699744864578,0.14404227375731846,0.8882155895968986,2.2388979363906553e-13
corrugated,81,1.857557152577979e-15,0.0,0.0,6.044272752347357e-08,1024,109,0.10750035796738647,10.0,1,1,1,9.999999999999998,3.1175121248493713e-08,9,94828,163,0.9794854653852826,0.9794854657963322,0.9778484272379518,0.9732858026170904,0.16185141734202907,0.16185141746869233,0.14372864347701772,0.181699744864578,0.14404227375731846,0.8922804772479205,2.2388979363904806e-13
corrugated,81,1.857557152577979e-15,0.0,0.0,6.044272752347357e-08,1024,110,0.10750035796738647,10.0,1,1,1,9.999999999999998,3.1175121248493713e-08,9,95252,163,0.9794854653852826,0.9794854657963322,0.9778484272379518,0.9732858026170904,0.16185141734202907,0.16185141746869233,0.14372864347701772,0.181699744864578,0.14404227375731846,0.8962700892017013,2.2388979363904433e-13
corrugated,81,1.857557152577979e-15,0.0,0.0,6.044272752347357e-08,1024,111,0.10750035796738647,10.0,1,1,1,9.999999999999998,3.117512124849371e-08,9,95668,163,0.9794854653852826,0.9794854657963322,0.9778484272379518,0.9732858026170904,0.16185141734202907,0.16185141746869233,0.14372864347701772,0.181699744864578,0.14404227375731846,0.9001844254582408,2.2388979363903817e-13
corrugated,81,1.857557152577979e-15,0.0,0.0,6.044272752347357e-08,1024,112,0.10750035796738647,10.0,1,1,1,9.999999999999998,1.7355916660808942e-08,9,96076,163,0.9794854653852826,0.9794854657963322,0.9778484272379518,0.9732858026170904,0.16185141734202907,0.16185141746869233,0.14372864347701772,0.181699744864578,0.14404227375731846,0.9040234860175392,3.394363435567703e-14
corrugated,81,1.857557152577979e-15,0.0,0.0,6.044272752347357e-08,1024,113,0.10750035796738647,10.0,1,1,1,9.999999999999998,1.7355916660808932e-08,9,96476,163,0.9794854653852826,0.9794854657963322,0.9778484272379518,0.9732858026170904,0.16185141734202907,0.16185141746869233,0.14372864347701772,0.181699744864578,0.14404227375731846,0.9077872708795965,3.3943634355667046e-14
corrugated,81,1.857557152577979e-15,0.0,0.0,6.044272752347357e-08,1024,114,0.10750035796738647,10.0,1,1,1,9.999999999999998,1.7355916660808925e-08,9,96868,163,0.9794854653852826,0.9794854657963322,0.9778484272379518,0.9732858026170904,0.16185141734202907,0.16185141746869233,0.14372864347701772,0.181699744864578,0.14404227375731846,0.9114757800444127,3.3943634355657176e-14
corrugated,81,1.857557152577979e-15,0.0,0.0,6.044272752347357e-08,1024,115,0.10750035796738647,10.0,1,1,1,9.999999999999998,1.735591666080892e-08,9,97252,163,0.9794854653852826,0.9794854657963322,0.9778484272379518,0.9732858026170904,0.16185141734202907,0.16185141746869233,0.14372864347701772,0.181699744864578,0.14404227375731846,0.9150890135119877,3.394363435565257e-14
corrugated,81,1.857557152577979e-15,0.0,0.0,6.044272752347357e-08,1024,116,0.10750035796738647,10.0,1,1,1,9.999999999999998,1.246660748775894e-08,9,97628,163,0.9794854653852826,0.9794854657963322,0.9778484272379518,0.9732858026170904,0.16185141734202907,0.16185141746869233,0.14372864347701772,0.181699744864578,0.14404227375731846,0.9186269712823215,1.0871288529190689e-14
corrugated,81,1.857557152577979e-15,0.0,0.0,6.044272752347357e-08,1024,117,0.10750035796738647,10.0,1,1,1,9.999999999999998,1.246660748775893e-08,9,97996,163,0.9794854653852826,0.9794854657963322,0.9778484272379518,0.9732858026170904,0.16185141734202907,0.16185141746869233,0.14372864347701772,0.181699744864578,0.14404227375731846,0.9220896533554142,1.0871288529187265e-14
corrugated,81,1.857557152577979e-15,0.0,0.0,6.044272752347357e-08,1024,118,0.10750035796738647,10.0,1,1,1,9.999999999999998,1.2466607487758917e-08,9,98356,163,0.9794854653852826,0.9794854657963322,0.9778484272379518,0.9732858026170904,0.16185141734202907,0.16185141746869233,0.14372864347701772,0.181699744864578,0.14404227375731846,0.9254770597312657,1.0871288529188666e-14
corrugated,81,1.857557152577979e-15,0.0,0.0,6.044272752347357e-08,1024,119,0.10750035796738647,10.0,1,1,1,9.999999999999998,1.2466607487758902e-08,9,98708,163,0.9794854653852826,0.9794854657963322,0.9778484272379518,0.9732858026170904,0.16185141734202907,0.16185141746869233,0.14372864347701772,0.181699744864578,0.14404227375731846,0.9287891904098762,1.0871288529187107e-14
corrugated,81,1.857557152577979e-15,0.0,0.0,6.044272752347357e-08,1024,120,0.10750035796738647,10.0,1,1,1,9.999999999999998,5.957789428295288e-09,9,99052,163,0.9794854653852826,0.9794854657963322,0.9778484272379518,0.9732858026170904,0.16185141734202907,0.16185141746869233,0.14372864347701772,0.181699744864578,0.14404227375731846,0.9320260453912455,1.2278737956579578e-15
corrugated,81,1.857557152577979e-15,0.0,0.0,6.044272752347357e-08,1024,121,0.10750035796738647,10.0,1,1,1,9.999999999999998,5.95778942829526e-09,9,99388,163,0.9794854653852826,0.9794854657963322,0.9778484272379518,0.9732858026170904,0.16185141734202907,0.16185141746869233,0.14372864347701772,0.181699744864578,0.14404227375731846,0.9351876246753735,1.2278737956600861e-15
corrugated,81,1.857557152577979e-15,0.0,0.0,6.044272752347357e-08,1024,122,0.10750035796738647,10.0,1,1,1,9.999999999999998,5.95778942829523e-09,9,99716,163,0.9794854653852826,0.9794854657963322,0.9778484272379518,0.9732858026170904,0.16185141734202907,0.16185141746869233,0.14372864347701772,0.181699744864578,0.14404227375731846,0.9382739282622605,1.2278737956589232e-15
corrugated,81,1.857557152577979e-15,0.0,0.0,6.044272752347357e-08,1024,123,0.10750035796738647,10.0,1,1,1,9.999999999999998,5.95778942829519e-09,9,100036,163,0.9794854653852826,0.9794854657963322,0.9778484272379518,0.9732858026170904,0.16185141734202907,0.16185141746869233,0.14372864347701772,0.181699744864578,0.14404227375731846,0.9412849561519063,1.2278737956583627e-15
corrugated,81,1.857557152577979e-15,0.0,0.0,6.044272752347357e-08,1024,124,0.10750035796738647,10.0,1,1,1,9.999999999999998,3.631907846673753e-09,9,100348,163,0.9794854653852826,0.9794854657963322,0.9778484272379518,0.9732858026170904,0.16185141734202907,0.16185141746869233,0.14372864347701772,0.181699744864578,0.14404227375731846,0.944220708344311,8.842999271986762e-17
corrugated,81,1.857557152577979e-15,0.0,0.0,6.044272752347357e-08,1024,125,0.10750035796738647,10.0,1,1,1,9.999999999999998,3.6319078466736907e-09,9,100652,163,0.9794854653852826,0.9794854657963322,0.9778484272379518,0.9732858026170904,0.16185141734202907,0.16185141746869233,0.14372864347701772,0.181699744864578,0.14404227375731846,0.9470811848394746,8.842999271873905e-17
corrugated,81,1.857557152577979e-15,0.0,0.0,6.044272752347357e-08,1024,126,0.10750035796738647,10.0,1,1,1,9.999999999999998,3.631907846673627e-09,9,100948,163,0.9794854653852826,0.9794854657963322,0.9778484272379518,0.9732858026170904,0.16185141734202907,0.16185141746869233,0.14372864347701772,0.181699744864578,0.14404227375731846,0.949866385637397,8.842999271764828e-17
corrugated,81,1.857557152577979e-15,0.0,0.0,6.044272752347357e-08,1024,127,0.10750035796738647,10.0,1,1,1,9.999999999999998,3.631907846673561e-09,9,101236,163,0.9794854653852826,0.9794854657963322,0.9778484272379518,0.9732858026170904,0.16185141734202907,0.16185141746869233,0.14372864347701772,0.181699744864578,0.14404227375731846,0.9525763107380782,8.842999271787042e-17
corrugated,81,1.857557152577979e-15,0.0,0.0,6.044272752347357e-08,1024,128,0.10750035796738647,10.0,1,1,1,9.999999999999998,2.806688739099225e-09,9,101516,163,0.9794854653852826,0.9794854657963322,0.9778484272379518,0.9732858026170904,0.16185141734202907,0.16185141746869233,0.14372864347701772,0.181699744864578,0.14404227375731846,0.9552109601415183,4.8105835067752494e-17
corrugated,81,1.857557152577979e-15,0.0,0.0,6.044272752347357e-08,1024,129,0.10750035796738647,10.0,1,1,1,9.999999999999998,2.8066887390991355e-09,9,101788,163,0.9794854653852826,0.9794854657963322,0.9778484272379518,0.9732858026170904,0.16185141734202907,0.16185141746869233,0.14372864347701772,0.181699744864578,0.14404227375731846,0.9577703338477173,4.810583506793775e-17
corrugated,81,1.857557152577979e-15,0.0,0.0,6.044272752347357e-08,1024,130,0.10750035796738647,10.0,1,1,1,9.999999999999998,2.8066887390990487e-09,9,102052,163,0.9794854653852826,0.9794854657963322,0.9778484272379518,0.9732858026170904,0.16185141734202907,0.16185141746869233,0.14372864347701772,0.181699744864578,0.14404227375731846,0.960254431856675,4.810583506868592e-17
corrugated,81,1.857557152577979e-15,0.0,0.0,6.044272752347357e-08,1024,131,0.10750035796738647,10.0,1,1,1,9.999999999999998,2.806688739098968e-09,9,102308,163,0.9794854653852826,0.9794854657963322,0.9778484272379518,0.9732858026170904,0.16185141734202907,0.16185141746869233,0.14372864347701772,0.181699744864578,0.14404227375731846,0.9626632541683917,4.8105835068915756e-17
corrugated,81,1.857557152577979e-15,0.0,0.0,6.044272752347357e-08,1024,132,0.10750035796738647,10.0,1,1,1,9.999999999999998,1.228098088250593e-09,9,102556,163,0.9794854653852826,0.9794854657963322,0.9778484272379518,0.9732858026170904,0.16185141734202907,0.16185141746869233,0.14372864347701772,0.181699744864578,0.14404227375731846,0.9649968007828672,3.194088380622567e-18
corrugated,81,1.857557152577979e-15,0.0,0.0,6.044272752347357e-08,1024,133,0.10750035796738647,10.0,1,1,1,9.999999999999998,1.2280980882503632e-09,9,102796,163,0.9794854653852826,0.9794854657963322,0.9778484272379518,0.9732858026170904,0.16185141734202907,0.16185141746869233,0.14372864347701772,0.181699744864578,0.14404227375731846,0.9672550717001016,3.1940883794990474e-18
corrugated,81,1.857557152577979e-15,0.0,0.0,6.044272752347357e-08,1024,134,0.10750035796738647,10.0,1,1,1,9.999999999999998,1.2280980882501312e-09,9,103028,163,0.9794854653852826,0.9794854657963322,0.9778484272379518,0.9732858026170904,0.16185141734202907,0.16185141746869233,0.14372864347701772,0.181699744864578,0.14404227375731846,0.9694380669200948,3.1940883785442626e-18
corrugated,81,1.857557152577979e-15,0.0,0.0,6.044272752347357e-08,1024,135,0.10750035796738647,10.0,1,1,1,9.999999999999998,1.2280980882499086e-09,9,103252,163,0.9794854653852826,0.9794854657963322,0.9778484272379518,0.9732858026170904,0.16185141734202907,0.16185141746869233,0.14372864347701772,0.181699744864578,0.14404227375731846,0.971545786442847,3.1940883794763214e-18
corrugated,81,1.857557152577979e-15,0.0,0.0,6.044272752347357e-08,1024,136,0.10750035796738647,10.0,1,1,1,9.999999999999998,9.784504239287153e-10,9,103468,163,0.9794854653852826,0.9794854657963322,0.9778484272379518,0.9732858026170904,0.16185141734202907,0.16185141746869233,0.14372864347701772,0.181699744864578,0.14404227375731846,0.9735782302683579,3.536389727882977e-19
corrugated,81,1.857557152577979e-15,0.0,0.0,6.044272752347357e-08,1024,137,0.10750035796738647,10.0,1,1,1,9.999999999999998,9.784504239285356e-10,9,103676,163,0.9794854653852826,0.9794854657963322,0.9778484272379518,0.9732858026170904,0.16185141734202907,0.16185141746869233,0.14372864347701772,0.181699744864578,0.14404227375731846,0.9755353983966276,3.536389729215547e-19
corrugated,81,1.857557152577979e-15,0.0,0.0,6.044272752347357e-08,1024,138,0.10750035796738647,10.0,1,1,1,9.999999999999998,9.784504239283153e-10,9,103876,163,0.9794854653852826,0.9794854657963322,0.9778484272379518,0.9732858026170904,0.16185141734202907,0.16185141746869233,0.14372864347701772,0.181699744864578,0.14404227375731846,0.9774172908276563,3.536389735496221e-19
corrugated,81,1.857557152577979e-15,0.0,0.0,6.044272752347357e-08,1024,139,0.10750035796738647,10.0,1,1,1,9.999999999999998,9.78450423928047e-10,9,104068,163,0.9794854653852826,0.9794854657963322,0.9778484272379518,0.9732858026170904,0.16185141734202907,0.16185141746869233,0.14372864347701772,0.181699744864578,0.14404227375731846,0.9792239075614438,3.53638972085124e-19
corrugated,81,1.857557152577979e-15,0.0,0.0,6.044272752347357e-08,1024,140,0.10750035796738647,10.0,1,1,1,9.999999999999998,4.241473681752078e-10,9,104252,163,0.9794854653852826,0.9794854657963322,0.9778484272379518,0.9732858026170904,0.16185141734202907,0.16185141746869233,0.14372864347701772,0.181699744864578,0.14404227375731846,0.9809552485979901,1.2122510104154727e-20
corrugated,81,1.857557152577979e-15,0.0,0.0,6.044272752347357e-08,1024,141,0.10750035796738647,10.0,1,1,1,9.999999999999998,4.24147368174538e-10,9,104428,163,0.9794854653852826,0.9794854657963322,0.9778484272379518,0.9732858026170904,0.16185141734202907,0.16185141746869233,0.14372864347701772,0.181699744864578,0.14404227375731846,0.9826113139372954,1.212251014759576e-20
corrugated,81,1.857557152577979e-15,0.0,0.0,6.044272752347357e-08,1024,142,0.10750035796738647,10.0,1,1,1,9.999999999999998,4.2414736817395904e-10,9,104596,163,0.9794854653852826,0.9794854657963322,0.9778484272379518,0.9732858026170904,0.16185141734202907,0.16185141746869233,0.14372864347701772,0.181699744864578,0.14404227375731846,0.9841921035793594,1.2122507604466669e-20
corrugated,81,1.857557152577979e-15,0.0,0.0,6.044272752347357e-08,1024,143,0.10750035796738647,10.0,1,1,1,9.999999999999998,4.241473681733397e-10,9,104756,163,0.9794854653852826,0.9794854657963322,0.9778484272379518,0.9732858026170904,0.16185141734202907,0.16185141746869233,0.14372864347701772,0.181699744864578,0.14404227375731846,0.9856976175241823,1.212250848179428e-20
corrugated,81,1.857557152577979e-15,0.0,0.0,6.044272752347357e-08,1024,144,0.10750035796738647,10.0,1,1,1,9.999999999999998,4.192867191796135e-10,9,104908,163,0.9794854653852826,0.9794854657963322,0.9778484272379518,0.9732858026170904,0.16185141734202907,0.16185141746869233,0.14372864347701772,0.181699744864578,0.14404227375731846,0.9871278557717641,5.095431484740679e-21
corrugated,81,1.857557152577979e-15,0.0,0.0,6.044272752347357e-08,1024,145,0.10750035796738647,10.0,1,1,1,9.999999999999998,4.192867191789688e-10,9,105052,163,0.9794854653852826,0.9794854657963322,0.9778484272379518,0.9732858026170904,0.16185141734202907,0.16185141746869233,0.14372864347701772,0.181699744864578,0.14404227375731846,0.9884828183221047,5.0954305611127124e-21
corrugated,81,1.857557152577979e-15,0.0,0.0,6.044272752347357e-08,1024,146,0.10750035796738647,10.0,1,1,1,9.999999999999998,4.192867191784244e-10,9,105188,163,0.9794854653852826,0.9794854657963322,0.9778484272379518,0.9732858026170904,0.16185141734202907,0.16185141746869233,0.14372864347701772,0.181699744864578,0.14404227375731846,0.9897625051752041,5.0954304852603866e-21
corrugated,81,1.857557152577979e-15,0.0,0.0,6.044272752347357e-08,1024,147,0.10750035796738647,10.0,1,1,1,9.999999999999998,4.192867191778575e-10,9,105316,163,0.9794854653852826,0.9794854657963322,0.9778484272379518,0.9732858026170904,0.16185141734202907,0.16185141746869233,0.14372864347701772,0.181699744864578,0.14404227375731846,0.9909669163310625,5.09543067191676e-21
corrugated,81,1.857557152577979e-15,0.0,0.0,6.044272752347357e-08,1024,148,0.10750035796738647,10.0,1,1,1,9.999999999999998,1.1622421602528566e-10,9,105436,163,0.9794854653852826,0.9794854657963322,0.9778484272379518,0.9732858026170904,0.16185141734202907,0.16185141746869233,0.14372864347701772,0.181699744864578,0.14404227375731846,0.9920960517896797,5.190549209301703e-22
corrugated,81,1.857557152577979e-15,0.0,0.0,6.044272752347357e-08,1024,149,0.10750035796738647,10.0,1,1,1,9.999999999999998,1.1622421602333814e-10,9,105548,163,0.9794854653852826,0.9794854657963322,0.9778484272379518,0.9732858026170904,0.16185141734202907,0.16185141746869233,0.14372864347701772,0.181699744864578,0.14404227375731846,0.9931499115510557,5.190560868325533e-22
corrugated,81,1.857557152577979e-15,0.0,0.0,6.044272752347357e-08,1024,150,0.10750035796738647,10.0,1,1,1,9.999999999999998,1.1622421602206998e-10,9,105652,163,0.9794854653852826,0.9794854657963322,0.9778484272379518,0.9732858026170904,0.16185141734202907,0.16185141746869233,0.14372864347701772,0.181699744864578,0.14404227375731846,0.9941284956151907,5.190554489510805e-22
corrugated,81,1.857557152577979e-15,0.0,0.0,6.044272752347357e-08,1024,151,0.10750035796738647,10.0,1,1,1,9.999999999999998,1.1622421601980376e-10,9,105748,163,0.9794854653852826,0.9794854657963322,0.9778484272379518,0.9732858026170904,0.16185141734202907,0.16185141746869233,0.14372864347701772,0.181699744864578,0.14404227375731846,0.9950318039820844,5.190555749199553e-22
corrugated,81,1.857557152577979e-15,0.0,0.0,6.044272752347357e-08,1024,152,0.10750035796738647,10.0,1,1,1,9.999999999999998,1.1552182969571345e-10,9,105836,163,0.9794854653852826,0.9794854657963322,0.9778484272379518,0.9732858026170904,0.16185141734202907,0.16185141746869233,0.14372864347701772,0.181699744864578,0.14404227375731846,0.9958598366517369,2.1132439475815392e-22
corrugated,81,1.857557152577979e-15,0.0,0.0,6.044272752347357e-08,1024,153,0.10750035796738647,10.0,1,1,1,9.999999999999998,1.1552182969356147e-10,9,105916,163,0.9794854653852826,0.9794854657963322,0.9778484272379518,0.9732858026170904,0.16185141734202907,0.16185141746869233,0.14372864347701772,0.181699744864578,0.14404227375731846,0.9966125936241484,2.1132494691595537e-22
corrugated,81,1.857557152577979e-15,0.0,0.0,6.044272752347357e-08,1024,154,0.10750035796738647,10.0,1,1,1,9.999999999999998,1.1552182969233549e-10,9,105988,163,0.9794854653852826,0.9794854657963322,0.9778484272379518,0.9732858026170904,0.16185141734202907,0.16185141746869233,0.14372864347701772,0.181699744864578,0.14404227375731846,0.9972900748993188,2.113242630887533e-22
corrugated,81,1.857557152577979e-15,0.0,0.0,6.044272752347357e-08,1024,155,0.10750035796738647,10.0,1,1,1,9.999999999999998,1.1552182969167331e-10,9,106052,163,0.9794854653852826,0.9794854657963322,0.9778484272379518,0.9732858026170904,0.16185141734202907,0.16185141746869233,0.14372864347701772,0.181699744864578,0.14404227375731846,0.9978922804772479,2.1132464081885584e-22
corrugated,81,1.857557152577979e-15,0.0,0.0,6.044272752347357e-08,1024,156,0.10750035796738647,10.0,1,1,1,9.999999999999998,2.2396785112120526e-11,9,106108,163,0.9794854653852826,0.9794854657963322,0.9778484272379518,0.9732858026170904,0.16185141734202907,0.16185141746869233,0.14372864347701772,0.181699744864578,0.14404227375731846,0.9984192103579359,1.3579348719308092e-23
corrugated,81,1.857557152577979e-15,0.0,0.0,6.044272752347357e-08,1024,157,0.10750035796738647,10.0,1,1,1,9.999999999999998,2.239678511018524e-11,9,106156,163,0.9794854653852826,0.9794854657963322,0.9778484272379518,0.9732858026170904,0.16185141734202907,0.16185141746869233,0.14372864347701772,0.181699744864578,0.14404227375731846,0.9988708645413829,1.3579679552704015e-23
corrugated,81,1.857557152577979e-15,0.0,0.0,6.044272752347357e-08,1024,158,0.10750035796738647,10.0,1,1,1,9.999999999999998,2.2396785106248565e-11,9,106196,163,0.9794854653852826,0.9794854657963322,0.9778484272379518,0.9732858026170904,0.16185141734202907,0.16185141746869233,0.14372864347701772,0.181699744864578,0.14404227375731846,0.9992472430275885,1.3579865059306626e-23
corrugated,81,1.857557152577979e-15,0.0,0.0,6.044272752347357e-08,1024,159,0.10750035796738647,10.0,1,1,1,9.999999999999998,2.2396785104733625e-11,9,106228,163,0.9794854653852826,0.9794854657963322,0.9778484272379518,0.9732858026170904,0.16185141734202907,0.16185141746869233,0.14372864347701772,0.181699744864578,0.14404227375731846,0.9995483458165532,1.3579625180744053e-23
corrugated,81,1.857557152577979e-15,0.0,0.0,6.044272752347357e-08,1024,160,0.10750035796738647,10.0,1,1,1,9.999999999999998,3.177746642361597e-16,9,106252,163,0.9794854653852826,0.9794854657963322,0.9778484272379518,0.9732858026170904,0.16185141734202907,0.16185141746869233,0.14372864347701772,0.181699744864578,0.14404227375731846,0.9997741729082765,3.454624418267966e-27
corrugated,81,1.857557152577979e-15,0.0,0.0,6.044272752347357e-08,1024,161,0.10750035796738647,10.0,1,1,1,9.999999999999998,9.848601577308732e-17,9,106268,163,0.9794854653852826,0.9794854657963322,0.9778484272379518,0.9732858026170904,0.16185141734202907,0.16185141746869233,0.14372864347701772,0.181699744864578,0.14404227375731846,0.9999247243027588,2.3281442854253484e-27
corrugated,81,1.857557152577979e-15,0.0,0.0,6.044272752347357e-08,1024,162,0.10750035796738647,10.0,1,1,1,9.999999999999998,0.0,9,106276,163,0.9794854653852826,0.9794854657963322,0.9778484272379518,0.9732858026170904,0.16185141734202907,0.16185141746869233,0.14372864347701772,0.181699744864578,0.14404227375731846,1.0,0.0
corrugated,121,5.199995671815277e-15,1.0252357779264016,1.9451351965775854,4.007709621324075e-07,1024,0,0.10750035796738647,30.0,1,1,1,29.999999999999993,0.6785432063841982,9,972,243,0.9883040946698063,0.9883042144399325,0.9867385245590794,0.9872916536700806,0.15362877529682817,0.1536288464369117,0.1369449153223799,0.17126555445261768,0.13721793717783654,0.00411522633744856,0.8805465781271234
corrugated,121,5.199995671815277e-15,1.0252357779264016,1.9433720843218967,4.007709621324075e-07,1024,1,0.10750035796738647,30.0,1,1,1,29.999999999999993,0.6785432063841982,9,2908,243,0.9883040946698063,0.9883042144399325,0.9867385245590794,0.9872916536700806,0.15362877529682817,0.1536288464369117,0.1369449153223799,0.17126555445261768,0.13721793717783654,0.012311808836728819,0.8805465781271234
corrugated,121,5.199995671815277e-15,1.0252357779264016,1.9888679045974718,4.007709621324075e-07,1024,2,0.10750035796738647,30.0,1,1,1,29.999999999999993,0.6785432063841982,9,4836,243,0.9883040946698063,0.9883042144399325,0.9867385245590794,0.9872916536700806,0.15362877529682817,0.1536288464369117,0.1369449153223799,0.17126555445261768,0.13721793717783654,0.020474521160392216,0.8805465781271234
corrugated,121,5.199995671815277e-15,1.0252357779264016,1.9681137760227585,4.007709621324075e-07,1024,3,0.10750035796738647,30.0,1,1,1,29.999999999999993,0.6785432063841982,9,6756,243,0.9883040946698063,0.9883042144399325,0.9867385245590794,0.9872916536700806,0.15362877529682817,0.1536288464369117,0.1369449153223799,0.17126555445261768,0.13721793717783654,0.028603363308438753,0.8805465781271232
corrugated,121,5.199995671815277e-15,0.8887753574101874,1.817276746085206,4.007709621324075e-07,1024,4,0.10750035796738647,30.0,1,1,1,29.999999999999993,0.6213612883997298,9,8668,243,0.9883040946698063,0.9883042144399325,0.9867385245590794,0.9872916536700806,0.15362877529682817,0.1536288464369117,0.1369449153223799,0.17126555445261768,0.13721793717783654,0.03669833528086843,0.7491029682974067
corrugated,121,5.199995671815277e-15,0.8887753574101874,1.8030785250756063,4.007709621324075e-07,1024,5,0.10750035796738647,30.0,1,1,1,29.999999999999993,0.6213612883997298,9,10572,243,0.9883040946698063,0.9883042144399325,0.9867385245590794,0.9872916536700806,0.15362877529682817,0.1536288464369117,0.1369449153223799,0.17126555445261768,0.13721793717783654,0.04475943707768125,0.7491029682974067
corrugated,121,5.199995671815277e-15,0.8887753574101872,1.741357734019483,4.007709621324075e-07,1024,6,0.10750035796738647,30.0,1,1,1,29.999999999999993,0.6213612883997298,9,12468,243,0.9883040946698063,0.9883042144399325,0.9867385245590794,0.9872916536700806,0.15362877529682817,0.1536288464369117,0.1369449153223799,0.17126555445261768,0.13721793717783654,0.0527866686988772,0.7491029682974067
corrugated,121,5.199995671815277e-15,0.8887753574101874,1.7741027485781038,4.007709621324075e-07,1024,7,0.10750035796738647,30.0,1,1,1,29.999999999999993,0.6213612883997298,9,14356,243,0.9883040946698063,0.9883042144399325,0.9867385245590794,0.9872916536700806,0.15362877529682817,0.1536288464369117,0.1369449153223799,0.17126555445261768,0.13721793717783654,0.0607800301444563,0.7491029682974067
corrugated,121,5.199995671815277e-15,0.6353301778738272,2.059650054544505,4.007709621324075e-07,1024,8,0.10750035796738647,30.0,1,1,1,29.999999999999993,0.46822006710716385,9,16236,243,0.9883040946698063,0.9883042144399325,0.9867385245590794,0.9872916536700806,0.15362877529682817,0.1536288464369117,0.1369449153223799,0.17126555445261768,0.13721793717783654,0.06873952141441854,0.5505081087658384
corrugated,121,5.199995671815277e-15,0.6353301778738272,1.8440113637417386,4.007709621324075e-07,1024,9,0.10750035796738647,30.0,1,1,1,29.999999999999993,0.46822006710716385,9,18108,243,0.9883040946698063,0.9883042144399325,0.9867385245590794,0.9872916536700806,0.15362877529682817,0.1536288464369117,0.1369449153223799,0.17126555445261768,0.13721793717783654,0.07666514250876391,0.5505081087658384
corrugated,121,5.199995671815277e-15,0.6353301778738272,1.6658903427954548,4.007709621324075e-07,1024,10,0.10750035796738647,30.0,1,1,1,29.999999999999993,0.46822006710716385,9,19972,243,0.9883040946698063,0.9883042144399325,0.9867385245590794,0.9872916536700806,0.15362877529682817,0.1536288464369117,0.1369449153223799,0.17126555445261768,0.13721793717783654,0.08455689342749242,0.5505081087658383
corrugated,121,5.199995671815277e-15,0.6353301778738272,1.657331161162651,4.007709621324075e-07,1024,11,0.10750035796738647,30.0,1,1,1,29.999999999999993,0.46822006710716385,9,21828,243,0.9883040946698063,0.9883042144399325,0.9867385245590794,0.9872916536700806,0.15362877529682817,0.1536288464369117,0.1369449153223799,0.17126555445261768,0.13721793717783654,0.09241477417060408,0.5505081087658387
corrugated,121,5.199995671815277e-15,0.46326279549089294,1.4371365066111295,4.007709621324075e-07,1024,12,0.10750035796738647,30.0,1,1,1,29.999999999999993,0.3970265457753713,9,23676,243,0.9883040946698063,0.9883042144399325,0.9867385245590794,0.9872916536700806,0.15362877529682817,0.1536288464369117,0.1369449153223799,0.17126555445261768,0.13721793717783654,0.10023878473809887,0.44909084401772686
corrugated,121,5.199995671815277e-15,0.4632627954908932,1.3772565078314833,4.007709621324075e-07,1024,13,0.10750035796738647,30.0,1,1,1,29.999999999999993,0.3970265457753713,9,25516,243,0.9883040946698063,0.9883042144399325,0.9867385245590794,0.9872916536700806,0.15362877529682817,0.1536288464369117,0.1369449153223799,0.17126555445261768,0.13721793717783654,0.1080289251299768,0.44909084401772686
corrugated,121,5.199995671815277e-15,0.4632627954908933,1.2617676835016016,4.007709621324075e-07,1024,14,0.10750035796738647,30.0,1,1,1,29.999999999999993,0.3970265457753713,9,27348,243,0.9883040946698063,0.9883042144399325,0.9867385245590794,0.9872916536700806,0.15362877529682817,0.1536288464369117,0.1369449153223799,0.17126555445261768,0.13721793717783654,0.11578519534623787,0.44909084401772686
corrugated,121,5.199995671815277e-15,0.4632627954908931,1.2432949679056085,4.007709621324075e-07,1024,15,0.10750035796738647,30.0,1,1,1,29.999999999999993,0.3970265457753713,9,29172,243,0.9883040946698063,0.9883042144399325,0.9867385245590794,0.9872916536700806,0.15362877529682817,0.1536288464369117,0.1369449153223799,0.17126555445261768,0.13721793717783654,0.12350759538688208,0.449090844017727
corrugated,121,5.199995671815277e-15,0.30144315120655296,1.1125536880250806,4.007709621324075e-07,1024,16,0.10750035796738647,30.0,1,1,1,29.999999999999993,0.19900815976829883,9,30988,243,0.9883040946698063,0.9883042144399325,0.9867385245590794,0.9872916536700806,0.15362877529682817,0.1536288464369117,0.1369449153223799,0.17126555445261768,0.13721793717783654,0.13119612525190943,0.2902739758360018
corrugated,121,5.199995671815277e-15,0.30144315120655313,1.0125554425040337,4.007709621324075e-07,1024,17,0.10750035796738647,30.0,1,1,1,29.999999999999993,0.19900815976829883,9,32796,243,0.9883040946698063,0.9883042144399325,0.9867385245590794,0.9872916536700806,0.15362877529682817,0.1536288464369117,0.1369449153223799,0.17126555445261768,0.13721793717783654,0.13885078494131992,0.2902739758360018
corrugated,121,5.199995671815277e-15,0.3014431512065531,0.9759881398566999,4.007709621324075e-07,1024,18,0.10750035796738647,30.0,1,1,1,29.999999999999993,0.19900815976829883,9,34596,243,0.9883040946698063,0.9883042144399325,0.9867385245590794,0.9872916536700806,0.15362877529682817,0.1536288464369117,0.1369449153223799,0.17126555445261768,0.13721793717783654,0.14647157445511355,0.29027397583600184
corrugated,121,5.199995671815277e-15,0.3014431512065532,0.944897370473129,4.007709621324075e-07,1024,19,0.10750035796738647,30.0,1,1,1,29.999999999999993,0.19900815976829883,9,36388,243,0.9883040946698063,0.9883042144399325,0.9867385245590794,0.9872916536700806,0.15362877529682817,0.1536288464369117,0.1369449153223799,0.17126555445261768,0.13721793717783654,0.1540584937932903,0.29027397583600184
corrugated,121,5.199995671815277e-15,0.18531423643636544,0.7886701387616349,4.007709621324075e-07,1024,20,0.10750035796738647,30.0,1,1,1,29.999999999999993,0.1526599680367568,9,38172,243,0.9883040946698063,0.9883042144399325,0.9867385245590794,0.9872916536700806,0.15362877529682817,0.1536288464369117,0.1369449153223799,0.17126555445261768,0.13721793717783654,0.16161154295585023,0.18235022356480343
corrugated,121,5.199995671815277e-15,0.18531423643636527,0.764491616357103,4.007709621324075e-07,1024,21,0.10750035796738647,30.0,1,1,1,29.999999999999993,0.1526599680367568,9,39948,243,0.9883040946698063,0.9883042144399325,0.9867385245590794,0.9872916536700806,0.15362877529682817,0.1536288464369117,0.1369449153223799,0.17126555445261768,0.13721793717783654,0.16913072194279327,0.1823502235648033
corrugated,121,5.199995671815277e-15,0.18531423643636535,0.4869672595115377,4.007709621324075e-07,1024,22,0.10750035796738647,30.0,1,1,1,29.999999999999993,0.1526599680367568,9,41716,243,0.9883040946698063,0.9883042144399325,0.9867385245590794,0.9872916536700806,0.15362877529682817,0.1536288464369117,0.1369449153223799,0.17126555445261768,0.13721793717783654,0.17661603075411947,0.18235022356480346
corrugated,121,5.199995671815277e-15,0.1853142364363653,0.4527740634703053,4.007709621324075e-07,1024,23,0.10750035796738647,30.0,1,1,1,29.999999999999993,0.1526599680367568,9,43476,243,0.9883040946698063,0.9883042144399325,0.9867385245590794,0.9872916536700806,0.15362877529682817,0.1536288464369117,0.1369449153223799,0.17126555445261768,0.13721793717783654,0.1840674693898288,0.1823502235648034
corrugated,121,5.199995671815277e-15,0.074990349338314,0.2272289629287558,4.007709621324075e-07,1024,24,0.10750035796738647,30.0,1,1,1,29.999999999999993,0.08713645277796324,9,45228,243,0.9883040946698063,0.9883042144399325,0.9867385245590794,0.9872916536700806,0.15362877529682817,0.1536288464369117,0.1369449153223799,0.17126555445261768,0.13721793717783654,0.19148503784992124,0.0872070675984668
corrugated,121,5.199995671815277e-15,0.07499034933831406,0.21363404643629758,4.007709621324075e-07,1024,25,0.10750035796738647,30.0,1,1,1,29.999999999999993,0.08713645277796324,9,46972,243,0.9883040946698063,0.9883042144399325,0.9867385245590794,0.9872916536700806,0.15362877529682817,0.1536288464369117,0.1369449153223799,0.17126555445261768,0.13721793717783654,0.19886873613439685,0.0872070675984668
corrugated,121,5.199995671815277e-15,0.07499034933831401,0.2030768059791231,4.007709621324075e-07,1024,26,0.10750035796738647,30.0,1,1,1,29.999999999999993,0.08713645277796324,9,48708,243,0.9883040946698063,0.9883042144399325,0.9867385245590794,0.9872916536700806,0.15362877529682817,0.1536288464369117,0.1369449153223799,0.17126555445261768,0.13721793717783654,0.2062185642432556,0.08720706759846682
corrugated,121,5.199995671815277e-15,0.07499034933831411,0.18793896676079166,4.007709621324075e-07,1024,27,0.10750035796738647,30.0,1,1,1,29.999999999999993,0.08713645277796324,9,50436,243,0.9883040946698063,0.9883042144399325,0.9867385245590794,0.9872916536700806,0.15362877529682817,0.1536288464369117,0.1369449153223799,0.17126555445261768,0.13721793717783654,0.2135345221764975,0.08720706759846676
corrugated,121,5.199995671815277e-15,0.02982545025098509,0.13794905252942546,4.007709621324075e-07,1024,28,0.10750035796738647,30.0,1,1,1,29.999999999999993,0.04997857824232314,9,52156,243,0.9883040946698063,0.9883042144399325,0.9867385245590794,0.9872916536700806,0.15362877529682817,0.1536288464369117,0.1369449153223799,0.17126555445261768,0.13721793717783654,0.2208166099341225,0.04726515570968319
corrugated,121,5.199995671815277e-15,0.029825450250985142,0.1315731820761464,4.007709621324075e-07,1024,29,0.10750035796738647,30.0,1,1,1,29.999999999999993,0.04997857824232314,9,53868,243,0.9883040946698063,0.9883042144399325,0.9867385245590794,0.9872916536700806,0.15362877529682817,0.1536288464369117,0.1369449153223799,0.17126555445261768,0.13721793717783654,0.22806482751613066,0.04726515570968317
corrugated,121,5.199995671815277e-15,0.0298254502509851,0.08725457667404699,4.007709621324075e-07,1024,30,0.10750035796738647,30.0,1,1,1,29.999999999999993,0.04997857824232314,9,55572,243,0.9883040946698063,0.9883042144399325,0.9867385245590794,0.9872916536700806,0.15362877529682817,0.1536288464369117,0.1369449153223799,0.17126555445261768,0.13721793717783654,0.23527917492252198,0.04726515570968319
corrugated,121,5.199995671815277e-15,0.029825450250985163,0.0776633225187717,4.007709621324075e-07,1024,31,0.10750035796738647,30.0,1,1,1,29.999999999999993,0.04997857824232314,9,57268,243,0.9883040946698063,0.9883042144399325,0.9867385245590794,0.9872916536700806,0.15362877529682817,0.1536288464369117,0.1369449153223799,0.17126555445261768,0.13721793717783654,0.2424596521532964,0.04726515570968316
corrugated,121,5.199995671815277e-15,0.008082181042003086,0.04644797361241559,4.007709621324075e-07,1024,32,0.10750035796738647,30.0,1,1,1,29.999999999999993,0.026178271625147784,9,58956,243,0.9883040946698063,0.9883042144399325,0.9867385245590794,0.9872916536700806,0.15362877529682817,0.1536288464369117,0.1369449153223799,0.17126555445261768,0.13721793717783654,0.249606259208454,0.019299912930315816
corrugated,121,5.199995671815277e-15,0.00808218104200308,0.04331203971409182,4.007709621324075e-07,1024,33,0.10750035796738647,30.0,1,1,1,29.999999999999993,0.026178271625147784,9,60636,243,0.9883040946698063,0.9883042144399325,0.9867385245590794,0.9872916536700806,0.15362877529682817,0.1536288464369117,0.1369449153223799,0.17126555445261768,0.13721793717783654,0.2567189960879947,0.019299912930315837
corrugated,121,5.199995671815277e-15,0.008082181042003159,0.029538324924795262,4.007709621324075e-07,1024,34,0.10750035796738647,30.0,1,1,1,29.999999999999993,0.026178271625147784,9,62308,243,0.9883040946698063,0.9883042144399325,0.9867385245590794,0.9872916536700806,0.15362877529682817,0.1536288464369117,0.1369449153223799,0.17126555445261768,0.13721793717783654,0.2637978627919186,0.019299912930315865
corrugated,121,5.199995671815277e-15,0.00808218104200295,0.025749492055053905,4.007709621324075e-07,1024,35,0.10750035796738647,30.0,1,1,1,29.999999999999993,0.026178271625147784,9,63972,243,0.9883040946698063,0.9883042144399325,0.9867385245590794,0.9872916536700806,0.15362877529682817,0.1536288464369117,0.1369449153223799,0.17126555445261768,0.13721793717783654,0.27084285932022556,0.019299912930315802
corrugated,121,5.199995671815277e-15,0.0031731239284916455,0.017098102065350788,4.007709621324075e-07,1024,36,0.10750035796738647,30.0,1,1,1,29.999999999999993,0.014567250347776603,9,65628,243,0.9883040946698063,0.9883042144399325,0.9867385245590794,0.9872916536700806,0.15362877529682817,0.1536288464369117,0.1369449153223799,0.17126555445261768,0.13721793717783654,0.2778539856729157,0.00906598632487781
corrugated,121,5.199995671815277e-15,0.003173123928491915,0.0160652078929562,4.007709621324075e-07,1024,37,0.10750035796738647,30.0,1,1,1,29.999999999999993,0.014567250347776603,9,67276,243,0.9883040946698063,0.9883042144399325,0.9867385245590794,0.9872916536700806,0.15362877529682817,0.1536288464369117,0.1369449153223799,0.17126555445261768,0.13721793717783654,0.284831241849989,0.009065986324877857
corrugated,121,5.199995671815277e-15,0.0031731239284917088,0.008764248081981616,4.007709621324075e-07,1024,38,0.10750035796738647,30.0,1,1,1,29.999999999999993,0.014567250347776603,9,68916,243,0.9883040946698063,0.9883042144399325,0.9867385245590794,0.9872916536700806,0.15362877529682817,0.1536288464369117,0.1369449153223799,0.17126555445261768,0.13721793717783654,0.2917746278514454,0.009065986324877812
corrugated,121,5.199995671815277e-15,0.0031731239284918476,0.007549316325537397,4.007709621324075e-07,1024,39,0.10750035796738647,30.0,1,1,1,29.999999999999993,0.014567250347776603,9,70548,243,0.9883040946698063,0.9883042144399325,0.9867385245590794,0.9872916536700806,0.15362877529682817,0.1536288464369117,0.1369449153223799,0.17126555445261768,0.13721793717783654,0.29868414367728496,0.009065986324877828
corrugated,121,5.199995671815277e-15,0.0010872011928360168,0.004477694598203937,4.007709621324075e-07,1024,40,0.10750035796738647,30.0,1,1,1,29.999999999999993,0.008351741435020257,9,72172,243,0.9883040946698063,0.9883042144399325,0.9867385245590794,0.9872916536700806,0.15362877529682817,0.1536288464369117,0.1369449153223799,0.17126555445261768,0.13721793717783654,0.30555978932750766,0.004585155715248239
corrugated,121,5.199995671815277e-15,0.0010872011928361688,0.004203814266184466,4.007709621324075e-07,1024,41,0.10750035796738647,30.0,1,1,1,29.999999999999993,0.008351741435020257,9,73788,243,0.9883040946698063,0.9883042144399325,0.9867385245590794,0.9872916536700806,0.15362877529682817,0.1536288464369117,0.1369449153223799,0.17126555445261768,0.13721793717783654,0.3124015648021135,0.004585155715248246
corrugated,121,5.199995671815277e-15,0.0010872011928360426,0.0025759668751694333,4.007709621324075e-07,1024,42,0.10750035796738647,30.0,1,1,1,29.999999999999993,0.008351741435020257,9,75396,243,0.9883040946698063,0.9883042144399325,0.9867385245590794,0.9872916536700806,0.15362877529682817,0.1536288464369117,0.1369449153223799,0.17126555445261768,0.13721793717783654,0.31920947010110245,0.004585155715248245
corrugated,121,5.199995671815277e-15,0.0010872011928360916,0.002288836483259326,4.007709621324075e-07,1024,43,0.10750035796738647,30.0,1,1,1,29.999999999999993,0.008351741435020257,9,76996,243,0.9883040946698063,0.9883042144399325,0.9867385245590794,0.9872916536700806,0.15362877529682817,0.1536288464369117,0.1369449153223799,0.17126555445261768,0.13721793717783654,0.3259835052244746,0.004585155715248249
corrugated,121,5.199995671815277e-15,0.0002486693767427511,0.0012072990113040961,4.007709621324075e-07,1024,44,0.10750035796738647,30.0,1,1,1,29.999999999999993,0.003526424210127811,9,78588,243,0.9883040946698063,0.9883042144399325,0.9867385245590794,0.9872916536700806,0.15362877529682817,0.1536288464369117,0.1369449153223799,0.17126555445261768,0.13721793717783654,0.33272367017222987,0.0017163601295115884
corrugated,121,5.199995671815277e-15,0.00024866937674268704,0.0011591574949963016,4.007709621324075e-07,1024,45,0.10750035796738647,30.0,1,1,1,29.999999999999993,0.003526424210127811,9,80172,243,0.9883040946698063,0.9883042144399325,0.9867385245590794,0.9872916536700806,0.15362877529682817,0.1536288464369117,0.1369449153223799,0.17126555445261768,0.13721793717783654,0.3394299649443682,0.0017163601295115778
corrugated,121,5.199995671815277e-15,0.00024866937674264687,0.0006669611366842686,4.007709621324075e-07,1024,46,0.10750035796738647,30.0,1,1,1,29.999999999999993,0.003526424210127811,9,81748,243,0.9883040946698063,0.9883042144399325,0.9867385245590794,0.9872916536700806,0.15362877529682817,0.1536288464369117,0.1369449153223799,0.17126555445261768,0.13721793717783654,0.3461023895408898,0.0017163601295115802
corrugated,121,5.199995671815277e-15,0.00024866937674261586,0.0005695449255202463,4.007709621324075e-07,1024,47,0.10750035796738647,30.0,1,1,1,29.999999999999993,0.003526424210127811,9,83316,243,0.9883040946698063,0.9883042144399325,0.9867385245590794,0.9872916536700806,0.15362877529682817,0.1536288464369117,0.1369449153223799,0.17126555445261768,0.13721793717783654,0.35274094396179445,0.0017163601295115817
corrugated,121,5.199995671815277e-15,6.0195951147449216e-05,0.0003392997129890632,4.007709621324075e-07,1024,48,0.10750035796738647,30.0,1,1,1,29.999999999999993,0.0018459918440176632,9,84876,243,0.9883040946698063,0.9883042144399325,0.9867385245590794,0.9872916536700806,0.15362877529682817,0.1536288464369117,0.1369449153223799,0.17126555445261768,0.13721793717783654,0.35934562820708227,0.0007442423680329144
corrugated,121,5.199995671815277e-15,6.019595114748175e-05,0.0003307303018429498,4.007709621324075e-07,1024,49,0.10750035796738647,30.0,1,1,1,29.999999999999993,0.0018459918440176632,9,86428,243,0.9883040946698063,0.9883042144399325,0.9867385245590794,0.9872916536700806,0.15362877529682817,0.1536288464369117,0.1369449153223799,0.17126555445261768,0.13721793717783654,0.3659164422767532,0.0007442423680329188
corrugated,121,5.199995671815277e-15,6.0195951147441904e-05,0.00016606341904052858,4.007709621324075e-07,1024,50,0.10750035796738647,30.0,1,1,1,29.999999999999993,0.0018459918440176632,9,87972,243,0.9883040946698063,0.9883042144399325,0.9867385245590794,0.9872916536700806,0.15362877529682817,0.1536288464369117,0.1369449153223799,0.17126555445261768,0.13721793717783654,0.3724533861708073,0.0007442423680329236
corrugated,121,5.199995671815277e-15,6.019595114750435e-05,0.0001517432083146125,4.007709621324075e-07,1024,51,0.10750035796738647,30.0,1,1,1,29.999999999999993,0.0018459918440176632,9,89508,243,0.9883040946698063,0.9883042144399325,0.9867385245590794,0.9872916536700806,0.15362877529682817,0.1536288464369117,0.1369449153223799,0.17126555445261768,0.13721793717783654,0.37895645988924453,0.0007442423680329205
corrugated,121,5.199995671815277e-15,1.441033144384134e-05,8.331515404301986e-05,4.007709621324075e-07,1024,52,0.10750035796738647,30.0,1,1,1,29.999999999999993,0.0009090043229481698,9,91036,243,0.9883040946698063,0.9883042144399325,0.9867385245590794,0.9872916536700806,0.15362877529682817,0.1536288464369117,0.1369449153223799,0.17126555445261768,0.13721793717783654,0.3854256634320649,0.0002991593500113677
corrugated,121,5.199995671815277e-15,1.4410331443675126e-05,8.083296062704819e-05,4.007709621324075e-07,1024,53,0.10750035796738647,30.0,1,1,1,29.999999999999993,0.0009090043229481698,9,92556,243,0.9883040946698063,0.9883042144399325,0.9867385245590794,0.9872916536700806,0.15362877529682817,0.1536288464369117,0.1369449153223799,0.17126555445261768,0.13721793717783654,0.3918609967992684,0.00029915935001136767
corrugated,121,5.199995671815277e-15,1.4410331443733788e-05,3.449423930336288e-05,4.007709621324075e-07,1024,54,0.10750035796738647,30.0,1,1,1,29.999999999999993,0.0009090043229481698,9,94068,243,0.9883040946698063,0.9883042144399325,0.9867385245590794,0.9872916536700806,0.15362877529682817,0.1536288464369117,0.1369449153223799,0.17126555445261768,0.13721793717783654,0.3982624599908551,0.0002991593500113675
corrugated,121,5.199995671815277e-15,1.4410331443780408e-05,3.111721235865137e-05,4.007709621324075e-07,1024,55,0.10750035796738647,30.0,1,1,1,29.999999999999993,0.0009090043229481698,9,95572,243,0.9883040946698063,0.9883042144399325,0.9867385245590794,0.9872916536700806,0.15362877529682817,0.1536288464369117,0.1369449153223799,0.17126555445261768,0.13721793717783654,0.40463005300682486,0.0002991593500113685
corrugated,121,5.199995671815277e-15,3.598734179352714e-06,1.664509727005207e-05,4.007709621324075e-07,1024,56,0.10750035796738647,30.0,1,1,1,29.999999999999993,0.0004733090566510303,9,97068,243,0.9883040946698063,0.9883042144399325,0.9867385245590794,0.9872916536700806,0.15362877529682817,0.1536288464369117,0.1369449153223799,0.17126555445261768,0.13721793717783654,0.41096377584717775,0.000132623978918929
corrugated,121,5.199995671815277e-15,3.5987341794161663e-06,1.6206878809311066e-05,4.007709621324075e-07,1024,57,0.10750035796738647,30.0,1,1,1,29.999999999999993,0.0004733090566510303,9,98556,243,0.9883040946698063,0.9883042144399325,0.9867385245590794,0.9872916536700806,0.15362877529682817,0.1536288464369117,0.1369449153223799,0.17126555445261768,0.13721793717783654,0.41726362851191384,0.00013262397891892856
corrugated,121,5.199995671815277e-15,3.5987341794947278e-06,7.623759715885206e-06,4.007709621324075e-07,1024,58,0.10750035796738647,30.0,1,1,1,29.999999999999993,0.0004733090566510303,9,100036,243,0.9883040946698063,0.9883042144399325,0.9867385245590794,0.9872916536700806,0.15362877529682817,0.1536288464369117,0.1369449153223799,0.17126555445261768,0.13721793717783654,0.42352961100103304,0.00013262397891892976
corrugated,121,5.199995671815277e-15,3.5987341794240916e-06,6.967019368707827e-06,4.007709621324075e-07,1024,59,0.10750035796738647,30.0,1,1,1,29.999999999999993,0.0004733090566510303,9,101508,243,0.9883040946698063,0.9883042144399325,0.9867385245590794,0.9872916536700806,0.15362877529682817,0.1536288464369117,0.1369449153223799,0.17126555445261768,0.13721793717783654,0.4297617233145354,0.0001326239789189298
corrugated,121,5.199995671815277e-15,6.335515551465961e-07,3.27505937660854e-06,4.007709621324075e-07,1024,60,0.10750035796738647,30.0,1,1,1,29.999999999999993,0.00015797861474911337,9,102972,243,0.9883040946698063,0.9883042144399325,0.9867385245590794,0.9872916536700806,0.15362877529682817,0.1536288464369117,0.1369449153223799,0.17126555445261768,0.13721793717783654,0.4359599654524209,3.819004575828671e-05
corrugated,121,5.199995671815277e-15,6.335515552616167e-07,3.204436540184048e-06,4.007709621324075e-07,1024,61,0.10750035796738647,30.0,1,1,1,29.999999999999993,0.00015797861474911337,9,104428,243,0.9883040946698063,0.9883042144399325,0.9867385245590794,0.9872916536700806,0.15362877529682817,0.1536288464369117,0.1369449153223799,0.17126555445261768,0.13721793717783654,0.4421243374146895,3.819004575828731e-05
corrugated,121,5.199995671815277e-15,6.335515551435411e-07,1.503967638421461e-06,4.007709621324075e-07,1024,62,0.10750035796738647,30.0,1,1,1,29.999999999999993,0.00015797861474911337,9,105876,243,0.9883040946698063,0.9883042144399325,0.9867385245590794,0.9872916536700806,0.15362877529682817,0.1536288464369117,0.1369449153223799,0.17126555445261768,0.13721793717783654,0.44825483920134124,3.8190045758286515e-05
corrugated,121,5.199995671815277e-15,6.335515551842998e-07,1.3853257809893955e-06,4.007709621324075e-07,1024,63,0.10750035796738647,30.0,1,1,1,29.999999999999993,0.00015797861474911337,9,107316,243,0.9883040946698063,0.9883042144399325,0.9867385245590794,0.9872916536700806,0.15362877529682817,0.1536288464369117,0.1369449153223799,0.17126555445261768,0.13721793717783654,0.45435147081237615,3.8190045758286285e-05
corrugated,121,5.199995671815277e-15,1.253880807443871e-07,6.810584206914703e-07,4.007709621324075e-07,1024,64,0.10750035796738647,30.0,1,1,1,29.999999999999993,8.570711649508388e-05,9,108748,243,0.9883040946698063,0.9883042144399325,0.9867385245590794,0.9872916536700806,0.15362877529682817,0.1536288464369117,0.1369449153223799,0.17126555445261768,0.13721793717783654,0.4604142322477942,1.446178556905372e-05
corrugated,121,5.199995671815277e-15,1.2538808075800588e-07,6.72291811474631e-07,4.007709621324075e-07,1024,65,0.10750035796738647,30.0,1,1,1,29.999999999999993,8.570711649508388e-05,9,110172,243,0.9883040946698063,0.9883042144399325,0.9867385245590794,0.9872916536700806,0.15362877529682817,0.1536288464369117,0.1369449153223799,0.17126555445261768,0.13721793717783654,0.46644312350759537,1.446178556905398e-05
corrugated,121,5.199995671815277e-15,1.2538808088022352e-07,3.18073091455733e-07,4.007709621324075e-07,1024,66,0.10750035796738647,30.0,1,1,1,29.999999999999993,8.570711649508388e-05,9,111588,243,0.9883040946698063,0.9883042144399325,0.9867385245590794,0.9872916536700806,0.15362877529682817,0.1536288464369117,0.1369449153223799,0.17126555445261768,0.13721793717783654,0.4724381445917797,1.4461785569054061e-05
corrugated,121,5.199995671815277e-15,1.253880808636262e-07,2.9268548935392293e-07,4.007709621324075e-07,1024,67,0.10750035796738647,30.0,1,1,1,29.999999999999993,8.570711649508388e-05,9,112996,243,0.9883040946698063,0.9883042144399325,0.9867385245590794,0.9872916536700806,0.15362877529682817,0.1536288464369117,0.1369449153223799,0.17126555445261768,0.13721793717783654,0.47839929550034715,1.446178556905418e-05
corrugated,121,5.199995671815277e-15,2.1141474629958983e-08,1.2847606244515446e-07,4.007709621324075e-07,1024,68,0.10750035796738647,30.0,1,1,1,29.999999999999993,4.8051027060575004e-05,9,114396,243,0.9883040946698063,0.9883042144399325,0.9867385245590794,0.9872916536700806,0.15362877529682817,0.1536288464369117,0.1369449153223799,0.17126555445261768,0.13721793717783654,0.4843265762332978,5.345804335937504e-06
corrugated,121,5.199995671815277e-15,2.1141474656235794e-08,1.267759695914635e-07,4.007709621324075e-07,1024,69,0.10750035796738647,30.0,1,1,1,29.999999999999993,4.8051027060575004e-05,9,115788,243,0.9883040946698063,0.9883042144399325,0.9867385245590794,0.9872916536700806,0.15362877529682817,0.1536288464369117,0.1369449153223799,0.17126555445261768,0.13721793717783654,0.4902199867906315,5.345804335937443e-06
corrugated,121,5.199995671815277e-15,2.114147463526052e-08,5.542369250379585e-08,4.007709621324075e-07,1024,70,0.10750035796738647,30.0,1,1,1,29.999999999999993,4.8051027060575004e-05,9,117172,243,0.9883040946698063,0.9883042144399325,0.9867385245590794,0.9872916536700806,0.15362877529682817,0.1536288464369117,0.1369449153223799,0.17126555445261768,0.13721793717783654,0.4960795271723484,5.345804335937576e-06
corrugated,121,5.199995671815277e-15,2.114147464534203e-08,5.294043828153818e-08,4.007709621324075e-07,1024,71,0.10750035796738647,30.0,1,1,1,29.999999999999993,4.8051027060575004e-05,9,118548,243,0.9883040946698063,0.9883042144399325,0.9867385245590794,0.9872916536700806,0.15362877529682817,0.1536288464369117,0.1369449153223799,0.17126555445261768,0.13721793717783654,0.5019051973784484,5.3458043359375205e-06
corrugated,121,5.199995671815277e-15,3.6365416972981283e-09,2.2097959456915456e-08,4.007709621324075e-07,1024,72,0.10750035796738647,30.0,1,1,1,29.999999999999993,2.2538255065196364e-05,9,119916,243,0.9883040946698063,0.9883042144399325,0.9867385245590794,0.9872916536700806,0.15362877529682817,0.1536288464369117,0.1369449153223799,0.17126555445261768,0.13721793717783654,0.5076969974089316,2.0083728587507233e-06
corrugated,121,5.199995671815277e-15,3.6365416827728856e-09,2.1800087476238396e-08,4.007709621324075e-07,1024,73,0.10750035796738647,30.0,1,1,1,29.999999999999993,2.2538255065196364e-05,9,121276,243,0.9883040946698063,0.9883042144399325,0.9867385245590794,0.9872916536700806,0.15362877529682817,0.1536288464369117,0.1369449153223799,0.17126555445261768,0.13721793717783654,0.5134549272637978,2.008372858750782e-06
corrugated,121,5.199995671815277e-15,3.6365416942460473e-09,9.315265645519355e-09,4.007709621324075e-07,1024,74,0.10750035796738647,30.0,1,1,1,29.999999999999993,2.2538255065196364e-05,9,122628,243,0.9883040946698063,0.9883042144399325,0.9867385245590794,0.9872916536700806,0.15362877529682817,0.1536288464369117,0.1369449153223799,0.17126555445261768,0.13721793717783654,0.5191789869430473,2.008372858750731e-06
corrugated,121,5.199995671815277e-15,3.6365416930057425e-09,8.307419091855026e-09,4.007709621324075e-07,1024,75,0.10750035796738647,30.0,1,1,1,29.999999999999993,2.2538255065196364e-05,9,123972,243,0.9883040946698063,0.9883042144399325,0.9867385245590794,0.9872916536700806,0.15362877529682817,0.1536288464369117,0.1369449153223799,0.17126555445261768,0.13721793717783654,0.5248691764466799,2.008372858750691e-06
corrugated,121,5.199995671815277e-15,5.631876770525176e-10,3.3724316398976968e-09,4.007709621324075e-07,1024,76,0.10750035796738647,30.0,1,1,1,29.999999999999993,7.607895364600598e-06,9,125308,243,0.9883040946698063,0.9883042144399325,0.9867385245590794,0.9872916536700806,0.15362877529682817,0.1536288464369117,0.1369449153223799,0.17126555445261768,0.13721793717783654,0.5305254957746955,4.989543732855022e-07
corrugated,121,5.199995671815277e-15,5.631876668909104e-10,3.3157412013624636e-09,4.007709621324075e-07,1024,77,0.10750035796738647,30.0,1,1,1,29.999999999999993,7.607895364600598e-06,9,126636,243,0.9883040946698063,0.9883042144399325,0.9867385245590794,0.9872916536700806,0.15362877529682817,0.1536288464369117,0.1369449153223799,0.17126555445261768,0.13721793717783654,0.5361479449270945,4.989543732854654e-07
corrugated,121,5.199995671815277e-15,5.631876713538729e-10,1.5308294599432244e-09,4.007709621324075e-07,1024,78,0.10750035796738647,30.0,1,1,1,29.999999999999993,7.607895364600598e-06,9,127956,243,0.9883040946698063,0.9883042144399325,0.9867385245590794,0.9872916536700806,0.15362877529682817,0.1536288464369117,0.1369449153223799,0.17126555445261768,0.13721793717783654,0.5417365239038764,4.989543732854824e-07
corrugated,121,5.199995671815277e-15,5.631876565726147e-10,1.372568658843021e-09,4.007709621324075e-07,1024,79,0.10750035796738647,30.0,1,1,1,29.999999999999993,7.607895364600598e-06,9,129268,243,0.9883040946698063,0.9883042144399325,0.9867385245590794,0.9872916536700806,0.15362877529682817,0.1536288464369117,0.1369449153223799,0.17126555445261768,0.13721793717783654,0.5472912327050415,4.989543732855139e-07
corrugated,121,5.199995671815277e-15,1.0071381161289892e-10,5.549860954153427e-10,4.007709621324075e-07,1024,80,0.10750035796738647,30.0,1,1,1,29.999999999999993,4.822147156521034e-06,9,130572,243,0.9883040946698063,0.9883042144399325,0.9867385245590794,0.9872916536700806,0.15362877529682817,0.1536288464369117,0.1369449153223799,0.17126555445261768,0.13721793717783654,0.5528120713305898,1.6368874176681058e-07
corrugated,121,5.199995671815277e-15,1.0071382380942155e-10,5.410583500009196e-10,4.007709621324075e-07,1024,81,0.10750035796738647,30.0,1,1,1,29.999999999999993,4.822147156521034e-06,9,131868,243,0.9883040946698063,0.9883042144399325,0.9867385245590794,0.9872916536700806,0.15362877529682817,0.1536288464369117,0.1369449153223799,0.17126555445261768,0.13721793717783654,0.5582990397805213,1.6368874176681696e-07
corrugated,121,5.199995671815277e-15,1.0071384302683132e-10,2.9937245951785733e-10,4.007709621324075e-07,1024,82,0.10750035796738647,30.0,1,1,1,29.999999999999993,4.822147156521034e-06,9,133156,243,0.9883040946698063,0.9883042144399325,0.9867385245590794,0.9872916536700806,0.15362877529682817,0.1536288464369117,0.1369449153223799,0.17126555445261768,0.13721793717783654,0.5637521380548358,1.636887417668084e-07
corrugated,121,5.199995671815277e-15,1.0071384791908012e-10,2.3796671997805234e-10,4.007709621324075e-07,1024,83,0.10750035796738647,30.0,1,1,1,29.999999999999993,4.822147156521034e-06,9,134436,243,0.9883040946698063,0.9883042144399325,0.9867385245590794,0.9872916536700806,0.15362877529682817,0.1536288464369117,0.1369449153223799,0.17126555445261768,0.13721793717783654,0.5691713661535335,1.636887417668069e-07
corrugated,121,5.199995671815277e-15,1.8512142369100172e-11,9.31346806941113e-11,4.007709621324075e-07,1024,84,0.10750035796738647,30.0,1,1,1,29.999999999999993,4.104066241653301e-06,9,135708,243,0.9883040946698063,0.9883042144399325,0.9867385245590794,0.9872916536700806,0.15362877529682817,0.1536288464369117,0.1369449153223799,0.17126555445261768,0.13721793717783654,0.5745567240766143,6.047157549507274e-08
corrugated,121,5.199995671815277e-15,1.8512147917946473e-11,9.342230802265009e-11,4.007709621324075e-07,1024,85,0.10750035796738647,30.0,1,1,1,29.999999999999993,4.104066241653301e-06,9,136972,243,0.9883040946698063,0.9883042144399325,0.9867385245590794,0.9872916536700806,0.15362877529682817,0.1536288464369117,0.1369449153223799,0.17126555445261768,0.13721793717783654,0.5799082118240783,6.047157549507038e-08
corrugated,121,5.199995671815277e-15,1.851212228100713e-11,6.377965306476394e-11,4.007709621324075e-07,1024,86,0.10750035796738647,30.0,1,1,1,29.999999999999993,4.104066241653301e-06,9,138228,243,0.9883040946698063,0.9883042144399325,0.9867385245590794,0.9872916536700806,0.15362877529682817,0.1536288464369117,0.1369449153223799,0.17126555445261768,0.13721793717783654,0.5852258293959254,6.047157549507251e-08
corrugated,121,5.199995671815277e-15,1.8512125621660072e-11,5.634996582782227e-11,4.007709621324075e-07,1024,87,0.10750035796738647,30.0,1,1,1,29.999999999999993,4.104066241653301e-06,9,139476,243,0.9883040946698063,0.9883042144399325,0.9867385245590794,0.9872916536700806,0.15362877529682817,0.1536288464369117,0.1369449153223799,0.17126555445261768,0.13721793717783654,0.5905095767921557,6.047157549507655e-08
corrugated,121,5.199995671815277e-15,2.2728381357655254e-12,3.1345951916046076e-11,4.007709621324075e-07,1024,88,0.10750035796738647,30.0,1,1,1,29.999999999999993,1.3783958305206046e-06,9,140716,243,0.9883040946698063,0.9883042144399325,0.9867385245590794,0.9872916536700806,0.15362877529682817,0.1536288464369117,0.1369449153223799,0.17126555445261768,0.13721793717783654,0.5957594540127691,1.867773614916966e-08
corrugated,121,5.199995671815277e-15,2.2728381357655254e-12,3.1057941591255326e-11,4.007709621324075e-07,1024,89,0.10750035796738647,30.0,1,1,1,29.999999999999993,1.3783958305206046e-06,9,141948,243,0.9883040946698063,0.9883042144399325,0.9867385245590794,0.9872916536700806,0.15362877529682817,0.1536288464369117,0.1369449153223799,0.17126555445261768,0.13721793717783654,0.6009754610577656,1.8677736149167044e-08
corrugated,121,5.199995671815277e-15,2.2728381357655254e-12,3.007951125437539e-11,4.007709621324075e-07,1024,90,0.10750035796738647,30.0,1,1,1,29.999999999999993,1.3783958305206046e-06,9,143172,243,0.9883040946698063,0.9883042144399325,0.9867385245590794,0.9872916536700806,0.15362877529682817,0.1536288464369117,0.1369449153223799,0.17126555445261768,0.13721793717783654,0.6061575979271453,1.8677736149168844e-08
corrugated,121,5.199995671815277e-15,2.2728406516342765e-12,2.81852344188857e-11,4.007709621324075e-07,1024,91,0.10750035796738647,30.0,1,1,1,29.999999999999993,1.3783958305206046e-06,9,144388,243,0.9883040946698063,0.9883042144399325,0.9867385245590794,0.9872916536700806,0.15362877529682817,0.1536288464369117,0.1369449153223799,0.17126555445261768,0.13721793717783654,0.6113058646209081,1.867773614916433e-08
corrugated,121,5.199995671815277e-15,4.0552386227522137e-13,2.6460848469518702e-11,4.007709621324075e-07,1024,92,0.10750035796738647,30.0,1,1,1,29.999999999999993,1.00172694113573e-06,9,145596,243,0.9883040946698063,0.9883042144399325,0.9867385245590794,0.9872916536700806,0.15362877529682817,0.1536288464369117,0.1369449153223799,0.17126555445261768,0.13721793717783654,0.616420261139054,5.206628591024571e-09
corrugated,121,5.199995671815277e-15,4.055295986244749e-13,2.609531946013365e-11,4.007709621324075e-07,1024,93,0.10750035796738647,30.0,1,1,1,29.999999999999993,1.00172694113573e-06,9,146796,243,0.9883040946698063,0.9883042144399325,0.9867385245590794,0.9872916536700806,0.15362877529682817,0.1536288464369117,0.1369449153223799,0.17126555445261768,0.13721793717783654,0.6215007874815831,5.206628591023961e-09
corrugated,121,5.199995671815277e-15,4.0552371023232e-13,2.6272934295874425e-11,4.007709621324075e-07,1024,94,0.10750035796738647,30.0,1,1,1,29.999999999999993,1.00172694113573e-06,9,147988,243,0.9883040946698063,0.9883042144399325,0.9867385245590794,0.9872916536700806,0.15362877529682817,0.1536288464369117,0.1369449153223799,0.17126555445261768,0.13721793717783654,0.6265474436484954,5.2066285910241885e-09
corrugated,121,5.199995671815277e-15,4.0552795595607504e-13,2.6341133888125982e-11,4.007709621324075e-07,1024,95,0.10750035796738647,30.0,1,1,1,29.999999999999993,1.00172694113573e-06,9,149172,243,0.9883040946698063,0.9883042144399325,0.9867385245590794,0.9872916536700806,0.15362877529682817,0.1536288464369117,0.1369449153223799,0.17126555445261768,0.13721793717783654,0.6315602296397906,5.20662859102363e-09
corrugated,121,5.199995671815277e-15,8.092677436335982e-14,2.2958914497106126e-11,4.007709621324075e-07,1024,96,0.10750035796738647,30.0,1,1,1,29.999999999999993,5.090845264535958e-07,9,150348,243,0.9883040946698063,0.9883042144399325,0.9867385245590794,0.9872916536700806,0.15362877529682817,0.1536288464369117,0.1369449153223799,0.17126555445261768,0.13721793717783654,0.6365391454554692,1.5304496322730367e-09
corrugated,121,5.199995671815277e-15,8.0926753039873e-14,2.2171810352333466e-11,4.007709621324075e-07,1024,97,0.10750035796738647,30.0,1,1,1,29.999999999999993,5.090845264535958e-07,9,151516,243,0.9883040946698063,0.9883042144399325,0.9867385245590794,0.9872916536700806,0.15362877529682817,0.1536288464369117,0.1369449153223799,0.17126555445261768,0.13721793717783654,0.6414841910955308,1.530449632271511e-09
corrugated,121,5.199995671815277e-15,8.0926753039873e-14,2.1722623021569347e-11,4.007709621324075e-07,1024,98,0.10750035796738647,30.0,1,1,1,29.999999999999993,5.090845264535958e-07,9,152676,243,0.9883040946698063,0.9883042144399325,0.9867385245590794,0.9872916536700806,0.15362877529682817,0.1536288464369117,0.1369449153223799,0.17126555445261768,0.13721793717783654,0.6463953665599756,1.5304496322696093e-09
corrugated,121,5.199995671815277e-15,8.0926753039873e-14,2.1624867470771755e-11,4.007709621324075e-07,1024,99,0.10750035796738647,30.0,1,1,1,29.999999999999993,5.090845264535958e-07,9,153828,243,0.9883040946698063,0.9883042144399325,0.9867385245590794,0.9872916536700806,0.15362877529682817,0.1536288464369117,0.1369449153223799,0.17126555445261768,0.13721793717783654,0.6512726718488036,1.5304496322695202e-09
corrugated,121,5.199995671815277e-15,1.7796130941503745e-14,2.1411159701590514e-11,4.007709621324075e-07,1024,100,0.10750035796738647,30.0,1,1,1,29.999999999999993,4.893476286699596e-07,9,154972,243,0.9883040946698063,0.9883042144399325,0.9867385245590794,0.9872916536700806,0.15362877529682817,0.1536288464369117,0.1369449153223799,0.17126555445261768,0.13721793717783654,0.6561161069620146,8.623437668647176e-10
corrugated,121,5.199995671815277e-15,1.7796130941503745e-14,2.1380851912743556e-11,4.007709621324075e-07,1024,101,0.10750035796738647,30.0,1,1,1,29.999999999999993,4.893476286699596e-07,9,156108,243,0.9883040946698063,0.9883042144399325,0.9867385245590794,0.9872916536700806,0.15362877529682817,0.1536288464369117,0.1369449153223799,0.17126555445261768,0.13721793717783654,0.6609256718996088,8.623437668644019e-10
corrugated,121,5.199995671815277e-15,1.7796130941503745e-14,2.1243478393527377e-11,4.007709621324075e-07,1024,102,0.10750035796738647,30.0,1,1,1,29.999999999999993,4.893476286699596e-07,9,157236,243,0.9883040946698063,0.9883042144399325,0.9867385245590794,0.9872916536700806,0.15362877529682817,0.1536288464369117,0.1369449153223799,0.17126555445261768,0.13721793717783654,0.6657013666615862,8.623437668641047e-10
corrugated,121,5.199995671815277e-15,1.7796130941503745e-14,2.1093245965320942e-11,4.007709621324075e-07,1024,103,0.10750035796738647,30.0,1,1,1,29.999999999999993,4.893476286699596e-07,9,158356,243,0.9883040946698063,0.9883042144399325,0.9867385245590794,0.9872916536700806,0.15362877529682817,0.1536288464369117,0.1369449153223799,0.17126555445261768,0.13721793717783654,0.6704431912479466,8.623437668637604e-10
corrugated,121,5.199995671815277e-15,5.543756768052857e-15,1.8456849462912463e-11,4.007709621324075e-07,1024,104,0.10750035796738647,30.0,1,1,1,29.999999999999993,1.4591852097138398e-07,9,159468,243,0.9883040946698063,0.9883042144399325,0.9867385245590794,0.9872916536700806,0.15362877529682817,0.1536288464369117,0.1369449153223799,0.17126555445261768,0.13721793717783654,0.6751511456586903,1.848074277255487e-10
corrugated,121,5.199995671815277e-15,5.543756768052857e-15,1.8233708853869336e-11,4.007709621324075e-07,1024,105,0.10750035796738647,30.0,1,1,1,29.999999999999993,1.4591852097138398e-07,9,160572,243,0.9883040946698063,0.9883042144399325,0.9867385245590794,0.9872916536700806,0.15362877529682817,0.1536288464369117,0.1369449153223799,0.17126555445261768,0.13721793717783654,0.679825229893817,1.8480742772399816e-10
corrugated,121,5.199995671815277e-15,5.543756768052857e-15,1.8091095573609938e-11,4.007709621324075e-07,1024,106,0.10750035796738647,30.0,1,1,1,29.999999999999993,1.4591852097138398e-07,9,161668,243,0.9883040946698063,0.9883042144399325,0.9867385245590794,0.9872916536700806,0.15362877529682817,0.1536288464369117,0.1369449153223799,0.17126555445261768,0.13721793717783654,0.6844654439533269,1.8480742772309854e-10
corrugated,121,5.199995671815277e-15,5.543756768052857e-15,1.8020703029915984e-11,4.007709621324075e-07,1024,107,0.10750035796738647,30.0,1,1,1,29.999999999999993,1.4591852097138398e-07,9,162756,243,0.9883040946698063,0.9883042144399325,0.9867385245590794,0.9872916536700806,0.15362877529682817,0.1536288464369117,0.1369449153223799,0.17126555445261768,0.13721793717783654,0.6890717878372199,1.848074277196039e-10
corrugated,121,5.199995671815277e-15,3.2951564385491905e-15,1.7989848562418516e-11,4.007709621324075e-07,1024,108,0.10750035796738647,30.0,1,1,1,29.999999999999993,1.4172441890928144e-07,9,163836,243,0.9883040946698063,0.9883042144399325,0.9867385245590794,0.9872916536700806,0.15362877529682817,0.1536288464369117,0.1369449153223799,0.17126555445261768,0.13721793717783654,0.6936442615454961,1.0949685318336399e-10
corrugated,121,5.199995671815277e-15,3.2951564385491905e-15,1.808452429328349e-11,4.007709621324075e-07,1024,109,0.10750035796738647,30.0,1,1,1,29.999999999999993,1.4172441890928144e-07,9,164908,243,0.9883040946698063,0.9883042144399325,0.9867385245590794,0.9872916536700806,0.15362877529682817,0.1536288464369117,0.1369449153223799,0.17126555445261768,0.13721793717783654,0.6981828650781554,1.0949685317811728e-10
corrugated,121,5.199995671815277e-15,3.2951564385491905e-15,1.809318823348196e-11,4.007709621324075e-07,1024,110,0.10750035796738647,30.0,1,1,1,29.999999999999993,1.4172441890928144e-07,9,165972,243,0.9883040946698063,0.9883042144399325,0.9867385245590794,0.9872916536700806,0.15362877529682817,0.1536288464369117,0.1369449153223799,0.17126555445261768,0.13721793717783654,0.7026875984351979,1.0949685317756525e-10
corrugated,121,5.199995671815277e-15,3.2951564385491905e-15,1.8204089747371504e-11,4.007709621324075e-07,1024,111,0.10750035796738647,30.0,1,1,1,29.999999999999993,1.4172441890928144e-07,9,167028,243,0.9883040946698063,0.9883042144399325,0.9867385245590794,0.9872916536700806,0.15362877529682817,0.1536288464369117,0.1369449153223799,0.17126555445261768,0.13721793717783654,0.7071584616166234,1.0949685317665036e-10
corrugated,121,5.199995671815277e-15,2.801671521240241e-15,1.4474173254070459e-11,4.007709621324075e-07,1024,112,0.10750035796738647,30.0,1,1,1,29.999999999999993,8.009914235142278e-08,9,168076,243,0.9883040946698063,0.9883042144399325,0.9867385245590794,0.9872916536700806,0.15362877529682817,0.1536288464369117,0.1369449153223799,0.17126555445261768,0.13721793717783654,0.7115954546224322,4.0059335534738254e-11
corrugated,121,5.199995671815277e-15,2.801671521240241e-15,1.4528743034055779e-11,4.007709621324075e-07,1024,113,0.10750035796738647,30.0,1,1,1,29.999999999999993,8.009914235142277e-08,9,169116,243,0.9883040946698063,0.9883042144399325,0.9867385245590794,0.9872916536700806,0.15362877529682817,0.1536288464369117,0.1369449153223799,0.17126555445261768,0.13721793717783654,0.7159985774526241,4.005933553069951e-11
corrugated,121,5.199995671815277e-15,2.801671521240241e-15,1.4598879640312495e-11,4.007709621324075e-07,1024,114,0.10750035796738647,30.0,1,1,1,29.999999999999993,8.009914235142277e-08,9,170148,243,0.9883040946698063,0.9883042144399325,0.9867385245590794,0.9872916536700806,0.15362877529682817,0.1536288464369117,0.1369449153223799,0.17126555445261768,0.13721793717783654,0.7203678301071991,4.0059335529598354e-11
corrugated,121,5.199995671815277e-15,2.801671521240241e-15,1.4589651611535386e-11,4.007709621324075e-07,1024,115,0.10750035796738647,30.0,1,1,1,29.999999999999993,8.009914235142277e-08,9,171172,243,0.9883040946698063,0.9883042144399325,0.9867385245590794,0.9872916536700806,0.15362877529682817,0.1536288464369117,0.1369449153223799,0.17126555445261768,0.13721793717783654,0.7247032125861572,4.005933552600229e-11
corrugated,121,5.199995671815277e-15,2.699363393552141e-15,1.2355268536975185e-11,4.007709621324075e-07,1024,116,0.10750035796738647,30.0,1,1,1,29.999999999999993,5.812187835965225e-08,9,172188,243,0.9883040946698063,0.9883042144399325,0.9867385245590794,0.9872916536700806,0.15362877529682817,0.1536288464369117,0.1369449153223799,0.17126555445261768,0.13721793717783654,0.7290047248894985,1.9264377462419595e-11
corrugated,121,5.199995671815277e-15,2.699363393552141e-15,1.2321531789333667e-11,4.007709621324075e-07,1024,117,0.10750035796738647,30.0,1,1,1,29.999999999999993,5.812187835965225e-08,9,173196,243,0.9883040946698063,0.9883042144399325,0.9867385245590794,0.9872916536700806,0.15362877529682817,0.1536288464369117,0.1369449153223799,0.17126555445261768,0.13721793717783654,0.733272367017223,1.926437745770207e-11
corrugated,121,5.199995671815277e-15,2.699363393552141e-15,1.2328427968554325e-11,4.007709621324075e-07,1024,118,0.10750035796738647,30.0,1,1,1,29.999999999999993,5.8121878359652244e-08,9,174196,243,0.9883040946698063,0.9883042144399325,0.9867385245590794,0.9872916536700806,0.15362877529682817,0.1536288464369117,0.1369449153223799,0.17126555445261768,0.13721793717783654,0.7375061389693306,1.92643774548637e-11
corrugated,121,5.199995671815277e-15,2.699363393552141e-15,1.2352604730885316e-11,4.007709621324075e-07,1024,119,0.10750035796738647,30.0,1,1,1,29.999999999999993,5.8121878359652244e-08,9,175188,243,0.9883040946698063,0.9883042144399325,0.9867385245590794,0.9872916536700806,0.15362877529682817,0.1536288464369117,0.1369449153223799,0.17126555445261768,0.13721793717783654,0.7417060407458212,1.9264377450931556e-11
corrugated,121,5.199995671815277e-15,2.321900392235316e-15,1.092147867226009e-11,4.007709621324075e-07,1024,120,0.10750035796738647,30.0,1,1,1,29.999999999999993,2.76352986555962e-08,9,176172,243,0.9883040946698063,0.9883042144399325,0.9867385245590794,0.9872916536700806,0.15362877529682817,0.1536288464369117,0.1369449153223799,0.17126555445261768,0.13721793717783654,0.7458720723466952,7.74394417687042e-12
corrugated,121,5.199995671815277e-15,2.321900392235316e-15,1.0905851997843139e-11,4.007709621324075e-07,1024,121,0.10750035796738647,30.0,1,1,1,29.999999999999993,2.7635298655596197e-08,9,177148,243,0.9883040946698063,0.9883042144399325,0.9867385245590794,0.9872916536700806,0.15362877529682817,0.1536288464369117,0.1369449153223799,0.17126555445261768,0.13721793717783654,0.7500042337719521,7.74394417232418e-12
corrugated,121,5.199995671815277e-15,2.321900392235316e-15,1.0873699965071632e-11,4.007709621324075e-07,1024,122,0.10750035796738647,30.0,1,1,1,29.999999999999993,2.763529865559619e-08,9,178116,243,0.9883040946698063,0.9883042144399325,0.9867385245590794,0.9872916536700806,0.15362877529682817,0.1536288464369117,0.1369449153223799,0.17126555445261768,0.13721793717783654,0.7541025250215923,7.743944168368852e-12
corrugated,121,5.199995671815277e-15,2.321900392235316e-15,1.0887693451188037e-11,4.007709621324075e-07,1024,123,0.10750035796738647,30.0,1,1,1,29.999999999999993,2.763529865559617e-08,9,179076,243,0.9883040946698063,0.9883042144399325,0.9867385245590794,0.9872916536700806,0.15362877529682817,0.1536288464369117,0.1369449153223799,0.17126555445261768,0.13721793717783654,0.7581669460956155,7.743944135615085e-12
corrugated,121,5.199995671815277e-15,1.8315052302845927e-15,9.755606288306202e-12,4.007709621324075e-07,1024,124,0.10750035796738647,30.0,1,1,1,29.999999999999993,1.8024071383710434e-08,9,180028,243,0.9883040946698063,0.9883042144399325,0.9867385245590794,0.9872916536700806,0.15362877529682817,0.1536288464369117,0.1369449153223799,0.17126555445261768,0.13721793717783654,0.762197496994022,2.6383854408824863e-12
corrugated,121,5.199995671815277e-15,1.8315052302845927e-15,9.756568223877911e-12,4.007709621324075e-07,1024,125,0.10750035796738647,30.0,1,1,1,29.999999999999993,1.8024071383710408e-08,9,180972,243,0.9883040946698063,0.9883042144399325,0.9867385245590794,0.9872916536700806,0.15362877529682817,0.1536288464369117,0.1369449153223799,0.17126555445261768,0.13721793717783654,0.7661941777168114,2.638385368436491e-12
corrugated,121,5.199995671815277e-15,1.8315052302845927e-15,9.776071226991659e-12,4.007709621324075e-07,1024,126,0.10750035796738647,30.0,1,1,1,29.999999999999993,1.8024071383710388e-08,9,181908,243,0.9883040946698063,0.9883042144399325,0.9867385245590794,0.9872916536700806,0.15362877529682817,0.1536288464369117,0.1369449153223799,0.17126555445261768,0.13721793717783654,0.7701569882639842,2.6383853373709616e-12
corrugated,121,5.199995671815277e-15,1.8315052302845927e-15,9.79318799369934e-12,4.007709621324075e-07,1024,127,0.10750035796738647,30.0,1,1,1,29.999999999999993,1.8024071383710368e-08,9,182836,243,0.9883040946698063,0.9883042144399325,0.9867385245590794,0.9872916536700806,0.15362877529682817,0.1536288464369117,0.1369449153223799,0.17126555445261768,0.13721793717783654,0.7740859286355399,2.6383852877838402e-12
corrugated,121,5.199995671815277e-15,1.851495091579743e-15,7.45784654733484e-12,4.007709621324075e-07,1024,128,0.10750035796738647,30.0,1,1,1,29.999999999999993,1.3928218455916467e-08,9,183756,243,0.9883040946698063,0.9883042144399325,0.9867385245590794,0.9872916536700806,0.15362877529682817,0.1536288464369117,0.1369449153223799,0.17126555445261768,0.13721793717783654,0.777980998831479,1.6149241172299014e-12
corrugated,121,5.199995671815277e-15,1.851495091579743e-15,7.425651098470046e-12,4.007709621324075e-07,1024,129,0.10750035796738647,30.0,1,1,1,29.999999999999993,1.3928218455916446e-08,9,184668,243,0.9883040946698063,0.9883042144399325,0.9867385245590794,0.9872916536700806,0.15362877529682817,0.1536288464369117,0.1369449153223799,0.17126555445261768,0.13721793717783654,0.7818421988518011,1.6149240649410967e-12
corrugated,121,5.199995671815277e-15,1.851495091579743e-15,7.422231603618128e-12,4.007709621324075e-07,1024,130,0.10750035796738647,30.0,1,1,1,29.999999999999993,1.3928218455916421e-08,9,185572,243,0.9883040946698063,0.9883042144399325,0.9867385245590794,0.9872916536700806,0.15362877529682817,0.1536288464369117,0.1369449153223799,0.17126555445261768,0.13721793717783654,0.7856695286965063,1.6149240223597448e-12
corrugated,121,5.199995671815277e-15,1.851495091579743e-15,7.414646908904766e-12,4.007709621324075e-07,1024,131,0.10750035796738647,30.0,1,1,1,29.999999999999993,1.3928218455916373e-08,9,186468,243,0.9883040946698063,0.9883042144399325,0.9867385245590794,0.9872916536700806,0.15362877529682817,0.1536288464369117,0.1369449153223799,0.17126555445261768,0.13721793717783654,0.7894629883655947,1.6149238869971358e-12
corrugated,121,5.199995671815277e-15,3.2645672104731e-17,1.8715097597003687e-12,4.007709621324075e-07,1024,132,0.10750035796738647,30.0,1,1,1,29.999999999999993,6.480424526680402e-09,9,187356,243,0.9883040946698063,0.9883042144399325,0.9867385245590794,0.9872916536700806,0.15362877529682817,0.1536288464369117,0.1369449153223799,0.17126555445261768,0.13721793717783654,0.7932225778590662,3.612840082596122e-13
corrugated,121,5.199995671815277e-15,3.2645672104731e-17,1.883142529240388e-12,4.007709621324075e-07,1024,133,0.10750035796738647,30.0,1,1,1,29.999999999999993,6.480424526680357e-09,9,188236,243,0.9883040946698063,0.9883042144399325,0.9867385245590794,0.9872916536700806,0.15362877529682817,0.1536288464369117,0.1369449153223799,0.17126555445261768,0.13721793717783654,0.7969482971769208,3.612839418181451e-13
corrugated,121,5.199995671815277e-15,3.2645672104731e-17,1.8705608046434245e-12,4.007709621324075e-07,1024,134,0.10750035796738647,30.0,1,1,1,29.999999999999993,6.48042452668032e-09,9,189108,243,0.9883040946698063,0.9883042144399325,0.9867385245590794,0.9872916536700806,0.15362877529682817,0.1536288464369117,0.1369449153223799,0.17126555445261768,0.13721793717783654,0.8006401463191587,3.612839147852547e-13
corrugated,121,5.199995671815277e-15,3.2645672104731e-17,1.8705608046434245e-12,4.007709621324075e-07,1024,135,0.10750035796738647,30.0,1,1,1,29.999999999999993,6.480424526680282e-09,9,189972,243,0.9883040946698063,0.9883042144399325,0.9867385245590794,0.9872916536700806,0.15362877529682817,0.1536288464369117,0.1369449153223799,0.17126555445261768,0.13721793717783654,0.8042981252857796,3.61283886618694e-13
corrugated,121,5.199995671815277e-15,9.041395298415173e-16,2.314817859484543e-12,4.007709621324075e-07,1024,136,0.10750035796738647,30.0,1,1,1,29.999999999999993,5.139786077631441e-09,9,190828,243,0.9883040946698063,0.9883042144399325,0.9867385245590794,0.9872916536700806,0.15362877529682817,0.1536288464369117,0.1369449153223799,0.17126555445261768,0.13721793717783654,0.8079222340767837,3.008509313909197e-13
corrugated,121,5.199995671815277e-15,9.041395298415173e-16,2.3068352810752724e-12,4.007709621324075e-07,1024,137,0.10750035796738647,30.0,1,1,1,29.999999999999993,5.139786077631395e-09,9,191676,243,0.9883040946698063,0.9883042144399325,0.9867385245590794,0.9872916536700806,0.15362877529682817,0.1536288464369117,0.1369449153223799,0.17126555445261768,0.13721793717783654,0.8115124726921709,3.0085091999074684e-13
corrugated,121,5.199995671815277e-15,9.041395298415173e-16,2.3068352810752724e-12,4.007709621324075e-07,1024,138,0.10750035796738647,30.0,1,1,1,29.999999999999993,5.1397860776313576e-09,9,192516,243,0.9883040946698063,0.9883042144399325,0.9867385245590794,0.9872916536700806,0.15362877529682817,0.1536288464369117,0.1369449153223799,0.17126555445261768,0.13721793717783654,0.8150688411319412,3.0085091550930164e-13
corrugated,121,5.199995671815277e-15,9.041395298415173e-16,2.3069736587351374e-12,4.007709621324075e-07,1024,139,0.10750035796738647,30.0,1,1,1,29.999999999999993,5.139786077631301e-09,9,193348,243,0.9883040946698063,0.9883042144399325,0.9867385245590794,0.9872916536700806,0.15362877529682817,0.1536288464369117,0.1369449153223799,0.17126555445261768,0.13721793717783654,0.8185913393960947,3.0085090757895864e-13
corrugated,121,5.199995671815277e-15,0.0,5.539210986130407e-13,4.007709621324075e-07,1024,140,0.10750035796738647,30.0,1,1,1,29.999999999999993,2.297739740712994e-09,9,194172,243,0.9883040946698063,0.9883042144399325,0.9867385245590794,0.9872916536700806,0.15362877529682817,0.1536288464369117,0.1369449153223799,0.17126555445261768,0.13721793717783654,0.8220799674846314,4.6069498842966977e-14
corrugated,121,5.199995671815277e-15,0.0,5.539210986130407e-13,4.007709621324075e-07,1024,141,0.10750035796738647,30.0,1,1,1,29.999999999999993,2.297739740712896e-09,9,194988,243,0.9883040946698063,0.9883042144399325,0.9867385245590794,0.9872916536700806,0.15362877529682817,0.1536288464369117,0.1369449153223799,0.17126555445261768,0.13721793717783654,0.8255347253975512,4.606948108977642e-14
corrugated,121,5.199995671815277e-15,0.0,5.539210986130407e-13,4.007709621324075e-07,1024,142,0.10750035796738647,30.0,1,1,1,29.999999999999993,2.2977397407128072e-09,9,195796,243,0.9883040946698063,0.9883042144399325,0.9867385245590794,0.9872916536700806,0.15362877529682817,0.1536288464369117,0.1369449153223799,0.17126555445261768,0.13721793717783654,0.8289556131348541,4.6069473043477816e-14
corrugated,121,5.199995671815277e-15,0.0,4.5187280168461403e-13,4.007709621324075e-07,1024,143,0.10750035796738647,30.0,1,1,1,29.999999999999993,2.2977397407127266e-09,9,196596,243,0.9883040946698063,0.9883042144399325,0.9867385245590794,0.9872916536700806,0.15362877529682817,0.1536288464369117,0.1369449153223799,0.17126555445261768,0.13721793717783654,0.8323426306965401,4.606946811887089e-14
corrugated,121,5.199995671815277e-15,0.0,6.659873469281e-13,4.007709621324075e-07,1024,144,0.10750035796738647,30.0,1,1,1,29.999999999999993,2.25581054623922e-09,9,197388,243,0.9883040946698063,0.9883042144399325,0.9867385245590794,0.9872916536700806,0.15362877529682817,0.1536288464369117,0.1369449153223799,0.17126555445261768,0.13721793717783654,0.8356957780826093,5.33193931603801e-14
corrugated,121,5.199995671815277e-15,0.0,6.428674800427292e-13,4.007709621324075e-07,1024,145,0.10750035796738647,30.0,1,1,1,29.999999999999993,2.2558105462391287e-09,9,198172,243,0.9883040946698063,0.9883042144399325,0.9867385245590794,0.9872916536700806,0.15362877529682817,0.1536288464369117,0.1369449153223799,0.17126555445261768,0.13721793717783654,0.8390150552930616,5.331939074965848e-14
corrugated,121,5.199995671815277e-15,0.0,6.428674800427292e-13,4.007709621324075e-07,1024,146,0.10750035796738647,30.0,1,1,1,29.999999999999993,2.255810546239022e-09,9,198948,243,0.9883040946698063,0.9883042144399325,0.9867385245590794,0.9872916536700806,0.15362877529682817,0.1536288464369117,0.1369449153223799,0.17126555445261768,0.13721793717783654,0.8423004623278971,5.33193892531783e-14
corrugated,121,5.199995671815277e-15,0.0,6.428674800427292e-13,4.007709621324075e-07,1024,147,0.10750035796738647,30.0,1,1,1,29.999999999999993,2.2558105462388975e-09,9,199716,243,0.9883040946698063,0.9883042144399325,0.9867385245590794,0.9872916536700806,0.15362877529682817,0.1536288464369117,0.1369449153223799,0.17126555445261768,0.13721793717783654,0.8455519991871158,5.33193862991836e-14
corrugated,121,5.199995671815277e-15,0.0,0.0,4.007709621324075e-07,1024,148,0.10750035796738647,30.0,1,1,1,29.999999999999993,8.267268997857287e-10,9,200476,243,0.9883040946698063,0.9883042144399325,0.9867385245590794,0.9872916536700806,0.15362877529682817,0.1536288464369117,0.1369449153223799,0.17126555445261768,0.13721793717783654,0.8487696658707176,6.985123130883335e-15
corrugated,121,5.199995671815277e-15,0.0,1.7395559597736568e-13,4.007709621324075e-07,1024,149,0.10750035796738647,30.0,1,1,1,29.999999999999993,8.267268997854228e-10,9,201228,243,0.9883040946698063,0.9883042144399325,0.9867385245590794,0.9872916536700806,0.15362877529682817,0.1536288464369117,0.1369449153223799,0.17126555445261768,0.13721793717783654,0.8519534623787024,6.985120927665338e-15
corrugated,121,5.199995671815277e-15,0.0,1.7395559597736568e-13,4.007709621324075e-07,1024,150,0.10750035796738647,30.0,1,1,1,29.999999999999993,8.26726899785143e-10,9,201972,243,0.9883040946698063,0.9883042144399325,0.9867385245590794,0.9872916536700806,0.15362877529682817,0.1536288464369117,0.1369449153223799,0.17126555445261768,0.13721793717783654,0.8551033887110705,6.98512002189242e-15
corrugated,121,5.199995671815277e-15,0.0,1.7395559597736568e-13,4.007709621324075e-07,1024,151,0.10750035796738647,30.0,1,1,1,29.999999999999993,8.267268997847877e-10,9,202708,243,0.9883040946698063,0.9883042144399325,0.9867385245590794,0.9872916536700806,0.15362877529682817,0.1536288464369117,0.1369449153223799,0.17126555445261768,0.13721793717783654,0.8582194448678216,6.985117441760772e-15
corrugated,121,5.199995671815277e-15,0.0,3.9904759481408983e-13,4.007709621324075e-07,1024,152,0.10750035796738647,30.0,1,1,1,29.999999999999993,8.237020030833314e-10,9,203436,243,0.9883040946698063,0.9883042144399325,0.9867385245590794,0.9872916536700806,0.15362877529682817,0.1536288464369117,0.1369449153223799,0.17126555445261768,0.13721793717783654,0.861301630848956,9.030146502067198e-15
corrugated,121,5.199995671815277e-15,0.0,3.9904759481408983e-13,4.007709621324075e-07,1024,153,0.10750035796738647,30.0,1,1,1,29.999999999999993,8.237020030830284e-10,9,204156,243,0.9883040946698063,0.9883042144399325,0.9867385245590794,0.9872916536700806,0.15362877529682817,0.1536288464369117,0.1369449153223799,0.17126555445261768,0.13721793717783654,0.8643499466544734,9.030146123042858e-15
corrugated,121,5.199995671815277e-15,0.0,3.9904759481408983e-13,4.007709621324075e-07,1024,154,0.10750035796738647,30.0,1,1,1,29.999999999999993,8.23702003082704e-10,9,204868,243,0.9883040946698063,0.9883042144399325,0.9867385245590794,0.9872916536700806,0.15362877529682817,0.1536288464369117,0.1369449153223799,0.17126555445261768,0.13721793717783654,0.867364392284374,9.030145719406142e-15
corrugated,121,5.199995671815277e-15,0.0,3.9904759481408983e-13,4.007709621324075e-07,1024,155,0.10750035796738647,30.0,1,1,1,29.999999999999993,8.237020030823642e-10,9,205572,243,0.9883040946698063,0.9883042144399325,0.9867385245590794,0.9872916536700806,0.15362877529682817,0.1536288464369117,0.1369449153223799,0.17126555445261768,0.13721793717783654,0.8703449677386578,9.030145559507159e-15
corrugated,121,5.199995671815277e-15,0.0,1.7395559597736568e-13,4.007709621324075e-07,1024,156,0.10750035796738647,30.0,1,1,1,29.999999999999993,3.786390133196843e-10,9,206268,243,0.9883040946698063,0.9883042144399325,0.9867385245590794,0.9872916536700806,0.15362877529682817,0.1536288464369117,0.1369449153223799,0.17126555445261768,0.13721793717783654,0.8732916730173246,1.559573831143959e-15
corrugated,121,5.199995671815277e-15,0.0,0.0,4.007709621324075e-07,1024,157,0.10750035796738647,30.0,1,1,1,29.999999999999993,3.786390133190954e-10,9,206956,243,0.9883040946698063,0.9883042144399325,0.9867385245590794,0.9872916536700806,0.15362877529682817,0.1536288464369117,0.1369449153223799,0.17126555445261768,0.13721793717783654,0.8762045081203746,1.559573577688851e-15
corrugated,121,5.199995671815277e-15,0.0,0.0,4.007709621324075e-07,1024,158,0.10750035796738647,30.0,1,1,1,29.999999999999993,3.786390133183885e-10,9,207636,243,0.9883040946698063,0.9883042144399325,0.9867385245590794,0.9872916536700806,0.15362877529682817,0.1536288464369117,0.1369449153223799,0.17126555445261768,0.13721793717783654,0.8790834730478078,1.5595733139980763e-15
corrugated,121,5.199995671815277e-15,0.0,0.0,4.007709621324075e-07,1024,159,0.10750035796738647,30.0,1,1,1,29.999999999999993,3.786390133175659e-10,9,208308,243,0.9883040946698063,0.9883042144399325,0.9867385245590794,0.9872916536700806,0.15362877529682817,0.1536288464369117,0.1369449153223799,0.17126555445261768,0.13721793717783654,0.881928567799624,1.5595731836093592e-15
corrugated,121,5.199995671815277e-15,0.0,0.0,4.007709621324075e-07,1024,160,0.10750035796738647,30.0,1,1,1,29.999999999999993,3.2444688773508115e-10,9,208972,243,0.9883040946698063,0.9883042144399325,0.9867385245590794,0.9872916536700806,0.15362877529682817,0.1536288464369117,0.1369449153223799,0.17126555445261768,0.13721793717783654,0.8847397923758235,1.4310840058207863e-15
corrugated,121,5.199995671815277e-15,0.0,0.0,4.007709621324075e-07,1024,161,0.10750035796738647,30.0,1,1,1,29.999999999999993,3.244468877341918e-10,9,209628,243,0.9883040946698063,0.9883042144399325,0.9867385245590794,0.9872916536700806,0.15362877529682817,0.1536288464369117,0.1369449153223799,0.17126555445261768,0.13721793717783654,0.887517146776406,1.4310839715425156e-15
corrugated,121,5.199995671815277e-15,0.0,0.0,4.007709621324075e-07,1024,162,0.10750035796738647,30.0,1,1,1,29.999999999999993,3.2444688773329434e-10,9,210276,243,0.9883040946698063,0.9883042144399325,0.9867385245590794,0.9872916536700806,0.15362877529682817,0.1536288464369117,0.1369449153223799,0.17126555445261768,0.13721793717783654,0.8902606310013718,1.431083900833747e-15
corrugated,121,5.199995671815277e-15,0.0,0.0,4.007709621324075e-07,1024,163,0.10750035796738647,30.0,1,1,1,29.999999999999993,3.2444688773245093e-10,9,210916,243,0.9883040946698063,0.9883042144399325,0.9867385245590794,0.9872916536700806,0.15362877529682817,0.1536288464369117,0.1369449153223799,0.17126555445261768,0.13721793717783654,0.8929702450507205,1.431083892965623e-15
corrugated,121,5.199995671815277e-15,0.0,0.0,4.007709621324075e-07,1024,164,0.10750035796738647,30.0,1,1,1,29.999999999999993,1.5485615484259966e-10,9,211548,243,0.9883040946698063,0.9883042144399325,0.9867385245590794,0.9872916536700806,0.15362877529682817,0.1536288464369117,0.1369449153223799,0.17126555445261768,0.13721793717783654,0.8956459889244526,3.470302794880967e-16
corrugated,121,5.199995671815277e-15,0.0,0.0,4.007709621324075e-07,1024,165,0.10750035796738647,30.0,1,1,1,29.999999999999993,1.5485615484049973e-10,9,212172,243,0.9883040946698063,0.9883042144399325,0.9867385245590794,0.9872916536700806,0.15362877529682817,0.1536288464369117,0.1369449153223799,0.17126555445261768,0.13721793717783654,0.8982878626225677,3.470302515292512e-16
corrugated,121,5.199995671815277e-15,0.0,0.0,4.007709621324075e-07,1024,166,0.10750035796738647,30.0,1,1,1,29.999999999999993,1.5485615483816563e-10,9,212788,243,0.9883040946698063,0.9883042144399325,0.9867385245590794,0.9872916536700806,0.15362877529682817,0.1536288464369117,0.1369449153223799,0.17126555445261768,0.13721793717783654,0.900895866145066,3.470302126658577e-16
corrugated,121,5.199995671815277e-15,0.0,0.0,4.007709621324075e-07,1024,167,0.10750035796738647,30.0,1,1,1,29.999999999999993,1.5485615483624321e-10,9,213396,243,0.9883040946698063,0.9883042144399325,0.9867385245590794,0.9872916536700806,0.15362877529682817,0.1536288464369117,0.1369449153223799,0.17126555445261768,0.13721793717783654,0.9034699994919474,3.470301815957701e-16
corrugated,121,5.199995671815277e-15,0.0,0.0,4.007709621324075e-07,1024,168,0.10750035796738647,30.0,1,1,1,29.999999999999993,1.1440325281787427e-10,9,213996,243,0.9883040946698063,0.9883042144399325,0.9867385245590794,0.9872916536700806,0.15362877529682817,0.1536288464369117,0.1369449153223799,0.17126555445261768,0.13721793717783654,0.9060102626632119,1.8710024858996172e-16
corrugated,121,5.199995671815277e-15,0.0,0.0,4.007709621324075e-07,1024,169,0.10750035796738647,30.0,1,1,1,29.999999999999993,1.1440325281496415e-10,9,214588,243,0.9883040946698063,0.9883042144399325,0.9867385245590794,0.9872916536700806,0.15362877529682817,0.1536288464369117,0.1369449153223799,0.17126555445261768,0.13721793717783654,0.9085166556588596,1.871002380355057e-16
corrugated,121,5.199995671815277e-15,0.0,0.0,4.007709621324075e-07,1024,170,0.10750035796738647,30.0,1,1,1,29.999999999999993,1.1440325281262997e-10,9,215172,243,0.9883040946698063,0.9883042144399325,0.9867385245590794,0.9872916536700806,0.15362877529682817,0.1536288464369117,0.1369449153223799,0.17126555445261768,0.13721793717783654,0.9109891784788904,1.8710023502298845e-16
corrugated,121,5.199995671815277e-15,0.0,0.0,4.007709621324075e-07,1024,171,0.10750035796738647,30.0,1,1,1,29.999999999999993,1.1440325280915706e-10,9,215748,243,0.9883040946698063,0.9883042144399325,0.9867385245590794,0.9872916536700806,0.15362877529682817,0.1536288464369117,0.1369449153223799,0.17126555445261768,0.13721793717783654,0.9134278311233044,1.8710022738108517e-16
corrugated,121,5.199995671815277e-15,0.0,0.0,4.007709621324075e-07,1024,172,0.10750035796738647,30.0,1,1,1,29.999999999999993,7.360175002992474e-11,9,216316,243,0.9883040946698063,0.9883042144399325,0.9867385245590794,0.9872916536700806,0.15362877529682817,0.1536288464369117,0.1369449153223799,0.17126555445261768,0.13721793717783654,0.9158326135921014,6.077457325542457e-17
corrugated,121,5.199995671815277e-15,0.0,0.0,4.007709621324075e-07,1024,173,0.10750035796738647,30.0,1,1,1,29.999999999999993,7.36017500252547e-11,9,216876,243,0.9883040946698063,0.9883042144399325,0.9867385245590794,0.9872916536700806,0.15362877529682817,0.1536288464369117,0.1369449153223799,0.17126555445261768,0.13721793717783654,0.9182035258852818,6.07745700481908e-17
corrugated,121,5.199995671815277e-15,0.0,0.0,4.007709621324075e-07,1024,174,0.10750035796738647,30.0,1,1,1,29.999999999999993,7.360175002090704e-11,9,217428,243,0.9883040946698063,0.9883042144399325,0.9867385245590794,0.9872916536700806,0.15362877529682817,0.1536288464369117,0.1369449153223799,0.17126555445261768,0.13721793717783654,0.9205405680028451,6.07745682949388e-17
corrugated,121,5.199995671815277e-15,0.0,0.0,4.007709621324075e-07,1024,175,0.10750035796738647,30.0,1,1,1,29.999999999999993,7.36017500159026e-11,9,217972,243,0.9883040946698063,0.9883042144399325,0.9867385245590794,0.9872916536700806,0.15362877529682817,0.1536288464369117,0.1369449153223799,0.17126555445261768,0.13721793717783654,0.9228437399447916,6.077456741635375e-17
corrugated,121,5.199995671815277e-15,0.0,0.0,4.007709621324075e-07,1024,176,0.10750035796738647,30.0,1,1,1,29.999999999999993,4.121002312976427e-11,9,218508,243,0.9883040946698063,0.9883042144399325,0.9867385245590794,0.9872916536700806,0.15362877529682817,0.1536288464369117,0.1369449153223799,0.17126555445261768,0.13721793717783654,0.9251130417111213,1.383689971570068e-17
corrugated,121,5.199995671815277e-15,0.0,0.0,4.007709621324075e-07,1024,177,0.10750035796738647,30.0,1,1,1,29.999999999999993,4.1210023119457876e-11,9,219036,243,0.9883040946698063,0.9883042144399325,0.9867385245590794,0.9872916536700806,0.15362877529682817,0.1536288464369117,0.1369449153223799,0.17126555445261768,0.13721793717783654,0.9273484733018341,1.3836897173203959e-17
corrugated,121,5.199995671815277e-15,0.0,0.0,4.007709621324075e-07,1024,178,0.10750035796738647,30.0,1,1,1,29.999999999999993,4.121002310890055e-11,9,219556,243,0.9883040946698063,0.9883042144399325,0.9867385245590794,0.9872916536700806,0.15362877529682817,0.1536288464369117,0.1369449153223799,0.17126555445261768,0.13721793717783654,0.92955003471693,1.3836895242315846e-17
corrugated,121,5.199995671815277e-15,0.0,0.0,4.007709621324075e-07,1024,179,0.10750035796738647,30.0,1,1,1,29.999999999999993,4.121002309914396e-11,9,220068,243,0.9883040946698063,0.9883042144399325,0.9867385245590794,0.9872916536700806,0.15362877529682817,0.1536288464369117,0.1369449153223799,0.17126555445261768,0.13721793717783654,0.9317177259564091,1.3836894437013123e-17
corrugated,121,5.199995671815277e-15,0.0,0.0,4.007709621324075e-07,1024,180,0.10750035796738647,30.0,1,1,1,29.999999999999993,3.033393525258792e-11,9,220572,243,0.9883040946698063,0.9883042144399325,0.9867385245590794,0.9872916536700806,0.15362877529682817,0.1536288464369117,0.1369449153223799,0.17126555445261768,0.13721793717783654,0.9338515470202713,6.744318825720753e-18
corrugated,121,5.199995671815277e-15,0.0,0.0,4.007709621324075e-07,1024,181,0.10750035796738647,30.0,1,1,1,29.999999999999993,3.0333935237912043e-11,9,221068,243,0.9883040946698063,0.9883042144399325,0.9867385245590794,0.9872916536700806,0.15362877529682817,0.1536288464369117,0.1369449153223799,0.17126555445261768,0.13721793717783654,0.9359514979085166,6.74431835854965e-18
corrugated,121,5.199995671815277e-15,0.0,0.0,4.007709621324075e-07,1024,182,0.10750035796738647,30.0,1,1,1,29.999999999999993,3.033393522557135e-11,9,221556,243,0.9883040946698063,0.9883042144399325,0.9867385245590794,0.9872916536700806,0.15362877529682817,0.1536288464369117,0.1369449153223799,0.17126555445261768,0.13721793717783654,0.9380175786211451,6.744318003796254e-18
corrugated,121,5.199995671815277e-15,0.0,0.0,4.007709621324075e-07,1024,183,0.10750035796738647,30.0,1,1,1,29.999999999999993,3.0333935212151345e-11,9,222036,243,0.9883040946698063,0.9883042144399325,0.9867385245590794,0.9872916536700806,0.15362877529682817,0.1536288464369117,0.1369449153223799,0.17126555445261768,0.13721793717783654,0.9400497891581567,6.744317819253485e-18
corrugated,121,5.199995671815277e-15,0.0,0.0,4.007709621324075e-07,1024,184,0.10750035796738647,30.0,1,1,1,29.999999999999993,1.4201663697453504e-11,9,222508,243,0.9883040946698063,0.9883042144399325,0.9867385245590794,0.9872916536700806,0.15362877529682817,0.1536288464369117,0.1369449153223799,0.17126555445261768,0.13721793717783654,0.9420481295195515,6.147202984211242e-19
corrugated,121,5.199995671815277e-15,0.0,0.0,4.007709621324075e-07,1024,185,0.10750035796738647,30.0,1,1,1,29.999999999999993,1.4201663666280959e-11,9,222972,243,0.9883040946698063,0.9883042144399325,0.9867385245590794,0.9872916536700806,0.15362877529682817,0.1536288464369117,0.1369449153223799,0.17126555445261768,0.13721793717783654,0.9440125997053295,6.147192480755804e-19
corrugated,121,5.199995671815277e-15,0.0,0.0,4.007709621324075e-07,1024,186,0.10750035796738647,30.0,1,1,1,29.999999999999993,1.4201663638558535e-11,9,223428,243,0.9883040946698063,0.9883042144399325,0.9867385245590794,0.9872916536700806,0.15362877529682817,0.1536288464369117,0.1369449153223799,0.17126555445261768,0.13721793717783654,0.9459431997154906,6.147185248362397e-19
corrugated,121,5.199995671815277e-15,0.0,0.0,4.007709621324075e-07,1024,187,0.10750035796738647,30.0,1,1,1,29.999999999999993,1.420166360822313e-11,9,223876,243,0.9883040946698063,0.9883042144399325,0.9867385245590794,0.9872916536700806,0.15362877529682817,0.1536288464369117,0.1369449153223799,0.17126555445261768,0.13721793717783654,0.9478399295500347,6.147181030800648e-19
corrugated,121,5.199995671815277e-15,0.0,0.0,4.007709621324075e-07,1024,188,0.10750035796738647,30.0,1,1,1,29.999999999999993,1.2955899969781845e-11,9,224316,243,0.9883040946698063,0.9883042144399325,0.9867385245590794,0.9872916536700806,0.15362877529682817,0.1536288464369117,0.1369449153223799,0.17126555445261768,0.13721793717783654,0.949702789208962,4.550339952363677e-19
corrugated,121,5.199995671815277e-15,0.0,0.0,4.007709621324075e-07,1024,189,0.10750035796738647,30.0,1,1,1,29.999999999999993,1.2955899936031278e-11,9,224748,243,0.9883040946698063,0.9883042144399325,0.9867385245590794,0.9872916536700806,0.15362877529682817,0.1536288464369117,0.1369449153223799,0.17126555445261768,0.13721793717783654,0.9515317786922726,4.55033893816306e-19
corrugated,121,5.199995671815277e-15,0.0,0.0,4.007709621324075e-07,1024,190,0.10750035796738647,30.0,1,1,1,29.999999999999993,1.2955899908074223e-11,9,225172,243,0.9883040946698063,0.9883042144399325,0.9867385245590794,0.9872916536700806,0.15362877529682817,0.1536288464369117,0.1369449153223799,0.17126555445261768,0.13721793717783654,0.9533268979999662,4.550338444477084e-19
corrugated,121,5.199995671815277e-15,0.0,0.0,4.007709621324075e-07,1024,191,0.10750035796738647,30.0,1,1,1,29.999999999999993,1.2955899871797836e-11,9,225588,243,0.9883040946698063,0.9883042144399325,0.9867385245590794,0.9872916536700806,0.15362877529682817,0.1536288464369117,0.1369449153223799,0.17126555445261768,0.13721793717783654,0.9550881471320429,4.550337993384117e-19
corrugated,121,5.199995671815277e-15,0.0,0.0,4.007709621324075e-07,1024,192,0.10750035796738647,30.0,1,1,1,29.999999999999993,4.8804863723763235e-12,9,225996,243,0.9883040946698063,0.9883042144399325,0.9867385245590794,0.9872916536700806,0.15362877529682817,0.1536288464369117,0.1369449153223799,0.17126555445261768,0.13721793717783654,0.9568155260885027,1.4875835634077527e-20
corrugated,121,5.199995671815277e-15,0.0,0.0,4.007709621324075e-07,1024,193,0.10750035796738647,30.0,1,1,1,29.999999999999993,4.880486280931742e-12,9,226396,243,0.9883040946698063,0.9883042144399325,0.9867385245590794,0.9872916536700806,0.15362877529682817,0.1536288464369117,0.1369449153223799,0.17126555445261768,0.13721793717783654,0.9585090348693458,1.487546945503909e-20
corrugated,121,5.199995671815277e-15,0.0,0.0,4.007709621324075e-07,1024,194,0.10750035796738647,30.0,1,1,1,29.999999999999993,4.880486186582856e-12,9,226788,243,0.9883040946698063,0.9883042144399325,0.9867385245590794,0.9872916536700806,0.15362877529682817,0.1536288464369117,0.1369449153223799,0.17126555445261768,0.13721793717783654,0.960168673474572,1.487521095629974e-20
corrugated,121,5.199995671815277e-15,0.0,0.0,4.007709621324075e-07,1024,195,0.10750035796738647,30.0,1,1,1,29.999999999999993,4.880486082338302e-12,9,227172,243,0.9883040946698063,0.9883042144399325,0.9867385245590794,0.9872916536700806,0.15362877529682817,0.1536288464369117,0.1369449153223799,0.17126555445261768,0.13721793717783654,0.9617944419041813,1.4875099882360938e-20
corrugated,121,5.199995671815277e-15,0.0,0.0,4.007709621324075e-07,1024,196,0.10750035796738647,30.0,1,1,1,29.999999999999993,4.835237424185101e-12,9,227548,243,0.9883040946698063,0.9883042144399325,0.9867385245590794,0.9872916536700806,0.15362877529682817,0.1536288464369117,0.1369449153223799,0.17126555445261768,0.13721793717783654,0.9633863401581737,1.669312821802199e-20
corrugated,121,5.199995671815277e-15,0.0,0.0,4.007709621324075e-07,1024,197,0.10750035796738647,30.0,1,1,1,29.999999999999993,4.835237325627704e-12,9,227916,243,0.9883040946698063,0.9883042144399325,0.9867385245590794,0.9872916536700806,0.15362877529682817,0.1536288464369117,0.1369449153223799,0.17126555445261768,0.13721793717783654,0.9649443682365493,1.6693068549704815e-20
corrugated,121,5.199995671815277e-15,0.0,0.0,4.007709621324075e-07,1024,198,0.10750035796738647,30.0,1,1,1,29.999999999999993,4.83523724824263e-12,9,228276,243,0.9883040946698063,0.9883042144399325,0.9867385245590794,0.9872916536700806,0.15362877529682817,0.1536288464369117,0.1369449153223799,0.17126555445261768,0.13721793717783654,0.966468526139308,1.669303885881866e-20
corrugated,121,5.199995671815277e-15,0.0,0.0,4.007709621324075e-07,1024,199,0.10750035796738647,30.0,1,1,1,29.999999999999993,4.835237152973384e-12,9,228628,243,0.9883040946698063,0.9883042144399325,0.9867385245590794,0.9872916536700806,0.15362877529682817,0.1536288464369117,0.1369449153223799,0.17126555445261768,0.13721793717783654,0.9679588138664499,1.669303424624842e-20
corrugated,121,5.199995671815277e-15,0.0,0.0,4.007709621324075e-07,1024,200,0.10750035796738647,30.0,1,1,1,29.999999999999993,1.9079735315129637e-12,9,228972,243,0.9883040946698063,0.9883042144399325,0.9867385245590794,0.9872916536700806,0.15362877529682817,0.1536288464369117,0.1369449153223799,0.17126555445261768,0.13721793717783654,0.9694152314179749,1.4817972042266064e-21
corrugated,121,5.199995671815277e-15,0.0,0.0,4.007709621324075e-07,1024,201,0.10750035796738647,30.0,1,1,1,29.999999999999993,1.9079732997121366e-12,9,229308,243,0.9883040946698063,0.9883042144399325,0.9867385245590794,0.9872916536700806,0.15362877529682817,0.1536288464369117,0.1369449153223799,0.17126555445261768,0.13721793717783654,0.970837778793883,1.4817821828456657e-21
corrugated,121,5.199995671815277e-15,0.0,0.0,4.007709621324075e-07,1024,202,0.10750035796738647,30.0,1,1,1,29.999999999999993,1.9079730403320537e-12,9,229636,243,0.9883040946698063,0.9883042144399325,0.9867385245590794,0.9872916536700806,0.15362877529682817,0.1536288464369117,0.1369449153223799,0.17126555445261768,0.13721793717783654,0.9722264559941743,1.4817640989643595e-21
corrugated,121,5.199995671815277e-15,0.0,0.0,4.007709621324075e-07,1024,203,0.10750035796738647,30.0,1,1,1,29.999999999999993,1.9079727734720843e-12,9,229956,243,0.9883040946698063,0.9883042144399325,0.9867385245590794,0.9872916536700806,0.15362877529682817,0.1536288464369117,0.1369449153223799,0.17126555445261768,0.13721793717783654,0.9735812630188487,1.4817568658287379e-21
corrugated,121,5.199995671815277e-15,0.0,0.0,4.007709621324075e-07,1024,204,0.10750035796738647,30.0,1,1,1,29.999999999999993,1.8065509390287812e-12,9,230268,243,0.9883040946698063,0.9883042144399325,0.9867385245590794,0.9872916536700806,0.15362877529682817,0.1536288464369117,0.1369449153223799,0.17126555445261768,0.13721793717783654,0.9749021998679063,6.1690468202652245e-22
corrugated,121,5.199995671815277e-15,0.0,0.0,4.007709621324075e-07,1024,205,0.10750035796738647,30.0,1,1,1,29.999999999999993,1.8065507166653956e-12,9,230572,243,0.9883040946698063,0.9883042144399325,0.9867385245590794,0.9872916536700806,0.15362877529682817,0.1536288464369117,0.1369449153223799,0.17126555445261768,0.13721793717783654,0.976189266541347,6.1689896646136595e-22
corrugated,121,5.199995671815277e-15,0.0,0.0,4.007709621324075e-07,1024,206,0.10750035796738647,30.0,1,1,1,29.999999999999993,1.806550493798187e-12,9,230868,243,0.9883040946698063,0.9883042144399325,0.9867385245590794,0.9872916536700806,0.15362877529682817,0.1536288464369117,0.1369449153223799,0.17126555445261768,0.13721793717783654,0.9774424630391708,6.168961487066048e-22
corrugated,121,5.199995671815277e-15,0.0,0.0,4.007709621324075e-07,1024,207,0.10750035796738647,30.0,1,1,1,29.999999999999993,1.8065502635002142e-12,9,231156,243,0.9883040946698063,0.9883042144399325,0.9867385245590794,0.9872916536700806,0.15362877529682817,0.1536288464369117,0.1369449153223799,0.17126555445261768,0.13721793717783654,0.9786617893613778,6.16895127040986e-22
corrugated,121,5.199995671815277e-15,0.0,0.0,4.007709621324075e-07,1024,208,0.10750035796738647,30.0,1,1,1,29.999999999999993,7.820847786159031e-13,9,231436,243,0.9883040946698063,0.9883042144399325,0.9867385245590794,0.9872916536700806,0.15362877529682817,0.1536288464369117,0.1369449153223799,0.17126555445261768,0.13721793717783654,0.979847245507968,3.2637714309523267e-23
corrugated,121,5.199995671815277e-15,0.0,0.0,4.007709621324075e-07,1024,209,0.10750035796738647,30.0,1,1,1,29.999999999999993,7.820842687182746e-13,9,231708,243,0.9883040946698063,0.9883042144399325,0.9867385245590794,0.9872916536700806,0.15362877529682817,0.1536288464369117,0.1369449153223799,0.17126555445261768,0.13721793717783654,0.9809988314789412,3.2627911473035265e-23
corrugated,121,5.199995671815277e-15,0.0,0.0,4.007709621324075e-07,1024,210,0.10750035796738647,30.0,1,1,1,29.999999999999993,7.820837612429355e-13,9,231972,243,0.9883040946698063,0.9883042144399325,0.9867385245590794,0.9872916536700806,0.15362877529682817,0.1536288464369117,0.1369449153223799,0.17126555445261768,0.13721793717783654,0.9821165472742976,3.2626207063948195e-23
corrugated,121,5.199995671815277e-15,0.0,0.0,4.007709621324075e-07,1024,211,0.10750035796738647,30.0,1,1,1,29.999999999999993,7.820831832076816e-13,9,232228,243,0.9883040946698063,0.9883042144399325,0.9867385245590794,0.9872916536700806,0.15362877529682817,0.1536288464369117,0.1369449153223799,0.17126555445261768,0.13721793717783654,0.9832003928940372,3.262464127336506e-23
corrugated,121,5.199995671815277e-15,0.0,0.0,4.007709621324075e-07,1024,212,0.10750035796738647,30.0,1,1,1,29.999999999999993,6.503445138125545e-13,9,232476,243,0.9883040946698063,0.9883042144399325,0.9867385245590794,0.9872916536700806,0.15362877529682817,0.1536288464369117,0.1369449153223799,0.17126555445261768,0.13721793717783654,0.9842503683381598,6.646410912538872e-24
corrugated,121,5.199995671815277e-15,0.0,0.0,4.007709621324075e-07,1024,213,0.10750035796738647,30.0,1,1,1,29.999999999999993,6.503437916899123e-13,9,232716,243,0.9883040946698063,0.9883042144399325,0.9867385245590794,0.9872916536700806,0.15362877529682817,0.1536288464369117,0.1369449153223799,0.17126555445261768,0.13721793717783654,0.9852664736066656,6.64445379948832e-24
corrugated,121,5.199995671815277e-15,0.0,0.0,4.007709621324075e-07,1024,214,0.10750035796738647,30.0,1,1,1,29.999999999999993,6.50343311960178e-13,9,232948,243,0.9883040946698063,0.9883042144399325,0.9867385245590794,0.9872916536700806,0.15362877529682817,0.1536288464369117,0.1369449153223799,0.17126555445261768,0.13721793717783654,0.9862487086995546,6.643369586694981e-24
corrugated,121,5.199995671815277e-15,0.0,0.0,4.007709621324075e-07,1024,215,0.10750035796738647,30.0,1,1,1,29.999999999999993,6.503427165339696e-13,9,233172,243,0.9883040946698063,0.9883042144399325,0.9867385245590794,0.9872916536700806,0.15362877529682817,0.1536288464369117,0.1369449153223799,0.17126555445261768,0.13721793717783654,0.9871970736168267,6.642706744554352e-24
corrugated,121,5.199995671815277e-15,0.0,0.0,4.007709621324075e-07,1024,216,0.10750035796738647,30.0,1,1,1,29.999999999999993,3.5577537737021156e-13,9,233388,243,0.9883040946698063,0.9883042144399325,0.9867385245590794,0.9872916536700806,0.15362877529682817,0.1536288464369117,0.1369449153223799,0.17126555445261768,0.13721793717783654,0.9881115683584819,1.0658598272871246e-24
corrugated,121,5.199995671815277e-15,0.0,0.0,4.007709621324075e-07,1024,217,0.10750035796738647,30.0,1,1,1,29.999999999999993,3.557742976779228e-13,9,233596,243,0.9883040946698063,0.9883042144399325,0.9867385245590794,0.9872916536700806,0.15362877529682817,0.1536288464369117,0.1369449153223799,0.17126555445261768,0.13721793717783654,0.9889921929245203,1.0643633404695756e-24
corrugated,121,5.199995671815277e-15,0.0,0.0,4.007709621324075e-07,1024,218,0.10750035796738647,30.0,1,1,1,29.999999999999993,3.5577337063116243e-13,9,233796,243,0.9883040946698063,0.9883042144399325,0.9867385245590794,0.9872916536700806,0.15362877529682817,0.1536288464369117,0.1369449153223799,0.17126555445261768,0.13721793717783654,0.9898389473149418,1.064071259122578e-24
corrugated,121,5.199995671815277e-15,0.0,0.0,4.007709621324075e-07,1024,219,0.10750035796738647,30.0,1,1,1,29.999999999999993,3.55772381914303e-13,9,233988,243,0.9883040946698063,0.9883042144399325,0.9867385245590794,0.9872916536700806,0.15362877529682817,0.1536288464369117,0.1369449153223799,0.17126555445261768,0.13721793717783654,0.9906518315297465,1.0636048479271168e-24
corrugated,121,5.199995671815277e-15,0.0,0.0,4.007709621324075e-07,1024,220,0.10750035796738647,30.0,1,1,1,29.999999999999993,2.3222257755518006e-13,9,234172,243,0.9883040946698063,0.9883042144399325,0.9867385245590794,0.9872916536700806,0.15362877529682817,0.1536288464369117,0.1369449153223799,0.17126555445261768,0.13721793717783654,0.9914308455689342,1.2251054028426726e-25
corrugated,121,5.199995671815277e-15,0.0,0.0,4.007709621324075e-07,1024,221,0.10750035796738647,30.0,1,1,1,29.999999999999993,2.322209994345261e-13,9,234348,243,0.9883040946698063,0.9883042144399325,0.9867385245590794,0.9872916536700806,0.15362877529682817,0.1536288464369117,0.1369449153223799,0.17126555445261768,0.13721793717783654,0.9921759894325052,1.2189018950768479e-25
corrugated,121,5.199995671815277e-15,0.0,0.0,4.007709621324075e-07,1024,222,0.10750035796738647,30.0,1,1,1,29.999999999999993,2.3221968987567874e-13,9,234516,243,0.9883040946698063,0.9883042144399325,0.9867385245590794,0.9872916536700806,0.15362877529682817,0.1536288464369117,0.1369449153223799,0.17126555445261768,0.13721793717783654,0.9928872631204593,1.214213039262875e-25
corrugated,121,5.199995671815277e-15,0.0,0.0,4.007709621324075e-07,1024,223,0.10750035796738647,30.0,1,1,1,29.999999999999993,2.322182951301839e-13,9,234676,243,0.9883040946698063,0.9883042144399325,0.9867385245590794,0.9872916536700806,0.15362877529682817,0.1536288464369117,0.1369449153223799,0.17126555445261768,0.13721793717783654,0.9935646666327965,1.2136133935294702e-25
corrugated,121,5.199995671815277e-15,0.0,0.0,4.007709621324075e-07,1024,224,0.10750035796738647,30.0,1,1,1,29.999999999999993,1.4514224891493814e-13,9,234828,243,0.9883040946698063,0.9883042144399325,0.9867385245590794,0.9872916536700806,0.15362877529682817,0.1536288464369117,0.1369449153223799,0.17126555445261768,0.13721793717783654,0.9942081999695168,3.13816695503479e-26
corrugated,121,5.199995671815277e-15,0.0,0.0,4.007709621324075e-07,1024,225,0.10750035796738647,30.0,1,1,1,29.999999999999993,1.4514045466264738e-13,9,234972,243,0.9883040946698063,0.9883042144399325,0.9867385245590794,0.9872916536700806,0.15362877529682817,0.1536288464369117,0.1369449153223799,0.17126555445261768,0.13721793717783654,0.9948178631306204,3.11619612940334e-26
corrugated,121,5.199995671815277e-15,0.0,0.0,4.007709621324075e-07,1024,226,0.10750035796738647,30.0,1,1,1,29.999999999999993,1.451384391150695e-13,9,235108,243,0.9883040946698063,0.9883042144399325,0.9867385245590794,0.9872916536700806,0.15362877529682817,0.1536288464369117,0.1369449153223799,0.17126555445261768,0.13721793717783654,0.995393656116107,3.085460856425657e-26
corrugated,121,5.199995671815277e-15,0.0,0.0,4.007709621324075e-07,1024,227,0.10750035796738647,30.0,1,1,1,29.999999999999993,1.4513724249301389e-13,9,235236,243,0.9883040946698063,0.9883042144399325,0.9867385245590794,0.9872916536700806,0.15362877529682817,0.1536288464369117,0.1369449153223799,0.17126555445261768,0.13721793717783654,0.9959355789259767,3.08098379725431e-26
corrugated,121,5.199995671815277e-15,0.0,0.0,4.007709621324075e-07,1024,228,0.10750035796738647,30.0,1,1,1,29.999999999999993,6.468715684646436e-14,9,235356,243,0.9883040946698063,0.9883042144399325,0.9867385245590794,0.9872916536700806,0.15362877529682817,0.1536288464369117,0.1369449153223799,0.17126555445261768,0.13721793717783654,0.9964436315602296,3.4375586424042675e-27
corrugated,121,5.199995671815277e-15,0.0,0.0,4.007709621324075e-07,1024,229,0.10750035796738647,30.0,1,1,1,29.999999999999993,6.46839080537978e-14,9,235468,243,0.9883040946698063,0.9883042144399325,0.9867385245590794,0.9872916536700806,0.15362877529682817,0.1536288464369117,0.1369449153223799,0.17126555445261768,0.13721793717783654,0.9969178140188657,3.339656344766717e-27
corrugated,121,5.199995671815277e-15,0.0,0.0,4.007709621324075e-07,1024,230,0.10750035796738647,30.0,1,1,1,29.999999999999993,6.468038838540957e-14,9,235572,243,0.9883040946698063,0.9883042144399325,0.9867385245590794,0.9872916536700806,0.15362877529682817,0.1536288464369117,0.1369449153223799,0.17126555445261768,0.13721793717783654,0.9973581263018849,3.1950351116006673e-27
corrugated,121,5.199995671815277e-15,0.0,0.0,4.007709621324075e-07,1024,231,0.10750035796738647,30.0,1,1,1,29.999999999999993,6.467750519732417e-14,9,235668,243,0.9883040946698063,0.9883042144399325,0.9867385245590794,0.9872916536700806,0.15362877529682817,0.1536288464369117,0.1369449153223799,0.17126555445261768,0.13721793717783654,0.9977645684092872,3.0367590976686024e-27
corrugated,121,5.199995671815277e-15,0.0,0.0,4.007709621324075e-07,1024,232,0.10750035796738647,30.0,1,1,1,29.999999999999993,4.800443331084581e-14,9,235756,243,0.9883040946698063,0.9883042144399325,0.9867385245590794,0.9872916536700806,0.15362877529682817,0.1536288464369117,0.1369449153223799,0.17126555445261768,0.13721793717783654,0.9981371403410727,1.655587930158253e-27
corrugated,121,5.199995671815277e-15,0.0,0.0,4.007709621324075e-07,1024,233,0.10750035796738647,30.0,1,1,1,29.999999999999993,4.800025833036482e-14,9,235836,243,0.9883040946698063,0.9883042144399325,0.9867385245590794,0.9872916536700806,0.15362877529682817,0.1536288464369117,0.1369449153223799,0.17126555445261768,0.13721793717783654,0.9984758420972413,1.6086101924194122e-27
corrugated,121,5.199995671815277e-15,0.0,0.0,4.007709621324075e-07,1024,234,0.10750035796738647,30.0,1,1,1,29.999999999999993,4.799688091774701e-14,9,235908,243,0.9883040946698063,0.9883042144399325,0.9867385245590794,0.9872916536700806,0.15362877529682817,0.1536288464369117,0.1369449153223799,0.17126555445261768,0.13721793717783654,0.998780673677793,1.5705766159706321e-27
corrugated,121,5.199995671815277e-15,0.0,0.0,4.007709621324075e-07,1024,235,0.10750035796738647,30.0,1,1,1,29.999999999999993,4.799380350287036e-14,9,235972,243,0.9883040946698063,0.9883042144399325,0.9867385245590794,0.9872916536700806,0.15362877529682817,0.1536288464369117,0.1369449153223799,0.17126555445261768,0.13721793717783654,0.9990516350827279,1.5530956822062227e-27
corrugated,121,5.199995671815277e-15,0.0,0.0,4.007709621324075e-07,1024,236,0.10750035796738647,30.0,1,1,1,29.999999999999993,5.151174553750623e-15,9,236028,243,0.9883040946698063,0.9883042144399325,0.9867385245590794,0.9872916536700806,0.15362877529682817,0.1536288464369117,0.1369449153223799,0.17126555445261768,0.13721793717783654,0.9992887263120459,3.378450746890001e-28
corrugated,121,5.199995671815277e-15,0.0,0.0,4.007709621324075e-07,1024,237,0.10750035796738647,30.0,1,1,1,29.999999999999993,5.124562926873485e-15,9,236076,243,0.9883040946698063,0.9883042144399325,0.9867385245590794,0.9872916536700806,0.15362877529682817,0.1536288464369117,0.1369449153223799,0.17126555445261768,0.13721793717783654,0.9994919473657471,2.955660600317368e-28
corrugated,121,5.199995671815277e-15,0.0,0.0,4.007709621324075e-07,1024,238,0.10750035796738647,30.0,1,1,1,29.999999999999993,5.101048424645748e-15,9,236116,243,0.9883040946698063,0.9883042144399325,0.9867385245590794,0.9872916536700806,0.15362877529682817,0.1536288464369117,0.1369449153223799,0.17126555445261768,0.13721793717783654,0.9996612982438314,2.5636429195373376e-28
corrugated,121,5.199995671815277e-15,0.0,0.0,4.007709621324075e-07,1024,239,0.10750035796738647,30.0,1,1,1,29.999999999999993,5.082719700518298e-15,9,236148,243,0.9883040946698063,0.9883042144399325,0.9867385245590794,0.9872916536700806,0.15362877529682817,0.1536288464369117,0.1369449153223799,0.17126555445261768,0.13721793717783654,0.9997967789462988,2.5305938000828926e-28
corrugated,121,5.199995671815277e-15,0.0,0.0,4.007709621324075e-07,1024,240,0.10750035796738647,30.0,1,1,1,29.999999999999993,3.6889073396769556e-16,9,236172,243,0.9883040946698063,0.9883042144399325,0.9867385245590794,0.9872916536700806,0.15362877529682817,0.1536288464369117,0.1369449153223799,0.17126555445261768,0.13721793717783654,0.9998983894731495,7.815696062327518e-29
corrugated,121,5.199995671815277e-15,0.0,0.0,4.007709621324075e-07,1024,241,0.10750035796738647,30.0,1,1,1,29.999999999999993,1.6746676811893995e-16,9,236188,243,0.9883040946698063,0.9883042144399325,0.9867385245590794,0.9872916536700806,0.15362877529682817,0.1536288464369117,0.1369449153223799,0.17126555445261768,0.13721793717783654,0.9999661298243832,4.3807312403855273e-29
corrugated,121,5.199995671815277e-15,0.0,0.0,4.007709621324075e-07,1024,242,0.10750035796738647,30.0,1,1,1,29.999999999999993,0.0,9,236196,243,0.9883040946698063,0.9883042144399325,0.9867385245590794,0.9872916536700806,0.15362877529682817,0.1536288464369117,0.1369449153223799,0.17126555445261768,0.13721793717783654,1.0,0.0
