run_id,row_id,original_path,current_path,recorded_utc,date_label,date_source,pipeline,accepted_geometry,derivative_optimizer,arm_or_policy,mlp_role_policy,scene_target,initialization,solver,oracle,acquisition,noise_materials,catalog_status,execution_outcome,recovery_outcome,representation_outcome,stop_reason,training_relative_l2,holdout_relative_l2,field_metric_scope,geometry_error_m,geometry_error_kind,takeaway,implication_for_strict_mlp_method_b,source_metadata,source_revision,recorded_command,rerun_disposition
radial-topology-challenge-large-split-20260909,radial-topology-challenge-large-split-20260909::kress,results/inverse/radial_fourier/topology_challenges/challenge-suite-20260909-091144/large-split,results/inverse/radial_fourier/topology_challenges/challenge-suite-20260909-091144/large-split,,2026-09-09,run directory timestamp in Europe/London,radial_fourier_topology_replacement,ordered MultiRadialFourierState; two K1 circles,empty-background TD + current-domain TD + cross-resolution replace-one-by-two + central-FD damped LM,background_td_replacement,none; explicit radial geometry owns every accepted state,two separated dielectric circles,one 115 mm enclosing circle,kress,multicylinder_ref cylindrical harmonics,24 paired ring entries; 0.50 GHz training/topology; 1.50 and 2.50 GHz holdout,"{""observation_noise"":""none"",""exterior"":{""epsr"":6.0,""mur"":1.0,""sigma"":0.0},""interior"":{""epsr"":3.0,""mur"":1.0,""sigma"":0.0}}",current_demonstration,completed; full-profile gates PASS,PASS,not_applicable,loss_tolerance,1.927952611364943e-07,1.1865582022421957e-06,paired-response relative L2; training and holdout separated,1.0786499582415843e-08,maximum matched-component symmetric Hausdorff distance,The objective-qualified replacement recovers two circles from one enclosing component at both Kress resolutions.,Demonstrates explicit component replacement on one clean separated scene; does not establish neural topology recovery.,results/inverse/radial_fourier/topology_challenges/challenge-suite-20260909-091144/large-split/metrics.json; results/inverse/radial_fourier/topology_challenges/README.md,d7c8e87 + dirty topology-challenge working tree,run_radial_fourier_topology_challenges.py --case all --profile full,preserve full-pass benchmark and MP4
radial-topology-challenge-far-circle-20260909,radial-topology-challenge-far-circle-20260909::kress,results/inverse/radial_fourier/topology_challenges/challenge-suite-20260909-092226/far-circle,results/inverse/radial_fourier/topology_challenges/challenge-suite-20260909-092226/far-circle,,2026-09-09,run directory timestamp in Europe/London,radial_fourier_topology_replacement,ordered MultiRadialFourierState; two K1 circles,empty-background TD + current-domain TD + cross-resolution replace-one-by-two + central-FD damped LM,background_td_replacement,none; explicit radial geometry owns every accepted state,two separated dielectric circles,one 35 mm circle at (0.50 m; 0.66 m) far from both targets,kress,multicylinder_ref cylindrical harmonics,24 paired ring entries; 0.50 GHz training/topology; 1.50 and 2.50 GHz holdout,"{""observation_noise"":""none"",""exterior"":{""epsr"":6.0,""mur"":1.0,""sigma"":0.0},""interior"":{""epsr"":3.0,""mur"":1.0,""sigma"":0.0}}",current_demonstration,completed; full-profile gates PASS,PASS,not_applicable,loss_tolerance,1.927952611364943e-07,1.1865582022421957e-06,paired-response relative L2; training and holdout separated,1.0786499582415843e-08,maximum matched-component symmetric Hausdorff distance,The replacement removes the distant ghost and recovers both target circles at both Kress resolutions.,Demonstrates explicit obsolete-component removal and replacement; additive birth alone had retained the ghost.,results/inverse/radial_fourier/topology_challenges/challenge-suite-20260909-092226/far-circle/metrics.json; results/inverse/radial_fourier/topology_challenges/README.md,d7c8e87 + dirty topology-challenge working tree,run_radial_fourier_topology_challenges.py --case far-circle --profile full,preserve full-pass benchmark and MP4
radial-topology-challenge-ellipse-star-20260909,radial-topology-challenge-ellipse-star-20260909::kress,results/inverse/radial_fourier/topology_challenges/challenge-suite-20260909-093211/ellipse-star,results/inverse/radial_fourier/topology_challenges/challenge-suite-20260909-093211/ellipse-star,,2026-09-09,run directory timestamp in Europe/London,radial_fourier_topology_replacement,ordered MultiRadialFourierState; two K5 radial components,low-frequency background/current-domain TD replacement + K1/K2/K5 continuation + two-frequency central-FD damped LM,background_td_replacement_low_frequency_continuation,none; explicit radial geometry owns every accepted state,diagonal rotated ellipse and five-lobe star,one 50 mm circle at the scene centre,kress,analytic ellipse/star direct Kress truth at 256 nodes per component,24 paired ring entries; 0.50 GHz topology; 0.50 and 1.50 GHz training; 2.50 GHz holdout,"{""observation_noise"":""none"",""exterior"":{""epsr"":6.0,""mur"":1.0,""sigma"":0.0},""interior"":{""epsr"":3.0,""mur"":1.0,""sigma"":0.0}}",current_demonstration,completed; full-profile gates PASS,PASS,not_applicable,no_decreasing_step,0.005677814491224038,0.05245033381903728,paired-response relative L2; training and holdout separated,0.0005516188010170871,maximum matched-component symmetric Hausdorff distance,Low-frequency topology localizes both unequal shapes; K5 continuation recovers the diagonal ellipse/star pair within 0.552 mm.,Extends explicit topology evidence to unequal smooth star-shaped components; it remains clean separated and non-neural.,results/inverse/radial_fourier/topology_challenges/challenge-suite-20260909-093211/ellipse-star/metrics.json; results/inverse/radial_fourier/topology_challenges/README.md,d7c8e87 + dirty topology-challenge working tree,run_radial_fourier_topology_challenges.py --case ellipse-star --profile full,preserve full-pass benchmark and MP4
radial-topology-birth-iteration-01-20260908-234231,radial-topology-birth-iteration-01-20260908-234231::kress,results/inverse/radial_fourier/topology_birth/iteration-01-20260908-234231,results/inverse/radial_fourier/topology_birth/iteration-01-20260908-234231,,2026-09-08,run directory timestamp in Europe/London,radial_fourier_topology_birth,"ordered MultiRadialFourierState; two K=1 circles",current-domain topological derivative + finite birth ladder + central-FD damped LM,kress_td_birth_then_multiradial_fd,none; explicit radial geometry owns every accepted state,two separated dielectric circles,"exact A with B absent; robustness arm starts A 10 mm left",kress,"gpr_bem_ref one-cylinder Mie and multicylinder_ref cylindrical harmonics","24 paired ring entries; 0.50 GHz training/topology; 1.50 and 2.50 GHz holdout","{""observation_noise"":""none"",""exterior"":{""epsr"":6.0,""mur"":1.0,""sigma"":0.0},""interior"":{""epsr"":3.0,""mur"":1.0,""sigma"":0.0}}",current_demonstration,completed; G0-G5 PASS,PASS,not_applicable,loss_tolerance,4.5382386479107805e-10,3.5775721923456056e-09,"paired-response relative L2; training and holdout separated",1.7719048450715036e-11,maximum component-keyed centre/radius error,"One TD birth and both core/wrong-A refinements pass every frozen gate; two MP4 trajectories retained.",Demonstrates explicit one-component birth on one bounded scene; does not establish implicit-MLP or general topology recovery.,results/inverse/radial_fourier/topology_birth/iteration-01-20260908-234231/metrics.json; docs/iterations/radial_fourier_topology/iteration_02/01_results.md,80b3b21 + implementation working tree,run_radial_fourier_topology_inverse.py --output results/inverse/radial_fourier/topology_birth/iteration-01-20260908-234231 --overwrite,preserve full-pass benchmark; extend only through a reviewed iteration-02 plan
ibim_geometry_demo,ibim_geometry_demo::grouped,results/ibim_geometry_demo,results/demos/ibim_geometry_demo,,,unknown; no recorded UTC run timestamp in inspected artifact,ibim_geometry_demo,implicit-band geometry,not_applicable (no inverse),grouped,none,geometry visualization only,not_applicable; forward/frozen-input study,none,,,,supporting,image_only,not_evaluated,not_evaluated,,,,,,,Only a PNG is saved; numerical provenance and run timestamp unavailable.,Illustrative geometry only; not evidence of neural inverse accuracy.,results/demos/ibim_geometry_demo/ibim_geometry_demo.png,,,preserve; no rerun needed for organization
multicomponent_split_demo,multicomponent_split_demo::grouped,results/multicomponent_split_demo,results/demos/multicomponent_split_demo,,,unknown; no recorded UTC run timestamp in inspected artifact,prescribed_topology_forward_demo,unknown-count extraction and Method-B components; pinch visual only,not_applicable (no inverse),grouped,none,prescribed one-to-two circle transition; grouped 60 frames,not_applicable; forward/frozen-input study,multi-KRESS (endpoint),,,,supporting,completed,not_applicable,not_applicable,,,,,,,One/two components detected; endpoint residual 5.631e-16; no inverse optimized.,Topology extraction is a separate capability; do not count this as strict multicomponent inverse recovery.,results/demos/multicomponent_split_demo/metrics.json,,,preserve; no rerun needed for organization
rectangular_loop_forward,rectangular_loop_forward::grouped,results/rectangular_loop_forward,results/demos/rectangular_loop_forward,,,unknown; no recorded UTC run timestamp in inspected artifact,ibim_rectangular_scan_forward_demo,implicit-band compressed boundary; 272 samples,not_applicable (no inverse),grouped,none,single circular penetrable cylinder; rectangular acquisition,not_applicable; forward/frozen-input study,IBIM direct solve (numpy),,,,supporting,completed,not_applicable,not_applicable,,,,,,,Broadband scattered error 0.696; small total-field error is dominated by incident field.,Use scattered/late-time physical errors rather than dense-solve residual or total-field masking.,results/demos/rectangular_loop_forward/rectangular_loop_forward_metadata.json,,,preserve; no rerun needed for organization
rectangular_loop_forward_gpu_test,rectangular_loop_forward_gpu_test::grouped,results/rectangular_loop_forward_gpu_test,results/demos/rectangular_loop_forward_gpu_test,,,unknown; no recorded UTC run timestamp in inspected artifact,unverified_empty_forward_demo,unknown,not_applicable (no inverse),grouped,none,unknown (empty folder),not_applicable; forward/frozen-input study,unknown,,,,empty,no_saved_run,not_evaluated,not_evaluated,,,,,,,Empty before cleanup; navigation marker contains no saved execution.,Do not infer GPU validation from folder name.,,,,preserve; no rerun needed for organization
inverse_solver_comparison/random-feature-implicit-mie-20260902,inverse_solver_comparison/random-feature-implicit-mie-20260902::kress,results/inverse_solver_comparison/random-feature-implicit-mie-20260902,results/legacy/known_shape_family_parameter_inverse/random-feature-implicit-mie-20260902,2026-09-02T21:03:39.649818+00:00,2026-09-02,metrics.json:provenance.created_utc (recorded artifact timestamp; not necessarily start/end),known_shape_family_parameter_fd_method_b,implicit-model parameters; Method-B Cartesian Fourier boundary rebuilt at each evaluation,bounded central parameter finite differences; damped Gauss-Newton,kress,no full MLP inverse; analytic shape controls or four output weights on frozen random features,"circle; {""center_x_m"":0.5,""center_y_m"":0.5,""radius_m"":0.05}",topology-constrained random-feature implicit; fixed hidden features,KRESS,gpr_bem_ref analytic penetrable-cylinder Mie series,"12 paired ring Tx/Rx; train GHz=[0.25, 0.5]; holdout GHz=[1.0, 1.5, 2.5]",noise=none; exterior epsr=6.0; interior epsr=3.0; lossless nonmagnetic TMz,legacy_known_shape_family_control,completed,passed_recorded_inverse_gates,not_applicable,loss_tolerance,3.695954184045021e-10,3.645213116359831e-09,saved aggregate relative L2 across held-out frequencies/pairs; not maximum per-frequency,5.002653152841319e-11,saved maximum sampled boundary-to-analytic-target distance,In-family synthetic Method-B solver-neutral control.,"Known shape-family recovery control only; does not establish full-MLP shape discovery. Family supplied, numeric shape parameters inferred from measurements.",results/legacy/known_shape_family_parameter_inverse/random-feature-implicit-mie-20260902/metrics.json,ee49cb0a03cbe8653fde5a09b295d2971eb93412; inspect recorded dirty state/source hashes for exact measured code,run_sdf_inverse_comparison.py --initial-model random_features --max-iterations 16 --loss-tolerance 1e-14 --output-dir results/inverse_solver_comparison/random-feature-implicit-mie-20260902 --overwrite,preserve Method-B control; rerun only if its extraction/forward path changes
inverse_solver_comparison/random-feature-implicit-mie-20260902,inverse_solver_comparison/random-feature-implicit-mie-20260902::mod,results/inverse_solver_comparison/random-feature-implicit-mie-20260902,results/legacy/known_shape_family_parameter_inverse/random-feature-implicit-mie-20260902,2026-09-02T21:03:39.649818+00:00,2026-09-02,metrics.json:provenance.created_utc (recorded artifact timestamp; not necessarily start/end),known_shape_family_parameter_fd_method_b,implicit-model parameters; Method-B Cartesian Fourier boundary rebuilt at each evaluation,bounded central parameter finite differences; damped Gauss-Newton,mod,no full MLP inverse; analytic shape controls or four output weights on frozen random features,"circle; {""center_x_m"":0.5,""center_y_m"":0.5,""radius_m"":0.05}",topology-constrained random-feature implicit; fixed hidden features,MOD,gpr_bem_ref analytic penetrable-cylinder Mie series,"12 paired ring Tx/Rx; train GHz=[0.25, 0.5]; holdout GHz=[1.0, 1.5, 2.5]",noise=none; exterior epsr=6.0; interior epsr=3.0; lossless nonmagnetic TMz,legacy_known_shape_family_control,completed,passed_recorded_inverse_gates,not_applicable,gradient_tolerance,0.0027130839704663525,0.07043829614301819,saved aggregate relative L2 across held-out frequencies/pairs; not maximum per-frequency,5.6837071372543846e-05,saved maximum sampled boundary-to-analytic-target distance,In-family synthetic Method-B solver-neutral control.,"Known shape-family recovery control only; does not establish full-MLP shape discovery. Family supplied, numeric shape parameters inferred from measurements.",results/legacy/known_shape_family_parameter_inverse/random-feature-implicit-mie-20260902/metrics.json,ee49cb0a03cbe8653fde5a09b295d2971eb93412; inspect recorded dirty state/source hashes for exact measured code,run_sdf_inverse_comparison.py --initial-model random_features --max-iterations 16 --loss-tolerance 1e-14 --output-dir results/inverse_solver_comparison/random-feature-implicit-mie-20260902 --overwrite,preserve Method-B control; rerun only if its extraction/forward path changes
inverse_solver_comparison/wrong-circle-mie-20260902,inverse_solver_comparison/wrong-circle-mie-20260902::kress,results/inverse_solver_comparison/wrong-circle-mie-20260902,results/legacy/known_shape_family_parameter_inverse/wrong-circle-mie-20260902,2026-09-02T18:32:29.549669+00:00,2026-09-02,metrics.json:provenance.created_utc (recorded artifact timestamp; not necessarily start/end),known_shape_family_parameter_fd_method_b,implicit-model parameters; Method-B Cartesian Fourier boundary rebuilt at each evaluation,bounded central parameter finite differences; damped Gauss-Newton,kress,no full MLP inverse; analytic shape controls or four output weights on frozen random features,"circle; {""center_x_m"":0.5,""center_y_m"":0.5,""radius_m"":0.05}",wrong circle SDF,KRESS,gpr_bem_ref analytic penetrable-cylinder Mie series,"12 paired ring Tx/Rx; train GHz=[0.25, 0.5]; holdout GHz=[1.0, 1.5, 2.5]",noise=none; exterior epsr=6.0; interior epsr=3.0; lossless nonmagnetic TMz,legacy_known_shape_family_control,completed,passed_recorded_inverse_gates,not_applicable,loss_tolerance,8.647850444934753e-11,3.810069400282821e-10,saved aggregate relative L2 across held-out frequencies/pairs; not maximum per-frequency,3.601473286263257e-12,saved maximum sampled boundary-to-analytic-target distance,In-family synthetic Method-B solver-neutral control.,"Known shape-family recovery control only; does not establish full-MLP shape discovery. Family supplied, numeric shape parameters inferred from measurements.",results/legacy/known_shape_family_parameter_inverse/wrong-circle-mie-20260902/metrics.json,ee49cb0a03cbe8653fde5a09b295d2971eb93412; inspect recorded dirty state/source hashes for exact measured code,run_sdf_inverse_comparison.py --output-dir results/inverse_solver_comparison/wrong-circle-mie-20260902 --overwrite,preserve Method-B control; rerun only if its extraction/forward path changes
inverse_solver_comparison/wrong-circle-mie-20260902,inverse_solver_comparison/wrong-circle-mie-20260902::mod,results/inverse_solver_comparison/wrong-circle-mie-20260902,results/legacy/known_shape_family_parameter_inverse/wrong-circle-mie-20260902,2026-09-02T18:32:29.549669+00:00,2026-09-02,metrics.json:provenance.created_utc (recorded artifact timestamp; not necessarily start/end),known_shape_family_parameter_fd_method_b,implicit-model parameters; Method-B Cartesian Fourier boundary rebuilt at each evaluation,bounded central parameter finite differences; damped Gauss-Newton,mod,no full MLP inverse; analytic shape controls or four output weights on frozen random features,"circle; {""center_x_m"":0.5,""center_y_m"":0.5,""radius_m"":0.05}",wrong circle SDF,MOD,gpr_bem_ref analytic penetrable-cylinder Mie series,"12 paired ring Tx/Rx; train GHz=[0.25, 0.5]; holdout GHz=[1.0, 1.5, 2.5]",noise=none; exterior epsr=6.0; interior epsr=3.0; lossless nonmagnetic TMz,legacy_known_shape_family_control,completed,passed_recorded_inverse_gates,not_applicable,relative_step_tolerance,0.0027130839868458284,0.07043829589191654,saved aggregate relative L2 across held-out frequencies/pairs; not maximum per-frequency,5.683716579713699e-05,saved maximum sampled boundary-to-analytic-target distance,In-family synthetic Method-B solver-neutral control.,"Known shape-family recovery control only; does not establish full-MLP shape discovery. Family supplied, numeric shape parameters inferred from measurements.",results/legacy/known_shape_family_parameter_inverse/wrong-circle-mie-20260902/metrics.json,ee49cb0a03cbe8653fde5a09b295d2971eb93412; inspect recorded dirty state/source hashes for exact measured code,run_sdf_inverse_comparison.py --output-dir results/inverse_solver_comparison/wrong-circle-mie-20260902 --overwrite,preserve Method-B control; rerun only if its extraction/forward path changes
inverse_solver_comparison/wrong-ellipse-mie-20260902,inverse_solver_comparison/wrong-ellipse-mie-20260902::kress,results/inverse_solver_comparison/wrong-ellipse-mie-20260902,results/legacy/known_shape_family_parameter_inverse/wrong-ellipse-mie-20260902,2026-09-02T21:02:09.423840+00:00,2026-09-02,metrics.json:provenance.created_utc (recorded artifact timestamp; not necessarily start/end),known_shape_family_parameter_fd_method_b,implicit-model parameters; Method-B Cartesian Fourier boundary rebuilt at each evaluation,bounded central parameter finite differences; damped Gauss-Newton,kress,no full MLP inverse; analytic shape controls or four output weights on frozen random features,"circle; {""center_x_m"":0.5,""center_y_m"":0.5,""radius_m"":0.05}",rotated quadratic ellipse implicit field,KRESS,gpr_bem_ref analytic penetrable-cylinder Mie series,"12 paired ring Tx/Rx; train GHz=[0.25, 0.5]; holdout GHz=[1.0, 1.5, 2.5]",noise=none; exterior epsr=6.0; interior epsr=3.0; lossless nonmagnetic TMz,legacy_known_shape_family_control,completed,passed_recorded_inverse_gates,not_applicable,loss_tolerance,7.115130256625281e-10,3.2248682457599538e-09,saved aggregate relative L2 across held-out frequencies/pairs; not maximum per-frequency,3.4118971536933884e-11,saved maximum sampled boundary-to-analytic-target distance,In-family synthetic Method-B solver-neutral control.,"Known shape-family recovery control only; does not establish full-MLP shape discovery. Family supplied, numeric shape parameters inferred from measurements.",results/legacy/known_shape_family_parameter_inverse/wrong-ellipse-mie-20260902/metrics.json,ee49cb0a03cbe8653fde5a09b295d2971eb93412; inspect recorded dirty state/source hashes for exact measured code,run_sdf_inverse_comparison.py --initial-model ellipse --max-iterations 8 --output-dir results/inverse_solver_comparison/wrong-ellipse-mie-20260902 --overwrite,preserve Method-B control; rerun only if its extraction/forward path changes
inverse_solver_comparison/wrong-ellipse-mie-20260902,inverse_solver_comparison/wrong-ellipse-mie-20260902::mod,results/inverse_solver_comparison/wrong-ellipse-mie-20260902,results/legacy/known_shape_family_parameter_inverse/wrong-ellipse-mie-20260902,2026-09-02T21:02:09.423840+00:00,2026-09-02,metrics.json:provenance.created_utc (recorded artifact timestamp; not necessarily start/end),known_shape_family_parameter_fd_method_b,implicit-model parameters; Method-B Cartesian Fourier boundary rebuilt at each evaluation,bounded central parameter finite differences; damped Gauss-Newton,mod,no full MLP inverse; analytic shape controls or four output weights on frozen random features,"circle; {""center_x_m"":0.5,""center_y_m"":0.5,""radius_m"":0.05}",rotated quadratic ellipse implicit field,MOD,gpr_bem_ref analytic penetrable-cylinder Mie series,"12 paired ring Tx/Rx; train GHz=[0.25, 0.5]; holdout GHz=[1.0, 1.5, 2.5]",noise=none; exterior epsr=6.0; interior epsr=3.0; lossless nonmagnetic TMz,legacy_known_shape_family_control,completed,passed_recorded_inverse_gates,not_applicable,loss_change_tolerance,0.0027130839743581773,0.07043829608334681,saved aggregate relative L2 across held-out frequencies/pairs; not maximum per-frequency,5.683694596170241e-05,saved maximum sampled boundary-to-analytic-target distance,In-family synthetic Method-B solver-neutral control.,"Known shape-family recovery control only; does not establish full-MLP shape discovery. Family supplied, numeric shape parameters inferred from measurements.",results/legacy/known_shape_family_parameter_inverse/wrong-ellipse-mie-20260902/metrics.json,ee49cb0a03cbe8653fde5a09b295d2971eb93412; inspect recorded dirty state/source hashes for exact measured code,run_sdf_inverse_comparison.py --initial-model ellipse --max-iterations 8 --output-dir results/inverse_solver_comparison/wrong-ellipse-mie-20260902 --overwrite,preserve Method-B control; rerun only if its extraction/forward path changes
inverse_solver_comparison/wrong-star-nystrom-20260903,inverse_solver_comparison/wrong-star-nystrom-20260903::kress,results/inverse_solver_comparison/wrong-star-nystrom-20260903,results/legacy/known_shape_family_parameter_inverse/wrong-star-nystrom-20260903,2026-09-02T23:08:09.088496+00:00,2026-09-02,metrics.json:provenance.created_utc (recorded artifact timestamp; not necessarily start/end),known_shape_family_parameter_fd_method_b,implicit-model parameters; Method-B Cartesian Fourier boundary rebuilt at each evaluation,bounded central parameter finite differences; damped Gauss-Newton,kress,no full MLP inverse; analytic shape controls or four output weights on frozen random features,"star; {""amplitude"":0.25,""center_x_m"":0.5,""center_y_m"":0.5,""lobes"":5.0,""maximum_radius_m"":0.0625,""mean_radius_m"":0.05,""minimum_radius_m"":0.037500000000000006,""rotation_radians"":0.0}",radial_star_level_set,KRESS,nystrom_ref independent Nystrom/Muller solution of the exact star,"12 paired ring Tx/Rx; train GHz=[0.5, 1.5]; holdout GHz=[0.25, 1.0, 2.5]",noise=none; exterior epsr=6.0; interior epsr=3.0; lossless nonmagnetic TMz,legacy_known_shape_family_control,completed,passed_recorded_inverse_gates,not_applicable,relative_step_tolerance,5.880771954407011e-06,3.139459457220169e-05,saved aggregate relative L2 across held-out frequencies/pairs; not maximum per-frequency,3.868554363679945e-05,saved maximum sampled boundary-to-analytic-target distance,In-family synthetic Method-B solver-neutral control.,"Known shape-family recovery control only; does not establish full-MLP shape discovery. Family supplied, numeric shape parameters inferred from measurements.",results/legacy/known_shape_family_parameter_inverse/wrong-star-nystrom-20260903/metrics.json,64f0822af6711631758063c00deab5bb2735d721; inspect recorded dirty state/source hashes for exact measured code,run_sdf_inverse_comparison.py --target star --output-dir results/inverse_solver_comparison/wrong-star-nystrom-20260903 --overwrite,preserve Method-B control; rerun only if its extraction/forward path changes
inverse_solver_comparison/wrong-star-nystrom-20260903,inverse_solver_comparison/wrong-star-nystrom-20260903::mod,results/inverse_solver_comparison/wrong-star-nystrom-20260903,results/legacy/known_shape_family_parameter_inverse/wrong-star-nystrom-20260903,2026-09-02T23:08:09.088496+00:00,2026-09-02,metrics.json:provenance.created_utc (recorded artifact timestamp; not necessarily start/end),known_shape_family_parameter_fd_method_b,implicit-model parameters; Method-B Cartesian Fourier boundary rebuilt at each evaluation,bounded central parameter finite differences; damped Gauss-Newton,mod,no full MLP inverse; analytic shape controls or four output weights on frozen random features,"star; {""amplitude"":0.25,""center_x_m"":0.5,""center_y_m"":0.5,""lobes"":5.0,""maximum_radius_m"":0.0625,""mean_radius_m"":0.05,""minimum_radius_m"":0.037500000000000006,""rotation_radians"":0.0}",radial_star_level_set,MOD,nystrom_ref independent Nystrom/Muller solution of the exact star,"12 paired ring Tx/Rx; train GHz=[0.5, 1.5]; holdout GHz=[0.25, 1.0, 2.5]",noise=none; exterior epsr=6.0; interior epsr=3.0; lossless nonmagnetic TMz,legacy_known_shape_family_control,completed,passed_recorded_inverse_gates,not_applicable,loss_change_tolerance,0.0030213143544253105,0.012658149631161426,saved aggregate relative L2 across held-out frequencies/pairs; not maximum per-frequency,6.658087787432502e-05,saved maximum sampled boundary-to-analytic-target distance,In-family synthetic Method-B solver-neutral control.,"Known shape-family recovery control only; does not establish full-MLP shape discovery. Family supplied, numeric shape parameters inferred from measurements.",results/legacy/known_shape_family_parameter_inverse/wrong-star-nystrom-20260903/metrics.json,64f0822af6711631758063c00deab5bb2735d721; inspect recorded dirty state/source hashes for exact measured code,run_sdf_inverse_comparison.py --target star --output-dir results/inverse_solver_comparison/wrong-star-nystrom-20260903 --overwrite,preserve Method-B control; rerun only if its extraction/forward path changes
neural_metric/comparison-20260906,neural_metric/comparison-20260906::circle::identity,results/neural_metric/comparison-20260906,results/inverse/radial_fourier/neural_metric/comparison-20260906,2026-09-06T00:23:19.459957+00:00,2026-09-06,metrics.json:created_utc (recorded artifact timestamp; not necessarily start/end),radial_K5_analytic_frozen_metric,explicit gauge-fixed radial Fourier K5 coefficients,complete analytic Kress objective derivative; metric-preconditioned line search with frequency stages,circle::identity,identity; frozen initial output-head feature metric only; no neural training/extraction during reconstruction,circle,"wrong exact circle; [radius,center_x,center_y]=[0.065,0.48,0.52]",KRESS,independent fixed-mode Mie,paired ring; train 0.5 then 0.5/1.5 GHz; holdout 2 GHz,no added noise; epsr exterior/interior 6/3; lossless nonmagnetic TMz,current_diagnostic,completed,loss_tolerance_met; no universal recovery gate,not_requested,loss_tolerance,0.0039052159076471966,0.040081660424439856,aggregate held-out 2 GHz relative L2 at N512; physics qualification is only self-refinement,6.379861057634594e-05,fixed-chart correspondence RMS (not symmetric set maximum),All neural seeds underperform explicit controls within declared budget; all star arms are nonconverged; resolved fields alone do not imply recovery.,Do not assume frozen neural features improve geometry search; strict MLP transfer must be compared against explicit identity/smoothing controls.,results/inverse/radial_fourier/neural_metric/comparison-20260906/metrics.json,41420c2875d49f9ab8774f572c94b989d56fc309; inspect recorded dirty state/source hashes for exact measured code,/home/drdeng/miniconda3/envs/EMNerf/bin/python /home/drdeng/Neural_SDF_BEM_AD/run_neural_metric_comparison.py --output-dir results/neural_metric/comparison-20260906,preserve bounded negative result; adaptive/trained neural metric would be a new experiment
neural_metric/comparison-20260906,neural_metric/comparison-20260906::circle::neural seed0,results/neural_metric/comparison-20260906,results/inverse/radial_fourier/neural_metric/comparison-20260906,2026-09-06T00:23:19.459957+00:00,2026-09-06,metrics.json:created_utc (recorded artifact timestamp; not necessarily start/end),radial_K5_analytic_frozen_metric,explicit gauge-fixed radial Fourier K5 coefficients,complete analytic Kress objective derivative; metric-preconditioned line search with frequency stages,circle::neural seed0,neural seed0; frozen initial output-head feature metric only; no neural training/extraction during reconstruction,circle,"wrong exact circle; [radius,center_x,center_y]=[0.065,0.48,0.52]",KRESS,independent fixed-mode Mie,paired ring; train 0.5 then 0.5/1.5 GHz; holdout 2 GHz,no added noise; epsr exterior/interior 6/3; lossless nonmagnetic TMz,current_diagnostic,completed,not_converged_budget_limited,not_requested,iteration_budget,0.1296654585098408,1.5277486672044867,aggregate held-out 2 GHz relative L2 at N512; physics qualification is only self-refinement,0.0022921747666655506,fixed-chart correspondence RMS (not symmetric set maximum),All neural seeds underperform explicit controls within declared budget; all star arms are nonconverged; resolved fields alone do not imply recovery.,Do not assume frozen neural features improve geometry search; strict MLP transfer must be compared against explicit identity/smoothing controls.,results/inverse/radial_fourier/neural_metric/comparison-20260906/metrics.json,41420c2875d49f9ab8774f572c94b989d56fc309; inspect recorded dirty state/source hashes for exact measured code,/home/drdeng/miniconda3/envs/EMNerf/bin/python /home/drdeng/Neural_SDF_BEM_AD/run_neural_metric_comparison.py --output-dir results/neural_metric/comparison-20260906,preserve bounded negative result; adaptive/trained neural metric would be a new experiment
neural_metric/comparison-20260906,neural_metric/comparison-20260906::circle::neural seed1,results/neural_metric/comparison-20260906,results/inverse/radial_fourier/neural_metric/comparison-20260906,2026-09-06T00:23:19.459957+00:00,2026-09-06,metrics.json:created_utc (recorded artifact timestamp; not necessarily start/end),radial_K5_analytic_frozen_metric,explicit gauge-fixed radial Fourier K5 coefficients,complete analytic Kress objective derivative; metric-preconditioned line search with frequency stages,circle::neural seed1,neural seed1; frozen initial output-head feature metric only; no neural training/extraction during reconstruction,circle,"wrong exact circle; [radius,center_x,center_y]=[0.065,0.48,0.52]",KRESS,independent fixed-mode Mie,paired ring; train 0.5 then 0.5/1.5 GHz; holdout 2 GHz,no added noise; epsr exterior/interior 6/3; lossless nonmagnetic TMz,current_diagnostic,completed,not_converged_budget_limited,not_requested,iteration_budget,0.06747022210669235,0.576537736620575,aggregate held-out 2 GHz relative L2 at N512; physics qualification is only self-refinement,0.0010429574324549759,fixed-chart correspondence RMS (not symmetric set maximum),All neural seeds underperform explicit controls within declared budget; all star arms are nonconverged; resolved fields alone do not imply recovery.,Do not assume frozen neural features improve geometry search; strict MLP transfer must be compared against explicit identity/smoothing controls.,results/inverse/radial_fourier/neural_metric/comparison-20260906/metrics.json,41420c2875d49f9ab8774f572c94b989d56fc309; inspect recorded dirty state/source hashes for exact measured code,/home/drdeng/miniconda3/envs/EMNerf/bin/python /home/drdeng/Neural_SDF_BEM_AD/run_neural_metric_comparison.py --output-dir results/neural_metric/comparison-20260906,preserve bounded negative result; adaptive/trained neural metric would be a new experiment
neural_metric/comparison-20260906,neural_metric/comparison-20260906::circle::neural seed2,results/neural_metric/comparison-20260906,results/inverse/radial_fourier/neural_metric/comparison-20260906,2026-09-06T00:23:19.459957+00:00,2026-09-06,metrics.json:created_utc (recorded artifact timestamp; not necessarily start/end),radial_K5_analytic_frozen_metric,explicit gauge-fixed radial Fourier K5 coefficients,complete analytic Kress objective derivative; metric-preconditioned line search with frequency stages,circle::neural seed2,neural seed2; frozen initial output-head feature metric only; no neural training/extraction during reconstruction,circle,"wrong exact circle; [radius,center_x,center_y]=[0.065,0.48,0.52]",KRESS,independent fixed-mode Mie,paired ring; train 0.5 then 0.5/1.5 GHz; holdout 2 GHz,no added noise; epsr exterior/interior 6/3; lossless nonmagnetic TMz,current_diagnostic,completed,not_converged_budget_limited,not_requested,iteration_budget,0.10760817622115633,1.0731567788421075,aggregate held-out 2 GHz relative L2 at N512; physics qualification is only self-refinement,0.001698385000832699,fixed-chart correspondence RMS (not symmetric set maximum),All neural seeds underperform explicit controls within declared budget; all star arms are nonconverged; resolved fields alone do not imply recovery.,Do not assume frozen neural features improve geometry search; strict MLP transfer must be compared against explicit identity/smoothing controls.,results/inverse/radial_fourier/neural_metric/comparison-20260906/metrics.json,41420c2875d49f9ab8774f572c94b989d56fc309; inspect recorded dirty state/source hashes for exact measured code,/home/drdeng/miniconda3/envs/EMNerf/bin/python /home/drdeng/Neural_SDF_BEM_AD/run_neural_metric_comparison.py --output-dir results/neural_metric/comparison-20260906,preserve bounded negative result; adaptive/trained neural metric would be a new experiment
neural_metric/comparison-20260906,neural_metric/comparison-20260906::circle::sobolev,results/neural_metric/comparison-20260906,results/inverse/radial_fourier/neural_metric/comparison-20260906,2026-09-06T00:23:19.459957+00:00,2026-09-06,metrics.json:created_utc (recorded artifact timestamp; not necessarily start/end),radial_K5_analytic_frozen_metric,explicit gauge-fixed radial Fourier K5 coefficients,complete analytic Kress objective derivative; metric-preconditioned line search with frequency stages,circle::sobolev,sobolev; frozen initial output-head feature metric only; no neural training/extraction during reconstruction,circle,"wrong exact circle; [radius,center_x,center_y]=[0.065,0.48,0.52]",KRESS,independent fixed-mode Mie,paired ring; train 0.5 then 0.5/1.5 GHz; holdout 2 GHz,no added noise; epsr exterior/interior 6/3; lossless nonmagnetic TMz,current_diagnostic,completed,loss_tolerance_met; no universal recovery gate,not_requested,loss_tolerance,0.006851215192468709,0.07527266779522576,aggregate held-out 2 GHz relative L2 at N512; physics qualification is only self-refinement,0.00011436103550219583,fixed-chart correspondence RMS (not symmetric set maximum),All neural seeds underperform explicit controls within declared budget; all star arms are nonconverged; resolved fields alone do not imply recovery.,Do not assume frozen neural features improve geometry search; strict MLP transfer must be compared against explicit identity/smoothing controls.,results/inverse/radial_fourier/neural_metric/comparison-20260906/metrics.json,41420c2875d49f9ab8774f572c94b989d56fc309; inspect recorded dirty state/source hashes for exact measured code,/home/drdeng/miniconda3/envs/EMNerf/bin/python /home/drdeng/Neural_SDF_BEM_AD/run_neural_metric_comparison.py --output-dir results/neural_metric/comparison-20260906,preserve bounded negative result; adaptive/trained neural metric would be a new experiment
neural_metric/comparison-20260906,neural_metric/comparison-20260906::star::identity,results/neural_metric/comparison-20260906,results/inverse/radial_fourier/neural_metric/comparison-20260906,2026-09-06T00:23:19.459957+00:00,2026-09-06,metrics.json:created_utc (recorded artifact timestamp; not necessarily start/end),radial_K5_analytic_frozen_metric,explicit gauge-fixed radial Fourier K5 coefficients,complete analytic Kress objective derivative; metric-preconditioned line search with frequency stages,star::identity,identity; frozen initial output-head feature metric only; no neural training/extraction during reconstruction,star,"wrong exact circle; [radius,center_x,center_y]=[0.065,0.48,0.52]",KRESS,independent refined Nyström,paired ring; train 0.5 then 0.5/1.5 GHz; holdout 2 GHz,no added noise; epsr exterior/interior 6/3; lossless nonmagnetic TMz,current_diagnostic,completed,not_converged_budget_limited,not_requested,iteration_budget,0.27763616159263466,0.6039166220625969,aggregate held-out 2 GHz relative L2 at N512; physics qualification is only self-refinement,0.00655575110460521,fixed-chart correspondence RMS (not symmetric set maximum),All neural seeds underperform explicit controls within declared budget; all star arms are nonconverged; resolved fields alone do not imply recovery.,Do not assume frozen neural features improve geometry search; strict MLP transfer must be compared against explicit identity/smoothing controls.,results/inverse/radial_fourier/neural_metric/comparison-20260906/metrics.json,41420c2875d49f9ab8774f572c94b989d56fc309; inspect recorded dirty state/source hashes for exact measured code,/home/drdeng/miniconda3/envs/EMNerf/bin/python /home/drdeng/Neural_SDF_BEM_AD/run_neural_metric_comparison.py --output-dir results/neural_metric/comparison-20260906,preserve bounded negative result; adaptive/trained neural metric would be a new experiment
neural_metric/comparison-20260906,neural_metric/comparison-20260906::star::neural seed0,results/neural_metric/comparison-20260906,results/inverse/radial_fourier/neural_metric/comparison-20260906,2026-09-06T00:23:19.459957+00:00,2026-09-06,metrics.json:created_utc (recorded artifact timestamp; not necessarily start/end),radial_K5_analytic_frozen_metric,explicit gauge-fixed radial Fourier K5 coefficients,complete analytic Kress objective derivative; metric-preconditioned line search with frequency stages,star::neural seed0,neural seed0; frozen initial output-head feature metric only; no neural training/extraction during reconstruction,star,"wrong exact circle; [radius,center_x,center_y]=[0.065,0.48,0.52]",KRESS,independent refined Nyström,paired ring; train 0.5 then 0.5/1.5 GHz; holdout 2 GHz,no added noise; epsr exterior/interior 6/3; lossless nonmagnetic TMz,current_diagnostic,completed,not_converged_budget_limited,not_requested,iteration_budget,0.48849771278939136,0.8865937169245196,aggregate held-out 2 GHz relative L2 at N512; physics qualification is only self-refinement,0.01239943619940534,fixed-chart correspondence RMS (not symmetric set maximum),All neural seeds underperform explicit controls within declared budget; all star arms are nonconverged; resolved fields alone do not imply recovery.,Do not assume frozen neural features improve geometry search; strict MLP transfer must be compared against explicit identity/smoothing controls.,results/inverse/radial_fourier/neural_metric/comparison-20260906/metrics.json,41420c2875d49f9ab8774f572c94b989d56fc309; inspect recorded dirty state/source hashes for exact measured code,/home/drdeng/miniconda3/envs/EMNerf/bin/python /home/drdeng/Neural_SDF_BEM_AD/run_neural_metric_comparison.py --output-dir results/neural_metric/comparison-20260906,preserve bounded negative result; adaptive/trained neural metric would be a new experiment
neural_metric/comparison-20260906,neural_metric/comparison-20260906::star::neural seed1,results/neural_metric/comparison-20260906,results/inverse/radial_fourier/neural_metric/comparison-20260906,2026-09-06T00:23:19.459957+00:00,2026-09-06,metrics.json:created_utc (recorded artifact timestamp; not necessarily start/end),radial_K5_analytic_frozen_metric,explicit gauge-fixed radial Fourier K5 coefficients,complete analytic Kress objective derivative; metric-preconditioned line search with frequency stages,star::neural seed1,neural seed1; frozen initial output-head feature metric only; no neural training/extraction during reconstruction,star,"wrong exact circle; [radius,center_x,center_y]=[0.065,0.48,0.52]",KRESS,independent refined Nyström,paired ring; train 0.5 then 0.5/1.5 GHz; holdout 2 GHz,no added noise; epsr exterior/interior 6/3; lossless nonmagnetic TMz,current_diagnostic,completed,not_converged_budget_limited,not_requested,iteration_budget,0.4608778851986436,0.7895975888816166,aggregate held-out 2 GHz relative L2 at N512; physics qualification is only self-refinement,0.010941703362445732,fixed-chart correspondence RMS (not symmetric set maximum),All neural seeds underperform explicit controls within declared budget; all star arms are nonconverged; resolved fields alone do not imply recovery.,Do not assume frozen neural features improve geometry search; strict MLP transfer must be compared against explicit identity/smoothing controls.,results/inverse/radial_fourier/neural_metric/comparison-20260906/metrics.json,41420c2875d49f9ab8774f572c94b989d56fc309; inspect recorded dirty state/source hashes for exact measured code,/home/drdeng/miniconda3/envs/EMNerf/bin/python /home/drdeng/Neural_SDF_BEM_AD/run_neural_metric_comparison.py --output-dir results/neural_metric/comparison-20260906,preserve bounded negative result; adaptive/trained neural metric would be a new experiment
neural_metric/comparison-20260906,neural_metric/comparison-20260906::star::neural seed2,results/neural_metric/comparison-20260906,results/inverse/radial_fourier/neural_metric/comparison-20260906,2026-09-06T00:23:19.459957+00:00,2026-09-06,metrics.json:created_utc (recorded artifact timestamp; not necessarily start/end),radial_K5_analytic_frozen_metric,explicit gauge-fixed radial Fourier K5 coefficients,complete analytic Kress objective derivative; metric-preconditioned line search with frequency stages,star::neural seed2,neural seed2; frozen initial output-head feature metric only; no neural training/extraction during reconstruction,star,"wrong exact circle; [radius,center_x,center_y]=[0.065,0.48,0.52]",KRESS,independent refined Nyström,paired ring; train 0.5 then 0.5/1.5 GHz; holdout 2 GHz,no added noise; epsr exterior/interior 6/3; lossless nonmagnetic TMz,current_diagnostic,completed,not_converged_budget_limited,not_requested,iteration_budget,0.557785011261573,0.8844593029764658,aggregate held-out 2 GHz relative L2 at N512; physics qualification is only self-refinement,0.010620948214388103,fixed-chart correspondence RMS (not symmetric set maximum),All neural seeds underperform explicit controls within declared budget; all star arms are nonconverged; resolved fields alone do not imply recovery.,Do not assume frozen neural features improve geometry search; strict MLP transfer must be compared against explicit identity/smoothing controls.,results/inverse/radial_fourier/neural_metric/comparison-20260906/metrics.json,41420c2875d49f9ab8774f572c94b989d56fc309; inspect recorded dirty state/source hashes for exact measured code,/home/drdeng/miniconda3/envs/EMNerf/bin/python /home/drdeng/Neural_SDF_BEM_AD/run_neural_metric_comparison.py --output-dir results/neural_metric/comparison-20260906,preserve bounded negative result; adaptive/trained neural metric would be a new experiment
neural_metric/comparison-20260906,neural_metric/comparison-20260906::star::sobolev,results/neural_metric/comparison-20260906,results/inverse/radial_fourier/neural_metric/comparison-20260906,2026-09-06T00:23:19.459957+00:00,2026-09-06,metrics.json:created_utc (recorded artifact timestamp; not necessarily start/end),radial_K5_analytic_frozen_metric,explicit gauge-fixed radial Fourier K5 coefficients,complete analytic Kress objective derivative; metric-preconditioned line search with frequency stages,star::sobolev,sobolev; frozen initial output-head feature metric only; no neural training/extraction during reconstruction,star,"wrong exact circle; [radius,center_x,center_y]=[0.065,0.48,0.52]",KRESS,independent refined Nyström,paired ring; train 0.5 then 0.5/1.5 GHz; holdout 2 GHz,no added noise; epsr exterior/interior 6/3; lossless nonmagnetic TMz,current_diagnostic,completed,not_converged_budget_limited,not_requested,iteration_budget,0.3079570389003787,0.538780433751893,aggregate held-out 2 GHz relative L2 at N512; physics qualification is only self-refinement,0.006054739025231732,fixed-chart correspondence RMS (not symmetric set maximum),All neural seeds underperform explicit controls within declared budget; all star arms are nonconverged; resolved fields alone do not imply recovery.,Do not assume frozen neural features improve geometry search; strict MLP transfer must be compared against explicit identity/smoothing controls.,results/inverse/radial_fourier/neural_metric/comparison-20260906/metrics.json,41420c2875d49f9ab8774f572c94b989d56fc309; inspect recorded dirty state/source hashes for exact measured code,/home/drdeng/miniconda3/envs/EMNerf/bin/python /home/drdeng/Neural_SDF_BEM_AD/run_neural_metric_comparison.py --output-dir results/neural_metric/comparison-20260906,preserve bounded negative result; adaptive/trained neural metric would be a new experiment
inverse_solver_comparison/mlp-radial-continuation-k5-ellipse-to-star-kress-20260904,inverse_solver_comparison/mlp-radial-continuation-k5-ellipse-to-star-kress-20260904::kress,results/inverse_solver_comparison/mlp-radial-continuation-k5-ellipse-to-star-kress-20260904,results/inverse/radial_fourier/mlp-radial-continuation-k5-ellipse-to-star-kress-20260904,2026-09-04T11:35:57.736449+00:00,2026-09-04,metrics.json:created_utc (recorded artifact timestamp; not necessarily start/end),radial_fourier_fd_mandatory_mlp,gauge-fixed star-shaped radial Fourier K5 coefficients,central finite differences of modal geometry probes; damped trust-region Gauss-Newton/line search,kress,mandatory re-distance/audit after accepted curve updates; MLP is not accepted geometry,star; exact synthetic target,wrong ellipse; model seed=23,KRESS,nystrom_ref independent Nystrom/Muller solution of the exact star,"paired ring Tx/Rx; train GHz=[0.5, 1.5, 2.5]; holdout GHz=[0.25, 1.0, 2.0]",noise=none (synthetic exact observations); exterior epsr=6; interior epsr=3; lossless nonmagnetic TMz,current_diagnostic,completed,canonical_target_recovered; separate_MLP_gate_failed,failed_final_0.2mm_gate,representation_limited_stationary,1.0683124213404753e-08,1.3393169374086996e-08,saved aggregate relative L2 across held-out frequencies/pairs; not maximum per-frequency,2.569831856107766e-10,saved maximum sampled boundary-to-analytic-target distance,Canonical star recovered accurately; separate strict MLP representation gate failed.,Use the recovered curve as a controlled representation target; low data loss does not prove faithful MLP/Method-B feedback.,results/inverse/radial_fourier/mlp-radial-continuation-k5-ellipse-to-star-kress-20260904/metrics.json,41420c2875d49f9ab8774f572c94b989d56fc309; inspect recorded dirty state/source hashes for exact measured code,"run_mlp_sdf_inverse_comparison.py --target star --initial-shape ellipse --solvers kress --train-ghz 0.5,1.5,2.5 --holdout-ghz 0.25,1.0,2.0 --num-pairs 24 --maximum-mode 5 --outer-iterations 150 --redistance-steps 1200 --redistance-samples 2048 --maximum-modal-update-mm 2.0 --frequency-continuation --maximum-redistance-drift-mm 1.5 --output-dir results/inverse_solver_comparison/mlp-radial-continuation-k5-ellipse-to-star-kress-20260904 --overwrite",preserve; no rerun needed for organization
sdf_representation_ablation/saved-star-20260905,sdf_representation_ablation/saved-star-20260905::curve_only,results/sdf_representation_ablation/saved-star-20260905,results/inverse/radial_fourier/representation_policies/saved-star-20260905,2026-09-05T14:51:51.043975+00:00,2026-09-05,metrics.json:created_utc (recorded artifact timestamp; not necessarily start/end),radial_fourier_fd_representation_policy,gauge-fixed radial Fourier coefficients,direct-curve finite differences; damped Gauss-Newton with frequency continuation,curve_only,curve_only: no neural calls during reconstruction; no SDF delivery requested,five-lobe star,wrong ellipse projected once into canonical radial state,KRESS,nystrom_ref independent Nystrom/Muller solution of the exact star,24 ring pairs; frequencies/stages in metrics.json; immutable common.npz,noise=none; exterior epsr=6.0; interior epsr=3.0; lossless nonmagnetic TMz,current_diagnostic,completed,stable_data_and_geometry,not_requested,not_requested; reconstruction=stable_data_and_geometry,1.0683124213404753e-08,1.3393169374086996e-08,canonical aggregate held-out relative L2; MLP response stored separately,2.569831856107766e-10,canonical sampled boundary-to-target maximum,Same 44-update canonical trajectory across all three policies; strict and export MLP delivery fail.,Separate canonical recovery from MLP delivery and measure re-distance cost; legacy_strict here does not restore MLP-owned Method-B feedback.,results/inverse/radial_fourier/representation_policies/saved-star-20260905/metrics.json,41420c2875d49f9ab8774f572c94b989d56fc309; inspect recorded dirty state/source hashes for exact measured code,/home/drdeng/miniconda3/envs/EMNerf/bin/python /home/drdeng/Neural_SDF_BEM_AD/run_sdf_representation_ablation.py --profile saved-star --output-dir results/sdf_representation_ablation/saved-star-20260905,preserve radial control; use it to match strict-pipeline observations and MLP target audits
sdf_representation_ablation/saved-star-20260905,sdf_representation_ablation/saved-star-20260905::export_only,results/sdf_representation_ablation/saved-star-20260905,results/inverse/radial_fourier/representation_policies/saved-star-20260905,2026-09-05T14:51:51.043975+00:00,2026-09-05,metrics.json:created_utc (recorded artifact timestamp; not necessarily start/end),radial_fourier_fd_representation_policy,gauge-fixed radial Fourier coefficients,direct-curve finite differences; damped Gauss-Newton with frequency continuation,export_only,export_only: no neural calls during reconstruction; fit/audit MLP once after reconstruction,five-lobe star,wrong ellipse projected once into canonical radial state,KRESS,nystrom_ref independent Nystrom/Muller solution of the exact star,24 ring pairs; frequencies/stages in metrics.json; immutable common.npz,noise=none; exterior epsr=6.0; interior epsr=3.0; lossless nonmagnetic TMz,current_diagnostic,completed,stable_data_and_geometry,failed,redistance_maximum_steps; reconstruction=stable_data_and_geometry,1.0683124213404753e-08,1.3393169374086996e-08,canonical aggregate held-out relative L2; MLP response stored separately,2.569831856107766e-10,canonical sampled boundary-to-target maximum,Same 44-update canonical trajectory across all three policies; strict and export MLP delivery fail.,Separate canonical recovery from MLP delivery and measure re-distance cost; legacy_strict here does not restore MLP-owned Method-B feedback.,results/inverse/radial_fourier/representation_policies/saved-star-20260905/metrics.json,41420c2875d49f9ab8774f572c94b989d56fc309; inspect recorded dirty state/source hashes for exact measured code,/home/drdeng/miniconda3/envs/EMNerf/bin/python /home/drdeng/Neural_SDF_BEM_AD/run_sdf_representation_ablation.py --profile saved-star --output-dir results/sdf_representation_ablation/saved-star-20260905,preserve radial control; use it to match strict-pipeline observations and MLP target audits
sdf_representation_ablation/saved-star-20260905,sdf_representation_ablation/saved-star-20260905::legacy_strict,results/sdf_representation_ablation/saved-star-20260905,results/inverse/radial_fourier/representation_policies/saved-star-20260905,2026-09-05T14:51:51.043975+00:00,2026-09-05,metrics.json:created_utc (recorded artifact timestamp; not necessarily start/end),radial_fourier_fd_representation_policy,gauge-fixed radial Fourier coefficients,direct-curve finite differences; damped Gauss-Newton with frequency continuation,legacy_strict,legacy_strict: MLP synchronization gates radial curve updates; MLP is not authoritative geometry,five-lobe star,wrong ellipse projected once into canonical radial state,KRESS,nystrom_ref independent Nystrom/Muller solution of the exact star,24 ring pairs; frequencies/stages in metrics.json; immutable common.npz,noise=none; exterior epsr=6.0; interior epsr=3.0; lossless nonmagnetic TMz,current_diagnostic,completed,stable_data_and_geometry,failed,legacy_representation_tolerances_not_met; reconstruction=stable_data_and_geometry,1.0683124213404753e-08,1.3393169374086996e-08,canonical aggregate held-out relative L2; MLP response stored separately,2.569831856107766e-10,canonical sampled boundary-to-target maximum,Same 44-update canonical trajectory across all three policies; strict and export MLP delivery fail.,Separate canonical recovery from MLP delivery and measure re-distance cost; legacy_strict here does not restore MLP-owned Method-B feedback.,results/inverse/radial_fourier/representation_policies/saved-star-20260905/metrics.json,41420c2875d49f9ab8774f572c94b989d56fc309; inspect recorded dirty state/source hashes for exact measured code,/home/drdeng/miniconda3/envs/EMNerf/bin/python /home/drdeng/Neural_SDF_BEM_AD/run_sdf_representation_ablation.py --profile saved-star --output-dir results/sdf_representation_ablation/saved-star-20260905,preserve radial control; use it to match strict-pipeline observations and MLP target audits
sdf_representation_ablation/short-final-20260905,sdf_representation_ablation/short-final-20260905::curve_only,results/sdf_representation_ablation/short-final-20260905,results/inverse/radial_fourier/representation_policies/short-final-20260905,2026-09-05T14:43:14.957230+00:00,2026-09-05,metrics.json:created_utc (recorded artifact timestamp; not necessarily start/end),radial_fourier_fd_representation_policy,gauge-fixed radial Fourier coefficients,direct-curve finite differences; damped Gauss-Newton with frequency continuation,curve_only,curve_only: no neural calls during reconstruction; no SDF delivery requested,circle short contract profile,wrong ellipse projected once into canonical radial state,KRESS,gpr_bem_ref analytic penetrable-cylinder Mie series,8 ring pairs; frequencies/stages in metrics.json; immutable common.npz,noise=none; exterior epsr=6.0; interior epsr=3.0; lossless nonmagnetic TMz,current_diagnostic,completed,maximum_iterations,not_requested,not_requested; reconstruction=maximum_iterations,1.0979858059134684,0.960409947836528,canonical aggregate held-out relative L2; MLP response stored separately,0.04159443470653415,canonical sampled boundary-to-target maximum,Four-update contract check; insufficient reconstruction budget; final MLP gate separate.,Separate canonical recovery from MLP delivery and measure re-distance cost; legacy_strict here does not restore MLP-owned Method-B feedback.,results/inverse/radial_fourier/representation_policies/short-final-20260905/metrics.json,41420c2875d49f9ab8774f572c94b989d56fc309; inspect recorded dirty state/source hashes for exact measured code,/home/drdeng/miniconda3/envs/EMNerf/bin/python /home/drdeng/Neural_SDF_BEM_AD/run_sdf_representation_ablation.py --profile short --output-dir results/sdf_representation_ablation/short-final-20260905,preserve radial control; use it to match strict-pipeline observations and MLP target audits
sdf_representation_ablation/short-final-20260905,sdf_representation_ablation/short-final-20260905::export_only,results/sdf_representation_ablation/short-final-20260905,results/inverse/radial_fourier/representation_policies/short-final-20260905,2026-09-05T14:43:14.957230+00:00,2026-09-05,metrics.json:created_utc (recorded artifact timestamp; not necessarily start/end),radial_fourier_fd_representation_policy,gauge-fixed radial Fourier coefficients,direct-curve finite differences; damped Gauss-Newton with frequency continuation,export_only,export_only: no neural calls during reconstruction; fit/audit MLP once after reconstruction,circle short contract profile,wrong ellipse projected once into canonical radial state,KRESS,gpr_bem_ref analytic penetrable-cylinder Mie series,8 ring pairs; frequencies/stages in metrics.json; immutable common.npz,noise=none; exterior epsr=6.0; interior epsr=3.0; lossless nonmagnetic TMz,current_diagnostic,completed,maximum_iterations,failed,representation_drift_tolerance; reconstruction=maximum_iterations,1.0979858059134684,0.960409947836528,canonical aggregate held-out relative L2; MLP response stored separately,0.04159443470653415,canonical sampled boundary-to-target maximum,Four-update contract check; insufficient reconstruction budget; final MLP gate separate.,Separate canonical recovery from MLP delivery and measure re-distance cost; legacy_strict here does not restore MLP-owned Method-B feedback.,results/inverse/radial_fourier/representation_policies/short-final-20260905/metrics.json,41420c2875d49f9ab8774f572c94b989d56fc309; inspect recorded dirty state/source hashes for exact measured code,/home/drdeng/miniconda3/envs/EMNerf/bin/python /home/drdeng/Neural_SDF_BEM_AD/run_sdf_representation_ablation.py --profile short --output-dir results/sdf_representation_ablation/short-final-20260905,preserve radial control; use it to match strict-pipeline observations and MLP target audits
sdf_representation_ablation/short-final-20260905,sdf_representation_ablation/short-final-20260905::legacy_strict,results/sdf_representation_ablation/short-final-20260905,results/inverse/radial_fourier/representation_policies/short-final-20260905,2026-09-05T14:43:14.957230+00:00,2026-09-05,metrics.json:created_utc (recorded artifact timestamp; not necessarily start/end),radial_fourier_fd_representation_policy,gauge-fixed radial Fourier coefficients,direct-curve finite differences; damped Gauss-Newton with frequency continuation,legacy_strict,legacy_strict: MLP synchronization gates radial curve updates; MLP is not authoritative geometry,circle short contract profile,wrong ellipse projected once into canonical radial state,KRESS,gpr_bem_ref analytic penetrable-cylinder Mie series,8 ring pairs; frequencies/stages in metrics.json; immutable common.npz,noise=none; exterior epsr=6.0; interior epsr=3.0; lossless nonmagnetic TMz,current_diagnostic,completed,maximum_iterations,failed,legacy_representation_tolerances_not_met; reconstruction=maximum_iterations,1.0979858059134684,0.960409947836528,canonical aggregate held-out relative L2; MLP response stored separately,0.04159443470653415,canonical sampled boundary-to-target maximum,Four-update contract check; insufficient reconstruction budget; final MLP gate separate.,Separate canonical recovery from MLP delivery and measure re-distance cost; legacy_strict here does not restore MLP-owned Method-B feedback.,results/inverse/radial_fourier/representation_policies/short-final-20260905/metrics.json,41420c2875d49f9ab8774f572c94b989d56fc309; inspect recorded dirty state/source hashes for exact measured code,/home/drdeng/miniconda3/envs/EMNerf/bin/python /home/drdeng/Neural_SDF_BEM_AD/run_sdf_representation_ablation.py --profile short --output-dir results/sdf_representation_ablation/short-final-20260905,preserve radial control; use it to match strict-pipeline observations and MLP target audits
material_inverse/bounded-20260906,material_inverse/bounded-20260906::fixed_clean_eps2,results/material_inverse/bounded-20260906,results/inverse/radial_fourier/shape_material/material_inverse/bounded-20260906,2026-09-06T00:30:12.937550+00:00,2026-09-06,manifest.json:created_utc (recorded artifact timestamp; not necessarily start/end),radial_K2_shape_material_analytic,positive radial K2 shape chart plus one interior permittivity; fixed-shape arms vary material only,complete analytic Kress shape/material Jacobian; bounded TRF,fixed_clean_eps2,none,"circle; radius 0.05 m center(0.5,0.5) epsr 3","[0.05,0.5,0.5,0.0,0.0,2.0]",KRESS N64; final N64/128/256 audits,independent fixed-mode Mie,12 paired Tx/Rx; 0.5/1.5 GHz; disjoint half-step-angle clean/noisy holdout,"clean training; clean holdout; exterior epsr 6; unknown interior epsr in[1.2,12]; lossless TMz",current_diagnostic,completed,physical_recovery_passed,not_applicable,verified_stationarity=True; policy=single full-band TRF,1.3874441931441235e-14,1.1710403228374402e-14,maximum per-frequency clean unseen-angle holdout relative error at N256,0.0,independently refined symmetric closest-point set distance,single TRF: physical recovery pass; checked stationarity True; retain hard-start failures.,"Carry verified field/material derivatives, training-only selection and explicit stationarity/recovery gates into strict work; these low-dimensional radial successes do not validate neural geometry feedback.",results/inverse/radial_fourier/shape_material/material_inverse/bounded-20260906/metrics.json; results/inverse/radial_fourier/shape_material/material_inverse/bounded-20260906/manifest.json,41420c2875d49f9ab8774f572c94b989d56fc309; inspect recorded dirty state/source hashes for exact measured code,/home/drdeng/miniconda3/envs/EMNerf/bin/python run_material_inverse_comparison.py --output results/material_inverse/bounded-20260906,preserve measured diagnostics; add strict-MLP counterpart after shape-only transfer is verified
material_inverse/bounded-20260906,material_inverse/bounded-20260906::fixed_clean_eps5,results/material_inverse/bounded-20260906,results/inverse/radial_fourier/shape_material/material_inverse/bounded-20260906,2026-09-06T00:30:12.937550+00:00,2026-09-06,manifest.json:created_utc (recorded artifact timestamp; not necessarily start/end),radial_K2_shape_material_analytic,positive radial K2 shape chart plus one interior permittivity; fixed-shape arms vary material only,complete analytic Kress shape/material Jacobian; bounded TRF,fixed_clean_eps5,none,"circle; radius 0.05 m center(0.5,0.5) epsr 3","[0.05,0.5,0.5,0.0,0.0,5.0]",KRESS N64; final N64/128/256 audits,independent fixed-mode Mie,12 paired Tx/Rx; 0.5/1.5 GHz; disjoint half-step-angle clean/noisy holdout,"clean training; clean holdout; exterior epsr 6; unknown interior epsr in[1.2,12]; lossless TMz",current_diagnostic,completed,physical_recovery_passed,not_applicable,verified_stationarity=True; policy=single full-band TRF,1.5857638775179226e-11,1.5853561918235197e-11,maximum per-frequency clean unseen-angle holdout relative error at N256,0.0,independently refined symmetric closest-point set distance,single TRF: physical recovery pass; checked stationarity True; retain hard-start failures.,"Carry verified field/material derivatives, training-only selection and explicit stationarity/recovery gates into strict work; these low-dimensional radial successes do not validate neural geometry feedback.",results/inverse/radial_fourier/shape_material/material_inverse/bounded-20260906/metrics.json; results/inverse/radial_fourier/shape_material/material_inverse/bounded-20260906/manifest.json,41420c2875d49f9ab8774f572c94b989d56fc309; inspect recorded dirty state/source hashes for exact measured code,/home/drdeng/miniconda3/envs/EMNerf/bin/python run_material_inverse_comparison.py --output results/material_inverse/bounded-20260906,preserve measured diagnostics; add strict-MLP counterpart after shape-only transfer is verified
material_inverse/bounded-20260906,material_inverse/bounded-20260906::fixed_clean_eps9,results/material_inverse/bounded-20260906,results/inverse/radial_fourier/shape_material/material_inverse/bounded-20260906,2026-09-06T00:30:12.937550+00:00,2026-09-06,manifest.json:created_utc (recorded artifact timestamp; not necessarily start/end),radial_K2_shape_material_analytic,positive radial K2 shape chart plus one interior permittivity; fixed-shape arms vary material only,complete analytic Kress shape/material Jacobian; bounded TRF,fixed_clean_eps9,none,"circle; radius 0.05 m center(0.5,0.5) epsr 3","[0.05,0.5,0.5,0.0,0.0,9.0]",KRESS N64; final N64/128/256 audits,independent fixed-mode Mie,12 paired Tx/Rx; 0.5/1.5 GHz; disjoint half-step-angle clean/noisy holdout,"clean training; clean holdout; exterior epsr 6; unknown interior epsr in[1.2,12]; lossless TMz",current_diagnostic,completed,physical_recovery_failed,not_applicable,verified_stationarity=False; policy=single full-band TRF,1.2467855639257237,1.246785563925727,maximum per-frequency clean unseen-angle holdout relative error at N256,0.0,independently refined symmetric closest-point set distance,single TRF: physical recovery fail; checked stationarity False; retain hard-start failures.,"Carry verified field/material derivatives, training-only selection and explicit stationarity/recovery gates into strict work; these low-dimensional radial successes do not validate neural geometry feedback.",results/inverse/radial_fourier/shape_material/material_inverse/bounded-20260906/metrics.json; results/inverse/radial_fourier/shape_material/material_inverse/bounded-20260906/manifest.json,41420c2875d49f9ab8774f572c94b989d56fc309; inspect recorded dirty state/source hashes for exact measured code,/home/drdeng/miniconda3/envs/EMNerf/bin/python run_material_inverse_comparison.py --output results/material_inverse/bounded-20260906,preserve measured diagnostics; add strict-MLP counterpart after shape-only transfer is verified
material_inverse/bounded-20260906,material_inverse/bounded-20260906::fixed_noisy_eps5,results/material_inverse/bounded-20260906,results/inverse/radial_fourier/shape_material/material_inverse/bounded-20260906,2026-09-06T00:30:12.937550+00:00,2026-09-06,manifest.json:created_utc (recorded artifact timestamp; not necessarily start/end),radial_K2_shape_material_analytic,positive radial K2 shape chart plus one interior permittivity; fixed-shape arms vary material only,complete analytic Kress shape/material Jacobian; bounded TRF,fixed_noisy_eps5,none,"circle; radius 0.05 m center(0.5,0.5) epsr 3","[0.05,0.5,0.5,0.0,0.0,5.0]",KRESS N64; final N64/128/256 audits,independent fixed-mode Mie,12 paired Tx/Rx; 0.5/1.5 GHz; disjoint half-step-angle clean/noisy holdout,"1% seeded complex Gaussian training noise; clean and noisy holdout; exterior epsr 6; unknown interior epsr in[1.2,12]; lossless TMz",current_diagnostic,completed,physical_recovery_passed,not_applicable,verified_stationarity=True; policy=single full-band TRF,0.009519118005524933,0.0006109576785368478,maximum per-frequency clean unseen-angle holdout relative error at N256,0.0,independently refined symmetric closest-point set distance,single TRF: physical recovery pass; checked stationarity True; retain hard-start failures.,"Carry verified field/material derivatives, training-only selection and explicit stationarity/recovery gates into strict work; these low-dimensional radial successes do not validate neural geometry feedback.",results/inverse/radial_fourier/shape_material/material_inverse/bounded-20260906/metrics.json; results/inverse/radial_fourier/shape_material/material_inverse/bounded-20260906/manifest.json,41420c2875d49f9ab8774f572c94b989d56fc309; inspect recorded dirty state/source hashes for exact measured code,/home/drdeng/miniconda3/envs/EMNerf/bin/python run_material_inverse_comparison.py --output results/material_inverse/bounded-20260906,preserve measured diagnostics; add strict-MLP counterpart after shape-only transfer is verified
material_inverse/bounded-20260906,material_inverse/bounded-20260906::joint_clean_start1,results/material_inverse/bounded-20260906,results/inverse/radial_fourier/shape_material/material_inverse/bounded-20260906,2026-09-06T00:30:12.937550+00:00,2026-09-06,manifest.json:created_utc (recorded artifact timestamp; not necessarily start/end),radial_K2_shape_material_analytic,positive radial K2 shape chart plus one interior permittivity; fixed-shape arms vary material only,complete analytic Kress shape/material Jacobian; bounded TRF,joint_clean_start1,none,"circle; radius 0.05 m center(0.5,0.5) epsr 3","[0.057,0.494,0.505,0.002,-0.001,2.0]",KRESS N64; final N64/128/256 audits,independent fixed-mode Mie,12 paired Tx/Rx; 0.5/1.5 GHz; disjoint half-step-angle clean/noisy holdout,"clean training; clean holdout; exterior epsr 6; unknown interior epsr in[1.2,12]; lossless TMz",current_diagnostic,completed,physical_recovery_passed,not_applicable,verified_stationarity=True; policy=single full-band TRF,3.547608629974441e-11,3.5474648505121333e-11,maximum per-frequency clean unseen-angle holdout relative error at N256,1.7448034051361534e-12,independently refined symmetric closest-point set distance,single TRF: physical recovery pass; checked stationarity True; retain hard-start failures.,"Carry verified field/material derivatives, training-only selection and explicit stationarity/recovery gates into strict work; these low-dimensional radial successes do not validate neural geometry feedback.",results/inverse/radial_fourier/shape_material/material_inverse/bounded-20260906/metrics.json; results/inverse/radial_fourier/shape_material/material_inverse/bounded-20260906/manifest.json,41420c2875d49f9ab8774f572c94b989d56fc309; inspect recorded dirty state/source hashes for exact measured code,/home/drdeng/miniconda3/envs/EMNerf/bin/python run_material_inverse_comparison.py --output results/material_inverse/bounded-20260906,preserve measured diagnostics; add strict-MLP counterpart after shape-only transfer is verified
material_inverse/bounded-20260906,material_inverse/bounded-20260906::joint_clean_start2,results/material_inverse/bounded-20260906,results/inverse/radial_fourier/shape_material/material_inverse/bounded-20260906,2026-09-06T00:30:12.937550+00:00,2026-09-06,manifest.json:created_utc (recorded artifact timestamp; not necessarily start/end),radial_K2_shape_material_analytic,positive radial K2 shape chart plus one interior permittivity; fixed-shape arms vary material only,complete analytic Kress shape/material Jacobian; bounded TRF,joint_clean_start2,none,"circle; radius 0.05 m center(0.5,0.5) epsr 3","[0.043,0.505,0.495,-0.002,0.001,9.0]",KRESS N64; final N64/128/256 audits,independent fixed-mode Mie,12 paired Tx/Rx; 0.5/1.5 GHz; disjoint half-step-angle clean/noisy holdout,"clean training; clean holdout; exterior epsr 6; unknown interior epsr in[1.2,12]; lossless TMz",current_diagnostic,completed,physical_recovery_failed,not_applicable,verified_stationarity=False; policy=single full-band TRF,0.8495867592118937,0.8495869728351123,maximum per-frequency clean unseen-angle holdout relative error at N256,0.04143547011846251,independently refined symmetric closest-point set distance,single TRF: physical recovery fail; checked stationarity False; retain hard-start failures.,"Carry verified field/material derivatives, training-only selection and explicit stationarity/recovery gates into strict work; these low-dimensional radial successes do not validate neural geometry feedback.",results/inverse/radial_fourier/shape_material/material_inverse/bounded-20260906/metrics.json; results/inverse/radial_fourier/shape_material/material_inverse/bounded-20260906/manifest.json,41420c2875d49f9ab8774f572c94b989d56fc309; inspect recorded dirty state/source hashes for exact measured code,/home/drdeng/miniconda3/envs/EMNerf/bin/python run_material_inverse_comparison.py --output results/material_inverse/bounded-20260906,preserve measured diagnostics; add strict-MLP counterpart after shape-only transfer is verified
material_inverse/bounded-20260906,material_inverse/bounded-20260906::joint_noisy_start1,results/material_inverse/bounded-20260906,results/inverse/radial_fourier/shape_material/material_inverse/bounded-20260906,2026-09-06T00:30:12.937550+00:00,2026-09-06,manifest.json:created_utc (recorded artifact timestamp; not necessarily start/end),radial_K2_shape_material_analytic,positive radial K2 shape chart plus one interior permittivity; fixed-shape arms vary material only,complete analytic Kress shape/material Jacobian; bounded TRF,joint_noisy_start1,none,"circle; radius 0.05 m center(0.5,0.5) epsr 3","[0.057,0.494,0.505,0.002,-0.001,2.0]",KRESS N64; final N64/128/256 audits,independent fixed-mode Mie,12 paired Tx/Rx; 0.5/1.5 GHz; disjoint half-step-angle clean/noisy holdout,"1% seeded complex Gaussian training noise; clean and noisy holdout; exterior epsr 6; unknown interior epsr in[1.2,12]; lossless TMz",current_diagnostic,completed,physical_recovery_passed,not_applicable,verified_stationarity=True; policy=single full-band TRF,0.009474725126519305,0.003487596344829502,maximum per-frequency clean unseen-angle holdout relative error at N256,6.48928973333077e-05,independently refined symmetric closest-point set distance,single TRF: physical recovery pass; checked stationarity True; retain hard-start failures.,"Carry verified field/material derivatives, training-only selection and explicit stationarity/recovery gates into strict work; these low-dimensional radial successes do not validate neural geometry feedback.",results/inverse/radial_fourier/shape_material/material_inverse/bounded-20260906/metrics.json; results/inverse/radial_fourier/shape_material/material_inverse/bounded-20260906/manifest.json,41420c2875d49f9ab8774f572c94b989d56fc309; inspect recorded dirty state/source hashes for exact measured code,/home/drdeng/miniconda3/envs/EMNerf/bin/python run_material_inverse_comparison.py --output results/material_inverse/bounded-20260906,preserve measured diagnostics; add strict-MLP counterpart after shape-only transfer is verified
material_inverse/bounded-20260906,material_inverse/bounded-20260906::joint_noisy_start2,results/material_inverse/bounded-20260906,results/inverse/radial_fourier/shape_material/material_inverse/bounded-20260906,2026-09-06T00:30:12.937550+00:00,2026-09-06,manifest.json:created_utc (recorded artifact timestamp; not necessarily start/end),radial_K2_shape_material_analytic,positive radial K2 shape chart plus one interior permittivity; fixed-shape arms vary material only,complete analytic Kress shape/material Jacobian; bounded TRF,joint_noisy_start2,none,"circle; radius 0.05 m center(0.5,0.5) epsr 3","[0.043,0.505,0.495,-0.002,0.001,9.0]",KRESS N64; final N64/128/256 audits,independent fixed-mode Mie,12 paired Tx/Rx; 0.5/1.5 GHz; disjoint half-step-angle clean/noisy holdout,"1% seeded complex Gaussian training noise; clean and noisy holdout; exterior epsr 6; unknown interior epsr in[1.2,12]; lossless TMz",current_diagnostic,completed,physical_recovery_failed,not_applicable,verified_stationarity=False; policy=single full-band TRF,0.8485511692762664,0.847677397726344,maximum per-frequency clean unseen-angle holdout relative error at N256,0.04148269588663152,independently refined symmetric closest-point set distance,single TRF: physical recovery fail; checked stationarity False; retain hard-start failures.,"Carry verified field/material derivatives, training-only selection and explicit stationarity/recovery gates into strict work; these low-dimensional radial successes do not validate neural geometry feedback.",results/inverse/radial_fourier/shape_material/material_inverse/bounded-20260906/metrics.json; results/inverse/radial_fourier/shape_material/material_inverse/bounded-20260906/manifest.json,41420c2875d49f9ab8774f572c94b989d56fc309; inspect recorded dirty state/source hashes for exact measured code,/home/drdeng/miniconda3/envs/EMNerf/bin/python run_material_inverse_comparison.py --output results/material_inverse/bounded-20260906,preserve measured diagnostics; add strict-MLP counterpart after shape-only transfer is verified
material_robustness/bounded-20260906,material_robustness/bounded-20260906::circle_fixed_clean_continuation,results/material_robustness/bounded-20260906,results/inverse/radial_fourier/shape_material/material_robustness/bounded-20260906,2026-09-06T01:03:58.870075+00:00,2026-09-06,manifest.json:created_utc (recorded artifact timestamp; not necessarily start/end),radial_K2_shape_material_analytic,positive radial K2 shape chart plus one interior permittivity; fixed-shape arms vary material only,complete analytic Kress shape/material Jacobian; bounded TRF,circle_fixed_clean_continuation,none,"circle; radius 0.05 m center(0.5,0.5) epsr 3","[0.05,0.5,0.5,0.0,0.0,9.0]",KRESS N64; final N64/128/256 audits,independent Mie; robustness reuses historical immutable observations,12 paired Tx/Rx; 0.5/1.5 GHz; disjoint half-step-angle clean/noisy holdout,"clean training; clean holdout; exterior epsr 6; unknown interior epsr in[1.2,12]; lossless TMz",current_diagnostic,selected,physical_recovery_failed,not_applicable,verified_stationarity=False; policy=continuation,1.246785668787389,1.2467856687873928,maximum per-frequency clean unseen-angle holdout relative error at N256,0.0,independently refined symmetric closest-point set distance,continuation: physical recovery fail; checked stationarity False; retain hard-start failures.,"Carry verified field/material derivatives, training-only selection and explicit stationarity/recovery gates into strict work; these low-dimensional radial successes do not validate neural geometry feedback.",results/inverse/radial_fourier/shape_material/material_robustness/bounded-20260906/metrics.json; results/inverse/radial_fourier/shape_material/material_robustness/bounded-20260906/manifest.json,41420c2875d49f9ab8774f572c94b989d56fc309; inspect recorded dirty state/source hashes for exact measured code,/home/drdeng/miniconda3/envs/EMNerf/bin/python run_material_robustness_comparison.py --output results/material_robustness/bounded-20260906,preserve measured diagnostics; add strict-MLP counterpart after shape-only transfer is verified
material_robustness/bounded-20260906,material_robustness/bounded-20260906::circle_fixed_clean_full_band,results/material_robustness/bounded-20260906,results/inverse/radial_fourier/shape_material/material_robustness/bounded-20260906,2026-09-06T01:03:58.870075+00:00,2026-09-06,manifest.json:created_utc (recorded artifact timestamp; not necessarily start/end),radial_K2_shape_material_analytic,positive radial K2 shape chart plus one interior permittivity; fixed-shape arms vary material only,complete analytic Kress shape/material Jacobian; bounded TRF,circle_fixed_clean_full_band,none,"circle; radius 0.05 m center(0.5,0.5) epsr 3","[0.05,0.5,0.5,0.0,0.0,9.0]",KRESS N64; final N64/128/256 audits,independent Mie; robustness reuses historical immutable observations,12 paired Tx/Rx; 0.5/1.5 GHz; disjoint half-step-angle clean/noisy holdout,"clean training; clean holdout; exterior epsr 6; unknown interior epsr in[1.2,12]; lossless TMz",current_diagnostic,selected,physical_recovery_failed,not_applicable,verified_stationarity=False; policy=full_band,1.2467855639257237,1.246785563925727,maximum per-frequency clean unseen-angle holdout relative error at N256,0.0,independently refined symmetric closest-point set distance,full_band: physical recovery fail; checked stationarity False; retain hard-start failures.,"Carry verified field/material derivatives, training-only selection and explicit stationarity/recovery gates into strict work; these low-dimensional radial successes do not validate neural geometry feedback.",results/inverse/radial_fourier/shape_material/material_robustness/bounded-20260906/metrics.json; results/inverse/radial_fourier/shape_material/material_robustness/bounded-20260906/manifest.json,41420c2875d49f9ab8774f572c94b989d56fc309; inspect recorded dirty state/source hashes for exact measured code,/home/drdeng/miniconda3/envs/EMNerf/bin/python run_material_robustness_comparison.py --output results/material_robustness/bounded-20260906,preserve measured diagnostics; add strict-MLP counterpart after shape-only transfer is verified
material_robustness/bounded-20260906,material_robustness/bounded-20260906::circle_fixed_clean_multistart,results/material_robustness/bounded-20260906,results/inverse/radial_fourier/shape_material/material_robustness/bounded-20260906,2026-09-06T01:03:58.870075+00:00,2026-09-06,manifest.json:created_utc (recorded artifact timestamp; not necessarily start/end),radial_K2_shape_material_analytic,positive radial K2 shape chart plus one interior permittivity; fixed-shape arms vary material only,complete analytic Kress shape/material Jacobian; bounded TRF,circle_fixed_clean_multistart,none,"circle; radius 0.05 m center(0.5,0.5) epsr 3","[0.05,0.5,0.5,0.0,0.0,9.0]",KRESS N64; final N64/128/256 audits,independent Mie; robustness reuses historical immutable observations,12 paired Tx/Rx; 0.5/1.5 GHz; disjoint half-step-angle clean/noisy holdout,"clean training; clean holdout; exterior epsr 6; unknown interior epsr in[1.2,12]; lossless TMz",current_diagnostic,selected,physical_recovery_passed,not_applicable,verified_stationarity=True; policy=multistart,1.7246123365224657e-14,1.5331267003163558e-14,maximum per-frequency clean unseen-angle holdout relative error at N256,0.0,independently refined symmetric closest-point set distance,multistart: physical recovery pass; checked stationarity True; retain hard-start failures.,"Carry verified field/material derivatives, training-only selection and explicit stationarity/recovery gates into strict work; these low-dimensional radial successes do not validate neural geometry feedback.",results/inverse/radial_fourier/shape_material/material_robustness/bounded-20260906/metrics.json; results/inverse/radial_fourier/shape_material/material_robustness/bounded-20260906/manifest.json,41420c2875d49f9ab8774f572c94b989d56fc309; inspect recorded dirty state/source hashes for exact measured code,/home/drdeng/miniconda3/envs/EMNerf/bin/python run_material_robustness_comparison.py --output results/material_robustness/bounded-20260906,preserve measured diagnostics; add strict-MLP counterpart after shape-only transfer is verified
material_robustness/bounded-20260906,material_robustness/bounded-20260906::circle_joint_clean_continuation,results/material_robustness/bounded-20260906,results/inverse/radial_fourier/shape_material/material_robustness/bounded-20260906,2026-09-06T01:03:58.870075+00:00,2026-09-06,manifest.json:created_utc (recorded artifact timestamp; not necessarily start/end),radial_K2_shape_material_analytic,positive radial K2 shape chart plus one interior permittivity; fixed-shape arms vary material only,complete analytic Kress shape/material Jacobian; bounded TRF,circle_joint_clean_continuation,none,"circle; radius 0.05 m center(0.5,0.5) epsr 3","[0.043,0.505,0.495,-0.002,0.001,9.0]",KRESS N64; final N64/128/256 audits,independent Mie; robustness reuses historical immutable observations,12 paired Tx/Rx; 0.5/1.5 GHz; disjoint half-step-angle clean/noisy holdout,"clean training; clean holdout; exterior epsr 6; unknown interior epsr in[1.2,12]; lossless TMz",current_diagnostic,selected,physical_recovery_failed,not_applicable,verified_stationarity=False; policy=continuation,0.9214183187852835,0.9214183187844761,maximum per-frequency clean unseen-angle holdout relative error at N256,0.021740717879777927,independently refined symmetric closest-point set distance,continuation: physical recovery fail; checked stationarity False; retain hard-start failures.,"Carry verified field/material derivatives, training-only selection and explicit stationarity/recovery gates into strict work; these low-dimensional radial successes do not validate neural geometry feedback.",results/inverse/radial_fourier/shape_material/material_robustness/bounded-20260906/metrics.json; results/inverse/radial_fourier/shape_material/material_robustness/bounded-20260906/manifest.json,41420c2875d49f9ab8774f572c94b989d56fc309; inspect recorded dirty state/source hashes for exact measured code,/home/drdeng/miniconda3/envs/EMNerf/bin/python run_material_robustness_comparison.py --output results/material_robustness/bounded-20260906,preserve measured diagnostics; add strict-MLP counterpart after shape-only transfer is verified
material_robustness/bounded-20260906,material_robustness/bounded-20260906::circle_joint_clean_full_band,results/material_robustness/bounded-20260906,results/inverse/radial_fourier/shape_material/material_robustness/bounded-20260906,2026-09-06T01:03:58.870075+00:00,2026-09-06,manifest.json:created_utc (recorded artifact timestamp; not necessarily start/end),radial_K2_shape_material_analytic,positive radial K2 shape chart plus one interior permittivity; fixed-shape arms vary material only,complete analytic Kress shape/material Jacobian; bounded TRF,circle_joint_clean_full_band,none,"circle; radius 0.05 m center(0.5,0.5) epsr 3","[0.043,0.505,0.495,-0.002,0.001,9.0]",KRESS N64; final N64/128/256 audits,independent Mie; robustness reuses historical immutable observations,12 paired Tx/Rx; 0.5/1.5 GHz; disjoint half-step-angle clean/noisy holdout,"clean training; clean holdout; exterior epsr 6; unknown interior epsr in[1.2,12]; lossless TMz",current_diagnostic,selected,physical_recovery_failed,not_applicable,verified_stationarity=False; policy=full_band,0.8495298855068445,0.8495300940093323,maximum per-frequency clean unseen-angle holdout relative error at N256,0.041439059847842255,independently refined symmetric closest-point set distance,full_band: physical recovery fail; checked stationarity False; retain hard-start failures.,"Carry verified field/material derivatives, training-only selection and explicit stationarity/recovery gates into strict work; these low-dimensional radial successes do not validate neural geometry feedback.",results/inverse/radial_fourier/shape_material/material_robustness/bounded-20260906/metrics.json; results/inverse/radial_fourier/shape_material/material_robustness/bounded-20260906/manifest.json,41420c2875d49f9ab8774f572c94b989d56fc309; inspect recorded dirty state/source hashes for exact measured code,/home/drdeng/miniconda3/envs/EMNerf/bin/python run_material_robustness_comparison.py --output results/material_robustness/bounded-20260906,preserve measured diagnostics; add strict-MLP counterpart after shape-only transfer is verified
material_robustness/bounded-20260906,material_robustness/bounded-20260906::circle_joint_clean_multistart,results/material_robustness/bounded-20260906,results/inverse/radial_fourier/shape_material/material_robustness/bounded-20260906,2026-09-06T01:03:58.870075+00:00,2026-09-06,manifest.json:created_utc (recorded artifact timestamp; not necessarily start/end),radial_K2_shape_material_analytic,positive radial K2 shape chart plus one interior permittivity; fixed-shape arms vary material only,complete analytic Kress shape/material Jacobian; bounded TRF,circle_joint_clean_multistart,none,"circle; radius 0.05 m center(0.5,0.5) epsr 3","[0.043,0.505,0.495,-0.002,0.001,9.0]",KRESS N64; final N64/128/256 audits,independent Mie; robustness reuses historical immutable observations,12 paired Tx/Rx; 0.5/1.5 GHz; disjoint half-step-angle clean/noisy holdout,"clean training; clean holdout; exterior epsr 6; unknown interior epsr in[1.2,12]; lossless TMz",current_diagnostic,selected,physical_recovery_passed,not_applicable,verified_stationarity=True; policy=multistart,1.6909714212130082e-14,1.7796891559317104e-14,maximum per-frequency clean unseen-angle holdout relative error at N256,1.2412670766236366e-16,independently refined symmetric closest-point set distance,multistart: physical recovery pass; checked stationarity True; retain hard-start failures.,"Carry verified field/material derivatives, training-only selection and explicit stationarity/recovery gates into strict work; these low-dimensional radial successes do not validate neural geometry feedback.",results/inverse/radial_fourier/shape_material/material_robustness/bounded-20260906/metrics.json; results/inverse/radial_fourier/shape_material/material_robustness/bounded-20260906/manifest.json,41420c2875d49f9ab8774f572c94b989d56fc309; inspect recorded dirty state/source hashes for exact measured code,/home/drdeng/miniconda3/envs/EMNerf/bin/python run_material_robustness_comparison.py --output results/material_robustness/bounded-20260906,preserve measured diagnostics; add strict-MLP counterpart after shape-only transfer is verified
material_robustness/bounded-20260906,material_robustness/bounded-20260906::circle_joint_noisy_continuation,results/material_robustness/bounded-20260906,results/inverse/radial_fourier/shape_material/material_robustness/bounded-20260906,2026-09-06T01:03:58.870075+00:00,2026-09-06,manifest.json:created_utc (recorded artifact timestamp; not necessarily start/end),radial_K2_shape_material_analytic,positive radial K2 shape chart plus one interior permittivity; fixed-shape arms vary material only,complete analytic Kress shape/material Jacobian; bounded TRF,circle_joint_noisy_continuation,none,"circle; radius 0.05 m center(0.5,0.5) epsr 3","[0.043,0.505,0.495,-0.002,0.001,9.0]",KRESS N64; final N64/128/256 audits,independent Mie; robustness reuses historical immutable observations,12 paired Tx/Rx; 0.5/1.5 GHz; disjoint half-step-angle clean/noisy holdout,"1% seeded complex Gaussian training noise; clean and noisy holdout; exterior epsr 6; unknown interior epsr in[1.2,12]; lossless TMz",current_diagnostic,selected,physical_recovery_failed,not_applicable,verified_stationarity=False; policy=continuation,0.9209631083091534,0.921309649116671,maximum per-frequency clean unseen-angle holdout relative error at N256,0.021771163323597117,independently refined symmetric closest-point set distance,continuation: physical recovery fail; checked stationarity False; retain hard-start failures.,"Carry verified field/material derivatives, training-only selection and explicit stationarity/recovery gates into strict work; these low-dimensional radial successes do not validate neural geometry feedback.",results/inverse/radial_fourier/shape_material/material_robustness/bounded-20260906/metrics.json; results/inverse/radial_fourier/shape_material/material_robustness/bounded-20260906/manifest.json,41420c2875d49f9ab8774f572c94b989d56fc309; inspect recorded dirty state/source hashes for exact measured code,/home/drdeng/miniconda3/envs/EMNerf/bin/python run_material_robustness_comparison.py --output results/material_robustness/bounded-20260906,preserve measured diagnostics; add strict-MLP counterpart after shape-only transfer is verified
material_robustness/bounded-20260906,material_robustness/bounded-20260906::circle_joint_noisy_full_band,results/material_robustness/bounded-20260906,results/inverse/radial_fourier/shape_material/material_robustness/bounded-20260906,2026-09-06T01:03:58.870075+00:00,2026-09-06,manifest.json:created_utc (recorded artifact timestamp; not necessarily start/end),radial_K2_shape_material_analytic,positive radial K2 shape chart plus one interior permittivity; fixed-shape arms vary material only,complete analytic Kress shape/material Jacobian; bounded TRF,circle_joint_noisy_full_band,none,"circle; radius 0.05 m center(0.5,0.5) epsr 3","[0.043,0.505,0.495,-0.002,0.001,9.0]",KRESS N64; final N64/128/256 audits,independent Mie; robustness reuses historical immutable observations,12 paired Tx/Rx; 0.5/1.5 GHz; disjoint half-step-angle clean/noisy holdout,"1% seeded complex Gaussian training noise; clean and noisy holdout; exterior epsr 6; unknown interior epsr in[1.2,12]; lossless TMz",current_diagnostic,selected,physical_recovery_failed,not_applicable,verified_stationarity=False; policy=full_band,0.848397336991987,0.8475244971199317,maximum per-frequency clean unseen-angle holdout relative error at N256,0.041492802902126556,independently refined symmetric closest-point set distance,full_band: physical recovery fail; checked stationarity False; retain hard-start failures.,"Carry verified field/material derivatives, training-only selection and explicit stationarity/recovery gates into strict work; these low-dimensional radial successes do not validate neural geometry feedback.",results/inverse/radial_fourier/shape_material/material_robustness/bounded-20260906/metrics.json; results/inverse/radial_fourier/shape_material/material_robustness/bounded-20260906/manifest.json,41420c2875d49f9ab8774f572c94b989d56fc309; inspect recorded dirty state/source hashes for exact measured code,/home/drdeng/miniconda3/envs/EMNerf/bin/python run_material_robustness_comparison.py --output results/material_robustness/bounded-20260906,preserve measured diagnostics; add strict-MLP counterpart after shape-only transfer is verified
material_robustness/bounded-20260906,material_robustness/bounded-20260906::circle_joint_noisy_multistart,results/material_robustness/bounded-20260906,results/inverse/radial_fourier/shape_material/material_robustness/bounded-20260906,2026-09-06T01:03:58.870075+00:00,2026-09-06,manifest.json:created_utc (recorded artifact timestamp; not necessarily start/end),radial_K2_shape_material_analytic,positive radial K2 shape chart plus one interior permittivity; fixed-shape arms vary material only,complete analytic Kress shape/material Jacobian; bounded TRF,circle_joint_noisy_multistart,none,"circle; radius 0.05 m center(0.5,0.5) epsr 3","[0.043,0.505,0.495,-0.002,0.001,9.0]",KRESS N64; final N64/128/256 audits,independent Mie; robustness reuses historical immutable observations,12 paired Tx/Rx; 0.5/1.5 GHz; disjoint half-step-angle clean/noisy holdout,"1% seeded complex Gaussian training noise; clean and noisy holdout; exterior epsr 6; unknown interior epsr in[1.2,12]; lossless TMz",current_diagnostic,selected,physical_recovery_passed,not_applicable,verified_stationarity=True; policy=multistart,0.009474724563938417,0.0034875962591106274,maximum per-frequency clean unseen-angle holdout relative error at N256,6.489308952677983e-05,independently refined symmetric closest-point set distance,multistart: physical recovery pass; checked stationarity True; retain hard-start failures.,"Carry verified field/material derivatives, training-only selection and explicit stationarity/recovery gates into strict work; these low-dimensional radial successes do not validate neural geometry feedback.",results/inverse/radial_fourier/shape_material/material_robustness/bounded-20260906/metrics.json; results/inverse/radial_fourier/shape_material/material_robustness/bounded-20260906/manifest.json,41420c2875d49f9ab8774f572c94b989d56fc309; inspect recorded dirty state/source hashes for exact measured code,/home/drdeng/miniconda3/envs/EMNerf/bin/python run_material_robustness_comparison.py --output results/material_robustness/bounded-20260906,preserve measured diagnostics; add strict-MLP counterpart after shape-only transfer is verified
material_robustness/bounded-20260906,material_robustness/bounded-20260906::noncircular_joint_clean_continuation,results/material_robustness/bounded-20260906,results/inverse/radial_fourier/shape_material/material_robustness/bounded-20260906,2026-09-06T01:03:58.870075+00:00,2026-09-06,manifest.json:created_utc (recorded artifact timestamp; not necessarily start/end),radial_K2_shape_material_analytic,positive radial K2 shape chart plus one interior permittivity; fixed-shape arms vary material only,complete analytic Kress shape/material Jacobian; bounded TRF,noncircular_joint_clean_continuation,none,noncircular; independent radial K2 noncircle epsr 8.4,"[0.043,0.505,0.495,-0.002,0.001,9.0]",KRESS N64; final N64/128/256 audits,independent refined Nyström,12 paired Tx/Rx; 0.5/1.5 GHz; disjoint half-step-angle clean/noisy holdout,"clean training; clean holdout; exterior epsr 6; unknown interior epsr in[1.2,12]; lossless TMz",current_diagnostic,selected,physical_recovery_passed,not_applicable,verified_stationarity=True; policy=continuation,2.294970212730519e-11,2.297101593111322e-11,maximum per-frequency clean unseen-angle holdout relative error at N256,3.31578194440582e-14,independently refined symmetric closest-point set distance,continuation: physical recovery pass; checked stationarity True; retain hard-start failures.,"Carry verified field/material derivatives, training-only selection and explicit stationarity/recovery gates into strict work; these low-dimensional radial successes do not validate neural geometry feedback.",results/inverse/radial_fourier/shape_material/material_robustness/bounded-20260906/metrics.json; results/inverse/radial_fourier/shape_material/material_robustness/bounded-20260906/manifest.json,41420c2875d49f9ab8774f572c94b989d56fc309; inspect recorded dirty state/source hashes for exact measured code,/home/drdeng/miniconda3/envs/EMNerf/bin/python run_material_robustness_comparison.py --output results/material_robustness/bounded-20260906,preserve measured diagnostics; add strict-MLP counterpart after shape-only transfer is verified
material_robustness/bounded-20260906,material_robustness/bounded-20260906::noncircular_joint_clean_full_band,results/material_robustness/bounded-20260906,results/inverse/radial_fourier/shape_material/material_robustness/bounded-20260906,2026-09-06T01:03:58.870075+00:00,2026-09-06,manifest.json:created_utc (recorded artifact timestamp; not necessarily start/end),radial_K2_shape_material_analytic,positive radial K2 shape chart plus one interior permittivity; fixed-shape arms vary material only,complete analytic Kress shape/material Jacobian; bounded TRF,noncircular_joint_clean_full_band,none,noncircular; independent radial K2 noncircle epsr 8.4,"[0.043,0.505,0.495,-0.002,0.001,9.0]",KRESS N64; final N64/128/256 audits,independent refined Nyström,12 paired Tx/Rx; 0.5/1.5 GHz; disjoint half-step-angle clean/noisy holdout,"clean training; clean holdout; exterior epsr 6; unknown interior epsr in[1.2,12]; lossless TMz",current_diagnostic,selected,physical_recovery_failed,not_applicable,verified_stationarity=False; policy=full_band,0.5238558242703522,0.5234945177986773,maximum per-frequency clean unseen-angle holdout relative error at N256,0.01675779690739135,independently refined symmetric closest-point set distance,full_band: physical recovery fail; checked stationarity False; retain hard-start failures.,"Carry verified field/material derivatives, training-only selection and explicit stationarity/recovery gates into strict work; these low-dimensional radial successes do not validate neural geometry feedback.",results/inverse/radial_fourier/shape_material/material_robustness/bounded-20260906/metrics.json; results/inverse/radial_fourier/shape_material/material_robustness/bounded-20260906/manifest.json,41420c2875d49f9ab8774f572c94b989d56fc309; inspect recorded dirty state/source hashes for exact measured code,/home/drdeng/miniconda3/envs/EMNerf/bin/python run_material_robustness_comparison.py --output results/material_robustness/bounded-20260906,preserve measured diagnostics; add strict-MLP counterpart after shape-only transfer is verified
material_robustness/bounded-20260906,material_robustness/bounded-20260906::noncircular_joint_clean_multistart,results/material_robustness/bounded-20260906,results/inverse/radial_fourier/shape_material/material_robustness/bounded-20260906,2026-09-06T01:03:58.870075+00:00,2026-09-06,manifest.json:created_utc (recorded artifact timestamp; not necessarily start/end),radial_K2_shape_material_analytic,positive radial K2 shape chart plus one interior permittivity; fixed-shape arms vary material only,complete analytic Kress shape/material Jacobian; bounded TRF,noncircular_joint_clean_multistart,none,noncircular; independent radial K2 noncircle epsr 8.4,"[0.043,0.505,0.495,-0.002,0.001,9.0]",KRESS N64; final N64/128/256 audits,independent refined Nyström,12 paired Tx/Rx; 0.5/1.5 GHz; disjoint half-step-angle clean/noisy holdout,"clean training; clean holdout; exterior epsr 6; unknown interior epsr in[1.2,12]; lossless TMz",current_diagnostic,selected,physical_recovery_passed,not_applicable,verified_stationarity=True; policy=multistart,2.17439633525844e-11,2.1626329578767545e-11,maximum per-frequency clean unseen-angle holdout relative error at N256,2.4133628613654646e-14,independently refined symmetric closest-point set distance,multistart: physical recovery pass; checked stationarity True; retain hard-start failures.,"Carry verified field/material derivatives, training-only selection and explicit stationarity/recovery gates into strict work; these low-dimensional radial successes do not validate neural geometry feedback.",results/inverse/radial_fourier/shape_material/material_robustness/bounded-20260906/metrics.json; results/inverse/radial_fourier/shape_material/material_robustness/bounded-20260906/manifest.json,41420c2875d49f9ab8774f572c94b989d56fc309; inspect recorded dirty state/source hashes for exact measured code,/home/drdeng/miniconda3/envs/EMNerf/bin/python run_material_robustness_comparison.py --output results/material_robustness/bounded-20260906,preserve measured diagnostics; add strict-MLP counterpart after shape-only transfer is verified
material_robustness/bounded-20260906,material_robustness/bounded-20260906::noncircular_joint_noisy_continuation,results/material_robustness/bounded-20260906,results/inverse/radial_fourier/shape_material/material_robustness/bounded-20260906,2026-09-06T01:03:58.870075+00:00,2026-09-06,manifest.json:created_utc (recorded artifact timestamp; not necessarily start/end),radial_K2_shape_material_analytic,positive radial K2 shape chart plus one interior permittivity; fixed-shape arms vary material only,complete analytic Kress shape/material Jacobian; bounded TRF,noncircular_joint_noisy_continuation,none,noncircular; independent radial K2 noncircle epsr 8.4,"[0.043,0.505,0.495,-0.002,0.001,9.0]",KRESS N64; final N64/128/256 audits,independent refined Nyström,12 paired Tx/Rx; 0.5/1.5 GHz; disjoint half-step-angle clean/noisy holdout,"1% seeded complex Gaussian training noise; clean and noisy holdout; exterior epsr 6; unknown interior epsr in[1.2,12]; lossless TMz",current_diagnostic,selected,physical_recovery_passed,not_applicable,verified_stationarity=True; policy=continuation,0.009235277710262137,0.006426834877572806,maximum per-frequency clean unseen-angle holdout relative error at N256,5.1051089878045175e-05,independently refined symmetric closest-point set distance,continuation: physical recovery pass; checked stationarity True; retain hard-start failures.,"Carry verified field/material derivatives, training-only selection and explicit stationarity/recovery gates into strict work; these low-dimensional radial successes do not validate neural geometry feedback.",results/inverse/radial_fourier/shape_material/material_robustness/bounded-20260906/metrics.json; results/inverse/radial_fourier/shape_material/material_robustness/bounded-20260906/manifest.json,41420c2875d49f9ab8774f572c94b989d56fc309; inspect recorded dirty state/source hashes for exact measured code,/home/drdeng/miniconda3/envs/EMNerf/bin/python run_material_robustness_comparison.py --output results/material_robustness/bounded-20260906,preserve measured diagnostics; add strict-MLP counterpart after shape-only transfer is verified
material_robustness/bounded-20260906,material_robustness/bounded-20260906::noncircular_joint_noisy_full_band,results/material_robustness/bounded-20260906,results/inverse/radial_fourier/shape_material/material_robustness/bounded-20260906,2026-09-06T01:03:58.870075+00:00,2026-09-06,manifest.json:created_utc (recorded artifact timestamp; not necessarily start/end),radial_K2_shape_material_analytic,positive radial K2 shape chart plus one interior permittivity; fixed-shape arms vary material only,complete analytic Kress shape/material Jacobian; bounded TRF,noncircular_joint_noisy_full_band,none,noncircular; independent radial K2 noncircle epsr 8.4,"[0.043,0.505,0.495,-0.002,0.001,9.0]",KRESS N64; final N64/128/256 audits,independent refined Nyström,12 paired Tx/Rx; 0.5/1.5 GHz; disjoint half-step-angle clean/noisy holdout,"1% seeded complex Gaussian training noise; clean and noisy holdout; exterior epsr 6; unknown interior epsr in[1.2,12]; lossless TMz",current_diagnostic,selected,physical_recovery_failed,not_applicable,verified_stationarity=False; policy=full_band,0.525543771755577,0.5234820144664678,maximum per-frequency clean unseen-angle holdout relative error at N256,0.01677680221568902,independently refined symmetric closest-point set distance,full_band: physical recovery fail; checked stationarity False; retain hard-start failures.,"Carry verified field/material derivatives, training-only selection and explicit stationarity/recovery gates into strict work; these low-dimensional radial successes do not validate neural geometry feedback.",results/inverse/radial_fourier/shape_material/material_robustness/bounded-20260906/metrics.json; results/inverse/radial_fourier/shape_material/material_robustness/bounded-20260906/manifest.json,41420c2875d49f9ab8774f572c94b989d56fc309; inspect recorded dirty state/source hashes for exact measured code,/home/drdeng/miniconda3/envs/EMNerf/bin/python run_material_robustness_comparison.py --output results/material_robustness/bounded-20260906,preserve measured diagnostics; add strict-MLP counterpart after shape-only transfer is verified
material_robustness/bounded-20260906,material_robustness/bounded-20260906::noncircular_joint_noisy_multistart,results/material_robustness/bounded-20260906,results/inverse/radial_fourier/shape_material/material_robustness/bounded-20260906,2026-09-06T01:03:58.870075+00:00,2026-09-06,manifest.json:created_utc (recorded artifact timestamp; not necessarily start/end),radial_K2_shape_material_analytic,positive radial K2 shape chart plus one interior permittivity; fixed-shape arms vary material only,complete analytic Kress shape/material Jacobian; bounded TRF,noncircular_joint_noisy_multistart,none,noncircular; independent radial K2 noncircle epsr 8.4,"[0.043,0.505,0.495,-0.002,0.001,9.0]",KRESS N64; final N64/128/256 audits,independent refined Nyström,12 paired Tx/Rx; 0.5/1.5 GHz; disjoint half-step-angle clean/noisy holdout,"1% seeded complex Gaussian training noise; clean and noisy holdout; exterior epsr 6; unknown interior epsr in[1.2,12]; lossless TMz",current_diagnostic,selected,physical_recovery_passed,not_applicable,verified_stationarity=True; policy=multistart,0.009235277725726397,0.006426834937693084,maximum per-frequency clean unseen-angle holdout relative error at N256,5.1051091188107646e-05,independently refined symmetric closest-point set distance,multistart: physical recovery pass; checked stationarity True; retain hard-start failures.,"Carry verified field/material derivatives, training-only selection and explicit stationarity/recovery gates into strict work; these low-dimensional radial successes do not validate neural geometry feedback.",results/inverse/radial_fourier/shape_material/material_robustness/bounded-20260906/metrics.json; results/inverse/radial_fourier/shape_material/material_robustness/bounded-20260906/manifest.json,41420c2875d49f9ab8774f572c94b989d56fc309; inspect recorded dirty state/source hashes for exact measured code,/home/drdeng/miniconda3/envs/EMNerf/bin/python run_material_robustness_comparison.py --output results/material_robustness/bounded-20260906,preserve measured diagnostics; add strict-MLP counterpart after shape-only transfer is verified
kress_shape_derivative/bounded-20260906,kress_shape_derivative/bounded-20260906::grouped,results/kress_shape_derivative/bounded-20260906,results/legacy/development/kress_shape_derivative/bounded-20260906,2026-09-05T23:54:37.422755+00:00,2026-09-05,metrics.json:created_utc (recorded artifact timestamp; not necessarily start/end),complete_discrete_kress_derivative,fixed-correspondence explicit periodic curve paths,analytic complete discrete geometry/material JVP + adjoint; FD/oracle audit; no inverse,grouped,none,circle/ellipse/star/zero_contrast; grouped 96 case/node/direction records,not_applicable; forward/frozen-input study,KRESS,,,,superseded,completed,not_applicable,not_applicable,,,,,,,81/96 old-scale checks pass; zero-contrast absolute error scale was inappropriate.,Use corrected derivative checks; retain failed audit as development history.,results/legacy/development/kress_shape_derivative/bounded-20260906/metrics.json,41420c2875d49f9ab8774f572c94b989d56fc309; inspect recorded dirty state/source hashes for exact measured code,/home/drdeng/miniconda3/envs/EMNerf/bin/python /home/drdeng/Neural_SDF_BEM_AD/run_kress_shape_derivative_validation.py --output-dir results/kress_shape_derivative/bounded-20260906,preserve development; refined-audits replacement already exists
sdf_representation_ablation/short-20260905,sdf_representation_ablation/short-20260905::curve_only,results/sdf_representation_ablation/short-20260905,results/legacy/development/representation_policy/short-20260905,2026-09-05T14:38:46.273721+00:00,2026-09-05,metrics.json:created_utc (recorded artifact timestamp; not necessarily start/end),radial_fourier_fd_representation_policy,gauge-fixed radial Fourier coefficients,direct-curve finite differences; damped Gauss-Newton with frequency continuation,curve_only,curve_only: no neural calls during reconstruction; no SDF delivery requested,circle short contract profile,wrong ellipse projected once into canonical radial state,KRESS,gpr_bem_ref analytic penetrable-cylinder Mie series,8 ring pairs; frequencies/stages in metrics.json; immutable common.npz,noise=none; exterior epsr=6.0; interior epsr=3.0; lossless nonmagnetic TMz,superseded,completed,maximum_iterations,not_requested,not_requested; reconstruction=maximum_iterations,1.0979858059134684,0.960409947836528,canonical aggregate held-out relative L2; MLP response stored separately,0.04159443470653415,canonical sampled boundary-to-target maximum,Superseded: final export used 1.5 mm step-safety cap instead of 0.2 mm delivery gate.,Separate canonical recovery from MLP delivery and measure re-distance cost; legacy_strict here does not restore MLP-owned Method-B feedback.,results/legacy/development/representation_policy/short-20260905/metrics.json,41420c2875d49f9ab8774f572c94b989d56fc309; inspect recorded dirty state/source hashes for exact measured code,/home/drdeng/miniconda3/envs/EMNerf/bin/python /home/drdeng/Neural_SDF_BEM_AD/run_sdf_representation_ablation.py --profile short --output-dir results/sdf_representation_ablation/short-20260905,preserve; short-final already supersedes wrong final gate
sdf_representation_ablation/short-20260905,sdf_representation_ablation/short-20260905::export_only,results/sdf_representation_ablation/short-20260905,results/legacy/development/representation_policy/short-20260905,2026-09-05T14:38:46.273721+00:00,2026-09-05,metrics.json:created_utc (recorded artifact timestamp; not necessarily start/end),radial_fourier_fd_representation_policy,gauge-fixed radial Fourier coefficients,direct-curve finite differences; damped Gauss-Newton with frequency continuation,export_only,export_only: no neural calls during reconstruction; fit/audit MLP once after reconstruction,circle short contract profile,wrong ellipse projected once into canonical radial state,KRESS,gpr_bem_ref analytic penetrable-cylinder Mie series,8 ring pairs; frequencies/stages in metrics.json; immutable common.npz,noise=none; exterior epsr=6.0; interior epsr=3.0; lossless nonmagnetic TMz,superseded,completed,maximum_iterations,invalid_historical_pass_wrong_final_gate,smooth_curve_distance_topology_drift_and_eikonal_tolerances; reconstruction=maximum_iterations,1.0979858059134684,0.960409947836528,canonical aggregate held-out relative L2; MLP response stored separately,0.04159443470653415,canonical sampled boundary-to-target maximum,Superseded: final export used 1.5 mm step-safety cap instead of 0.2 mm delivery gate.,Separate canonical recovery from MLP delivery and measure re-distance cost; legacy_strict here does not restore MLP-owned Method-B feedback.,results/legacy/development/representation_policy/short-20260905/metrics.json,41420c2875d49f9ab8774f572c94b989d56fc309; inspect recorded dirty state/source hashes for exact measured code,/home/drdeng/miniconda3/envs/EMNerf/bin/python /home/drdeng/Neural_SDF_BEM_AD/run_sdf_representation_ablation.py --profile short --output-dir results/sdf_representation_ablation/short-20260905,preserve; short-final already supersedes wrong final gate
sdf_representation_ablation/short-20260905,sdf_representation_ablation/short-20260905::legacy_strict,results/sdf_representation_ablation/short-20260905,results/legacy/development/representation_policy/short-20260905,2026-09-05T14:38:46.273721+00:00,2026-09-05,metrics.json:created_utc (recorded artifact timestamp; not necessarily start/end),radial_fourier_fd_representation_policy,gauge-fixed radial Fourier coefficients,direct-curve finite differences; damped Gauss-Newton with frequency continuation,legacy_strict,legacy_strict: MLP synchronization gates radial curve updates; MLP is not authoritative geometry,circle short contract profile,wrong ellipse projected once into canonical radial state,KRESS,gpr_bem_ref analytic penetrable-cylinder Mie series,8 ring pairs; frequencies/stages in metrics.json; immutable common.npz,noise=none; exterior epsr=6.0; interior epsr=3.0; lossless nonmagnetic TMz,superseded,completed,maximum_iterations,failed,legacy_representation_tolerances_not_met; reconstruction=maximum_iterations,1.0979858059134684,0.960409947836528,canonical aggregate held-out relative L2; MLP response stored separately,0.04159443470653415,canonical sampled boundary-to-target maximum,Superseded: final export used 1.5 mm step-safety cap instead of 0.2 mm delivery gate.,Separate canonical recovery from MLP delivery and measure re-distance cost; legacy_strict here does not restore MLP-owned Method-B feedback.,results/legacy/development/representation_policy/short-20260905/metrics.json,41420c2875d49f9ab8774f572c94b989d56fc309; inspect recorded dirty state/source hashes for exact measured code,/home/drdeng/miniconda3/envs/EMNerf/bin/python /home/drdeng/Neural_SDF_BEM_AD/run_sdf_representation_ablation.py --profile short --output-dir results/sdf_representation_ablation/short-20260905,preserve; short-final already supersedes wrong final gate
smooth_distance_supervision/task-b-circle-star-v2-20260905,smooth_distance_supervision/task-b-circle-star-v2-20260905::circle::legacy_polygon,results/smooth_distance_supervision/task-b-circle-star-v2-20260905,results/legacy/development/smooth_distance_supervision/task-b-circle-star-v2-20260905,,2026-09-05,inferred from original bundle label; UTC run timestamp not recorded,frozen_curve_mlp_distance_supervision,frozen exact circle/star reference; fitted MLP extracted through Method B for audit,neural training against distance/Eikonal targets; no data inverse,circle::legacy_polygon,legacy_polygon,circle; frozen 65 mm circle or five-lobe star amplitude 0.2 rotation 0.15,same seeded two-layer width 32 MLP and 32-node training polygon; 600 steps,KRESS (audit only),circle Mie check; refined exact-curve Kress star (same solver family),6 paired Tx/Rx; 0.6/0.9 GHz; complex source 1+0.2i,no added noise; epsr exterior/interior 6/3; lossless nonmagnetic TMz,superseded,trained,not_applicable,failed_redistance_stopping_gate,maximum_steps,,,frozen extracted MLP curve vs canonical scattered-field response; not holdout inverse error,0.00023343856408960408,refined symmetric set drift from canonical curve,600-step fit: independent distance RMS 0.0001929 m; finest extracted field error 0.01568; strict redistance gate failed.,Use continuous-distance labels and independently refined Method-B extraction audits; smooth labels alone do not make star SDF delivery pass.,results/legacy/development/smooth_distance_supervision/task-b-circle-star-v2-20260905/summary.json,41420c2875d49f9ab8774f572c94b989d56fc309; inspect recorded dirty state/source hashes for exact measured code,/home/drdeng/miniconda3/envs/EMNerf/bin/python run_smooth_distance_supervision_comparison.py --output-dir results/smooth_distance_supervision/task-b-circle-star-v2-20260905 --steps 600,preserve development; refined replacement already exists
smooth_distance_supervision/task-b-circle-star-v2-20260905,smooth_distance_supervision/task-b-circle-star-v2-20260905::circle::smooth_curve,results/smooth_distance_supervision/task-b-circle-star-v2-20260905,results/legacy/development/smooth_distance_supervision/task-b-circle-star-v2-20260905,,2026-09-05,inferred from original bundle label; UTC run timestamp not recorded,frozen_curve_mlp_distance_supervision,frozen exact circle/star reference; fitted MLP extracted through Method B for audit,neural training against distance/Eikonal targets; no data inverse,circle::smooth_curve,smooth_curve,circle; frozen 65 mm circle or five-lobe star amplitude 0.2 rotation 0.15,same seeded two-layer width 32 MLP and 32-node training polygon; 600 steps,KRESS (audit only),circle Mie check; refined exact-curve Kress star (same solver family),6 paired Tx/Rx; 0.6/0.9 GHz; complex source 1+0.2i,no added noise; epsr exterior/interior 6/3; lossless nonmagnetic TMz,superseded,trained,not_applicable,failed_redistance_stopping_gate,maximum_steps,,,frozen extracted MLP curve vs canonical scattered-field response; not holdout inverse error,3.8453786511494136e-05,refined symmetric set drift from canonical curve,600-step fit: independent distance RMS 0.0001044 m; finest extracted field error 0.0001417; strict redistance gate failed.,Use continuous-distance labels and independently refined Method-B extraction audits; smooth labels alone do not make star SDF delivery pass.,results/legacy/development/smooth_distance_supervision/task-b-circle-star-v2-20260905/summary.json,41420c2875d49f9ab8774f572c94b989d56fc309; inspect recorded dirty state/source hashes for exact measured code,/home/drdeng/miniconda3/envs/EMNerf/bin/python run_smooth_distance_supervision_comparison.py --output-dir results/smooth_distance_supervision/task-b-circle-star-v2-20260905 --steps 600,preserve development; refined replacement already exists
smooth_distance_supervision/task-b-circle-star-v2-20260905,smooth_distance_supervision/task-b-circle-star-v2-20260905::star::legacy_polygon,results/smooth_distance_supervision/task-b-circle-star-v2-20260905,results/legacy/development/smooth_distance_supervision/task-b-circle-star-v2-20260905,,2026-09-05,inferred from original bundle label; UTC run timestamp not recorded,frozen_curve_mlp_distance_supervision,frozen exact circle/star reference; fitted MLP extracted through Method B for audit,neural training against distance/Eikonal targets; no data inverse,star::legacy_polygon,legacy_polygon,star; frozen 65 mm circle or five-lobe star amplitude 0.2 rotation 0.15,same seeded two-layer width 32 MLP and 32-node training polygon; 600 steps,KRESS (audit only),circle Mie check; refined exact-curve Kress star (same solver family),6 paired Tx/Rx; 0.6/0.9 GHz; complex source 1+0.2i,no added noise; epsr exterior/interior 6/3; lossless nonmagnetic TMz,superseded,trained,not_applicable,failed_redistance_stopping_gate,maximum_steps,,,frozen extracted MLP curve vs canonical scattered-field response; not holdout inverse error,0.0016053584182923026,refined symmetric set drift from canonical curve,600-step fit: independent distance RMS 0.003542 m; finest extracted field error 0.05914; strict redistance gate failed.,Use continuous-distance labels and independently refined Method-B extraction audits; smooth labels alone do not make star SDF delivery pass.,results/legacy/development/smooth_distance_supervision/task-b-circle-star-v2-20260905/summary.json,41420c2875d49f9ab8774f572c94b989d56fc309; inspect recorded dirty state/source hashes for exact measured code,/home/drdeng/miniconda3/envs/EMNerf/bin/python run_smooth_distance_supervision_comparison.py --output-dir results/smooth_distance_supervision/task-b-circle-star-v2-20260905 --steps 600,preserve development; refined replacement already exists
smooth_distance_supervision/task-b-circle-star-v2-20260905,smooth_distance_supervision/task-b-circle-star-v2-20260905::star::smooth_curve,results/smooth_distance_supervision/task-b-circle-star-v2-20260905,results/legacy/development/smooth_distance_supervision/task-b-circle-star-v2-20260905,,2026-09-05,inferred from original bundle label; UTC run timestamp not recorded,frozen_curve_mlp_distance_supervision,frozen exact circle/star reference; fitted MLP extracted through Method B for audit,neural training against distance/Eikonal targets; no data inverse,star::smooth_curve,smooth_curve,star; frozen 65 mm circle or five-lobe star amplitude 0.2 rotation 0.15,same seeded two-layer width 32 MLP and 32-node training polygon; 600 steps,KRESS (audit only),circle Mie check; refined exact-curve Kress star (same solver family),6 paired Tx/Rx; 0.6/0.9 GHz; complex source 1+0.2i,no added noise; epsr exterior/interior 6/3; lossless nonmagnetic TMz,superseded,trained,not_applicable,failed_redistance_stopping_gate,maximum_steps,,,frozen extracted MLP curve vs canonical scattered-field response; not holdout inverse error,0.0005296705223762389,refined symmetric set drift from canonical curve,600-step fit: independent distance RMS 0.003596 m; finest extracted field error 0.003796; strict redistance gate failed.,Use continuous-distance labels and independently refined Method-B extraction audits; smooth labels alone do not make star SDF delivery pass.,results/legacy/development/smooth_distance_supervision/task-b-circle-star-v2-20260905/summary.json,41420c2875d49f9ab8774f572c94b989d56fc309; inspect recorded dirty state/source hashes for exact measured code,/home/drdeng/miniconda3/envs/EMNerf/bin/python run_smooth_distance_supervision_comparison.py --output-dir results/smooth_distance_supervision/task-b-circle-star-v2-20260905 --steps 600,preserve development; refined replacement already exists
inverse_solver_comparison/mlp-circle-to-circle-mie-20260903,inverse_solver_comparison/mlp-circle-to-circle-mie-20260903::kress,results/inverse_solver_comparison/mlp-circle-to-circle-mie-20260903,results/legacy/inverse/mlp_feedback/mlp-circle-to-circle-mie-20260903,2026-09-03T11:58:42.940626+00:00,2026-09-03,metrics.json:created_utc (recorded artifact timestamp; not necessarily start/end),mlp_owned_method_b_modal_fd,full tanh MLP; accepted re-distanced MLP zero set extracted through Method B,central finite differences of modal geometry probes; damped trust-region Gauss-Newton/line search,kress,MLP owns geometry; accepted modal candidate re-distanced and re-solved,circle; exact synthetic target,wrong circle; model seed=23,KRESS,gpr_bem_ref analytic penetrable-cylinder Mie series,"paired ring Tx/Rx; train GHz=[0.25, 0.5]; holdout GHz=[1.0, 1.5, 2.5]",noise=none (synthetic exact observations); exterior epsr=6; interior epsr=3; lossless nonmagnetic TMz,historical,completed,not_certified; progress_only,not_separately_qualified,no_decreasing_redistanced_step,0.00040171137808507515,0.04253398269390193,saved aggregate relative L2 across held-out frequencies/pairs; not maximum per-frequency,0.0006335295372439792,saved maximum sampled boundary-to-analytic-target distance,"Training progress was measured, but saved stopping does not certify reconstruction convergence.","Direct evidence for the pipeline to repair: isolate data-descent transfer, Method-B extraction error and MLP re-distance drift.",results/legacy/inverse/mlp_feedback/mlp-circle-to-circle-mie-20260903/metrics.json,41420c2875d49f9ab8774f572c94b989d56fc309; inspect recorded dirty state/source hashes for exact measured code,run_mlp_sdf_inverse_comparison.py --target circle --initial-shape circle --outer-iterations 60 --output-dir results/inverse_solver_comparison/mlp-circle-to-circle-mie-20260903 --overwrite --no-gate,priority fresh strict-MLP/Method-B reproduction after explicit code-path repairs; preserve this historical run
inverse_solver_comparison/mlp-circle-to-circle-mie-20260903,inverse_solver_comparison/mlp-circle-to-circle-mie-20260903::mod,results/inverse_solver_comparison/mlp-circle-to-circle-mie-20260903,results/legacy/inverse/mlp_feedback/mlp-circle-to-circle-mie-20260903,2026-09-03T11:58:42.940626+00:00,2026-09-03,metrics.json:created_utc (recorded artifact timestamp; not necessarily start/end),mlp_owned_method_b_modal_fd,full tanh MLP; accepted re-distanced MLP zero set extracted through Method B,central finite differences of modal geometry probes; damped trust-region Gauss-Newton/line search,mod,MLP owns geometry; accepted modal candidate re-distanced and re-solved,circle; exact synthetic target,wrong circle; model seed=23,MOD,gpr_bem_ref analytic penetrable-cylinder Mie series,"paired ring Tx/Rx; train GHz=[0.25, 0.5]; holdout GHz=[1.0, 1.5, 2.5]",noise=none (synthetic exact observations); exterior epsr=6; interior epsr=3; lossless nonmagnetic TMz,historical,completed,not_certified; progress_only,not_separately_qualified,no_decreasing_redistanced_step,0.0027181958606032584,0.08393875943514764,saved aggregate relative L2 across held-out frequencies/pairs; not maximum per-frequency,0.0006402652867845346,saved maximum sampled boundary-to-analytic-target distance,"Training progress was measured, but saved stopping does not certify reconstruction convergence.","Direct evidence for the pipeline to repair: isolate data-descent transfer, Method-B extraction error and MLP re-distance drift.",results/legacy/inverse/mlp_feedback/mlp-circle-to-circle-mie-20260903/metrics.json,41420c2875d49f9ab8774f572c94b989d56fc309; inspect recorded dirty state/source hashes for exact measured code,run_mlp_sdf_inverse_comparison.py --target circle --initial-shape circle --outer-iterations 60 --output-dir results/inverse_solver_comparison/mlp-circle-to-circle-mie-20260903 --overwrite --no-gate,priority fresh strict-MLP/Method-B reproduction after explicit code-path repairs; preserve this historical run
inverse_solver_comparison/mlp-ellipse-to-circle-mie-20260903,inverse_solver_comparison/mlp-ellipse-to-circle-mie-20260903::kress,results/inverse_solver_comparison/mlp-ellipse-to-circle-mie-20260903,results/legacy/inverse/mlp_feedback/mlp-ellipse-to-circle-mie-20260903,2026-09-03T12:17:12.779265+00:00,2026-09-03,metrics.json:created_utc (recorded artifact timestamp; not necessarily start/end),mlp_owned_method_b_modal_fd,full tanh MLP; accepted re-distanced MLP zero set extracted through Method B,central finite differences of modal geometry probes; damped trust-region Gauss-Newton/line search,kress,MLP owns geometry; accepted modal candidate re-distanced and re-solved,circle; exact synthetic target,wrong ellipse; model seed=23,KRESS,gpr_bem_ref analytic penetrable-cylinder Mie series,"paired ring Tx/Rx; train GHz=[0.25, 0.5]; holdout GHz=[1.0, 1.5, 2.5]",noise=none (synthetic exact observations); exterior epsr=6; interior epsr=3; lossless nonmagnetic TMz,historical,completed,not_certified; progress_only,not_separately_qualified,no_decreasing_redistanced_step,0.01456546712820845,0.49398849209367723,saved aggregate relative L2 across held-out frequencies/pairs; not maximum per-frequency,0.006049805200551858,saved maximum sampled boundary-to-analytic-target distance,"Training progress was measured, but saved stopping does not certify reconstruction convergence.","Direct evidence for the pipeline to repair: isolate data-descent transfer, Method-B extraction error and MLP re-distance drift.",results/legacy/inverse/mlp_feedback/mlp-ellipse-to-circle-mie-20260903/metrics.json,41420c2875d49f9ab8774f572c94b989d56fc309; inspect recorded dirty state/source hashes for exact measured code,run_mlp_sdf_inverse_comparison.py --target circle --initial-shape ellipse --outer-iterations 100 --output-dir results/inverse_solver_comparison/mlp-ellipse-to-circle-mie-20260903 --overwrite --no-gate,priority fresh strict-MLP/Method-B reproduction after explicit code-path repairs; preserve this historical run
inverse_solver_comparison/mlp-ellipse-to-circle-mie-20260903,inverse_solver_comparison/mlp-ellipse-to-circle-mie-20260903::mod,results/inverse_solver_comparison/mlp-ellipse-to-circle-mie-20260903,results/legacy/inverse/mlp_feedback/mlp-ellipse-to-circle-mie-20260903,2026-09-03T12:17:12.779265+00:00,2026-09-03,metrics.json:created_utc (recorded artifact timestamp; not necessarily start/end),mlp_owned_method_b_modal_fd,full tanh MLP; accepted re-distanced MLP zero set extracted through Method B,central finite differences of modal geometry probes; damped trust-region Gauss-Newton/line search,mod,MLP owns geometry; accepted modal candidate re-distanced and re-solved,circle; exact synthetic target,wrong ellipse; model seed=23,MOD,gpr_bem_ref analytic penetrable-cylinder Mie series,"paired ring Tx/Rx; train GHz=[0.25, 0.5]; holdout GHz=[1.0, 1.5, 2.5]",noise=none (synthetic exact observations); exterior epsr=6; interior epsr=3; lossless nonmagnetic TMz,historical,completed,not_certified; progress_only,not_separately_qualified,no_decreasing_redistanced_step,0.014441102658645117,0.5088844577418769,saved aggregate relative L2 across held-out frequencies/pairs; not maximum per-frequency,0.00615205308497023,saved maximum sampled boundary-to-analytic-target distance,"Training progress was measured, but saved stopping does not certify reconstruction convergence.","Direct evidence for the pipeline to repair: isolate data-descent transfer, Method-B extraction error and MLP re-distance drift.",results/legacy/inverse/mlp_feedback/mlp-ellipse-to-circle-mie-20260903/metrics.json,41420c2875d49f9ab8774f572c94b989d56fc309; inspect recorded dirty state/source hashes for exact measured code,run_mlp_sdf_inverse_comparison.py --target circle --initial-shape ellipse --outer-iterations 100 --output-dir results/inverse_solver_comparison/mlp-ellipse-to-circle-mie-20260903 --overwrite --no-gate,priority fresh strict-MLP/Method-B reproduction after explicit code-path repairs; preserve this historical run
inverse_solver_comparison/mlp-ellipse-to-circle-mode5-control-20260903,inverse_solver_comparison/mlp-ellipse-to-circle-mode5-control-20260903::kress,results/inverse_solver_comparison/mlp-ellipse-to-circle-mode5-control-20260903,results/legacy/inverse/mlp_feedback/mlp-ellipse-to-circle-mode5-control-20260903,2026-09-03T12:15:25.996450+00:00,2026-09-03,metrics.json:created_utc (recorded artifact timestamp; not necessarily start/end),mlp_owned_method_b_modal_fd,full tanh MLP; accepted re-distanced MLP zero set extracted through Method B,central finite differences of modal geometry probes; damped trust-region Gauss-Newton/line search,kress,MLP owns geometry; accepted modal candidate re-distanced and re-solved,circle; exact synthetic target,wrong ellipse; model seed=23,KRESS,gpr_bem_ref analytic penetrable-cylinder Mie series,"paired ring Tx/Rx; train GHz=[0.25, 0.5]; holdout GHz=[1.0, 1.5, 2.5]",noise=none (synthetic exact observations); exterior epsr=6; interior epsr=3; lossless nonmagnetic TMz,historical,completed,not_certified; progress_only,not_separately_qualified,maximum_iterations,0.015103570674797263,0.6503903085946658,saved aggregate relative L2 across held-out frequencies/pairs; not maximum per-frequency,0.015148182768937805,saved maximum sampled boundary-to-analytic-target distance,"Training progress was measured, but saved stopping does not certify reconstruction convergence.","Direct evidence for the pipeline to repair: isolate data-descent transfer, Method-B extraction error and MLP re-distance drift.",results/legacy/inverse/mlp_feedback/mlp-ellipse-to-circle-mode5-control-20260903/metrics.json,41420c2875d49f9ab8774f572c94b989d56fc309; inspect recorded dirty state/source hashes for exact measured code,run_mlp_sdf_inverse_comparison.py --target circle --initial-shape ellipse --maximum-mode 5 --outer-iterations 60 --output-dir /tmp/claude-1001/-home-drdeng-Neural-SDF-BEM-AD/ebf348c2-a7bb-4f19-85b1-7c38abb60612/scratchpad/control-e2c-mode5 --overwrite --no-gate,priority fresh strict-MLP/Method-B reproduction after explicit code-path repairs; preserve this historical run
inverse_solver_comparison/mlp-ellipse-to-circle-mode5-control-20260903,inverse_solver_comparison/mlp-ellipse-to-circle-mode5-control-20260903::mod,results/inverse_solver_comparison/mlp-ellipse-to-circle-mode5-control-20260903,results/legacy/inverse/mlp_feedback/mlp-ellipse-to-circle-mode5-control-20260903,2026-09-03T12:15:25.996450+00:00,2026-09-03,metrics.json:created_utc (recorded artifact timestamp; not necessarily start/end),mlp_owned_method_b_modal_fd,full tanh MLP; accepted re-distanced MLP zero set extracted through Method B,central finite differences of modal geometry probes; damped trust-region Gauss-Newton/line search,mod,MLP owns geometry; accepted modal candidate re-distanced and re-solved,circle; exact synthetic target,wrong ellipse; model seed=23,MOD,gpr_bem_ref analytic penetrable-cylinder Mie series,"paired ring Tx/Rx; train GHz=[0.25, 0.5]; holdout GHz=[1.0, 1.5, 2.5]",noise=none (synthetic exact observations); exterior epsr=6; interior epsr=3; lossless nonmagnetic TMz,historical,completed,not_certified; progress_only,not_separately_qualified,no_decreasing_redistanced_step,0.019869353977499025,0.7299914340095264,saved aggregate relative L2 across held-out frequencies/pairs; not maximum per-frequency,0.018531864749960755,saved maximum sampled boundary-to-analytic-target distance,"Training progress was measured, but saved stopping does not certify reconstruction convergence.","Direct evidence for the pipeline to repair: isolate data-descent transfer, Method-B extraction error and MLP re-distance drift.",results/legacy/inverse/mlp_feedback/mlp-ellipse-to-circle-mode5-control-20260903/metrics.json,41420c2875d49f9ab8774f572c94b989d56fc309; inspect recorded dirty state/source hashes for exact measured code,run_mlp_sdf_inverse_comparison.py --target circle --initial-shape ellipse --maximum-mode 5 --outer-iterations 60 --output-dir /tmp/claude-1001/-home-drdeng-Neural-SDF-BEM-AD/ebf348c2-a7bb-4f19-85b1-7c38abb60612/scratchpad/control-e2c-mode5 --overwrite --no-gate,priority fresh strict-MLP/Method-B reproduction after explicit code-path repairs; preserve this historical run
inverse_solver_comparison/mlp-ellipse-to-star-kress,inverse_solver_comparison/mlp-ellipse-to-star-kress::kress,results/inverse_solver_comparison/mlp-ellipse-to-star-kress,results/legacy/inverse/mlp_feedback/mlp-ellipse-to-star-kress,2026-09-03T09:27:27.286813+00:00,2026-09-03,metrics.json:created_utc (recorded artifact timestamp; not necessarily start/end),mlp_owned_method_b_modal_fd,full tanh MLP; accepted re-distanced MLP zero set extracted through Method B,central finite differences of modal geometry probes; damped trust-region Gauss-Newton/line search,kress,MLP owns geometry; accepted modal candidate re-distanced and re-solved,star; exact synthetic target,wrong ellipse; model seed=23,KRESS,nystrom_ref independent Nystrom/Muller solution of the exact star,"paired ring Tx/Rx; train GHz=[0.5, 1.5]; holdout GHz=[0.25, 1.0, 2.5]",noise=none (synthetic exact observations); exterior epsr=6; interior epsr=3; lossless nonmagnetic TMz,historical,completed,not_certified; progress_only,not_separately_qualified,maximum_iterations,0.9249257083965261,1.02371161242561,saved aggregate relative L2 across held-out frequencies/pairs; not maximum per-frequency,0.04213895314503615,saved maximum sampled boundary-to-analytic-target distance,"Training progress was measured, but saved stopping does not certify reconstruction convergence.","Direct evidence for the pipeline to repair: isolate data-descent transfer, Method-B extraction error and MLP re-distance drift.",results/legacy/inverse/mlp_feedback/mlp-ellipse-to-star-kress/metrics.json,41420c2875d49f9ab8774f572c94b989d56fc309; inspect recorded dirty state/source hashes for exact measured code,run_mlp_sdf_inverse_comparison.py --target star --initial-shape ellipse --solvers kress --output-dir results/inverse_solver_comparison/mlp-ellipse-to-star-kress,priority fresh strict-MLP/Method-B reproduction after explicit code-path repairs; preserve this historical run
inverse_solver_comparison/mlp-ellipse-to-star-nystrom-20260903,inverse_solver_comparison/mlp-ellipse-to-star-nystrom-20260903::kress,results/inverse_solver_comparison/mlp-ellipse-to-star-nystrom-20260903,results/legacy/inverse/mlp_feedback/mlp-ellipse-to-star-nystrom-20260903,2026-09-03T14:47:55.969934+00:00,2026-09-03,metrics.json:created_utc (recorded artifact timestamp; not necessarily start/end),mlp_owned_method_b_modal_fd,full tanh MLP; accepted re-distanced MLP zero set extracted through Method B,central finite differences of modal geometry probes; damped trust-region Gauss-Newton/line search,kress,MLP owns geometry; accepted modal candidate re-distanced and re-solved,star; exact synthetic target,wrong ellipse; model seed=23,KRESS,nystrom_ref independent Nystrom/Muller solution of the exact star,"paired ring Tx/Rx; train GHz=[0.5, 1.5]; holdout GHz=[0.25, 1.0, 2.5]",noise=none (synthetic exact observations); exterior epsr=6; interior epsr=3; lossless nonmagnetic TMz,historical,completed,not_certified; progress_only,not_separately_qualified,no_decreasing_redistanced_step,0.1327259816755762,0.3399534786585737,saved aggregate relative L2 across held-out frequencies/pairs; not maximum per-frequency,0.007368799695989637,saved maximum sampled boundary-to-analytic-target distance,"Training progress was measured, but saved stopping does not certify reconstruction convergence.","Direct evidence for the pipeline to repair: isolate data-descent transfer, Method-B extraction error and MLP re-distance drift.",results/legacy/inverse/mlp_feedback/mlp-ellipse-to-star-nystrom-20260903/metrics.json,41420c2875d49f9ab8774f572c94b989d56fc309; inspect recorded dirty state/source hashes for exact measured code,run_mlp_sdf_inverse_comparison.py --target star --initial-shape ellipse --outer-iterations 150 --output-dir results/inverse_solver_comparison/mlp-ellipse-to-star-nystrom-20260903 --overwrite --no-gate,priority fresh strict-MLP/Method-B reproduction after explicit code-path repairs; preserve this historical run
inverse_solver_comparison/mlp-ellipse-to-star-nystrom-20260903,inverse_solver_comparison/mlp-ellipse-to-star-nystrom-20260903::mod,results/inverse_solver_comparison/mlp-ellipse-to-star-nystrom-20260903,results/legacy/inverse/mlp_feedback/mlp-ellipse-to-star-nystrom-20260903,2026-09-03T14:47:55.969934+00:00,2026-09-03,metrics.json:created_utc (recorded artifact timestamp; not necessarily start/end),mlp_owned_method_b_modal_fd,full tanh MLP; accepted re-distanced MLP zero set extracted through Method B,central finite differences of modal geometry probes; damped trust-region Gauss-Newton/line search,mod,MLP owns geometry; accepted modal candidate re-distanced and re-solved,star; exact synthetic target,wrong ellipse; model seed=23,MOD,nystrom_ref independent Nystrom/Muller solution of the exact star,"paired ring Tx/Rx; train GHz=[0.5, 1.5]; holdout GHz=[0.25, 1.0, 2.5]",noise=none (synthetic exact observations); exterior epsr=6; interior epsr=3; lossless nonmagnetic TMz,historical,completed,not_certified; progress_only,not_separately_qualified,no_decreasing_redistanced_step,0.13466425641108015,0.34106339402293173,saved aggregate relative L2 across held-out frequencies/pairs; not maximum per-frequency,0.007200125295856693,saved maximum sampled boundary-to-analytic-target distance,"Training progress was measured, but saved stopping does not certify reconstruction convergence.","Direct evidence for the pipeline to repair: isolate data-descent transfer, Method-B extraction error and MLP re-distance drift.",results/legacy/inverse/mlp_feedback/mlp-ellipse-to-star-nystrom-20260903/metrics.json,41420c2875d49f9ab8774f572c94b989d56fc309; inspect recorded dirty state/source hashes for exact measured code,run_mlp_sdf_inverse_comparison.py --target star --initial-shape ellipse --outer-iterations 150 --output-dir results/inverse_solver_comparison/mlp-ellipse-to-star-nystrom-20260903 --overwrite --no-gate,priority fresh strict-MLP/Method-B reproduction after explicit code-path repairs; preserve this historical run
inverse_solver_comparison/mlp-fixed-ellipse-to-star-kress-20260903,inverse_solver_comparison/mlp-fixed-ellipse-to-star-kress-20260903::kress,results/inverse_solver_comparison/mlp-fixed-ellipse-to-star-kress-20260903,results/legacy/inverse/mlp_feedback/mlp-fixed-ellipse-to-star-kress-20260903,2026-09-03T13:39:17.062260+00:00,2026-09-03,metrics.json:created_utc (recorded artifact timestamp; not necessarily start/end),mlp_owned_method_b_modal_fd,full tanh MLP; accepted re-distanced MLP zero set extracted through Method B,central finite differences of modal geometry probes; damped trust-region Gauss-Newton/line search,kress,MLP owns geometry; accepted modal candidate re-distanced and re-solved,star; exact synthetic target,wrong ellipse; model seed=23,KRESS,nystrom_ref independent Nystrom/Muller solution of the exact star,"paired ring Tx/Rx; train GHz=[0.5, 1.5, 2.5]; holdout GHz=[0.25, 1.0]",noise=none (synthetic exact observations); exterior epsr=6; interior epsr=3; lossless nonmagnetic TMz,historical,completed,not_certified; progress_only,not_separately_qualified,spectral_tail_growth_limit,1.0386644724197474,1.0430770767412292,saved aggregate relative L2 across held-out frequencies/pairs; not maximum per-frequency,0.04667232692013471,saved maximum sampled boundary-to-analytic-target distance,"Training progress was measured, but saved stopping does not certify reconstruction convergence.","Direct evidence for the pipeline to repair: isolate data-descent transfer, Method-B extraction error and MLP re-distance drift.",results/legacy/inverse/mlp_feedback/mlp-fixed-ellipse-to-star-kress-20260903/metrics.json,41420c2875d49f9ab8774f572c94b989d56fc309; inspect recorded dirty state/source hashes for exact measured code,"run_mlp_sdf_inverse_comparison.py --target star --initial-shape ellipse --solvers kress --train-ghz 0.5,1.5,2.5 --holdout-ghz 0.25,1.0 --num-pairs 24 --maximum-mode 5 --outer-iterations 80 --redistance-steps 1200 --redistance-samples 2048 --output-dir results/inverse_solver_comparison/mlp-fixed-ellipse-to-star-kress-20260903 --overwrite",priority fresh strict-MLP/Method-B reproduction after explicit code-path repairs; preserve this historical run
inverse_solver_comparison/mlp-star-to-star-nystrom-20260903,inverse_solver_comparison/mlp-star-to-star-nystrom-20260903::kress,results/inverse_solver_comparison/mlp-star-to-star-nystrom-20260903,results/legacy/inverse/mlp_feedback/mlp-star-to-star-nystrom-20260903,2026-09-03T12:57:18.250894+00:00,2026-09-03,metrics.json:created_utc (recorded artifact timestamp; not necessarily start/end),mlp_owned_method_b_modal_fd,full tanh MLP; accepted re-distanced MLP zero set extracted through Method B,central finite differences of modal geometry probes; damped trust-region Gauss-Newton/line search,kress,MLP owns geometry; accepted modal candidate re-distanced and re-solved,star; exact synthetic target,wrong star; model seed=23,KRESS,nystrom_ref independent Nystrom/Muller solution of the exact star,"paired ring Tx/Rx; train GHz=[0.5, 1.5]; holdout GHz=[0.25, 1.0, 2.5]",noise=none (synthetic exact observations); exterior epsr=6; interior epsr=3; lossless nonmagnetic TMz,historical,completed,not_certified; progress_only,not_separately_qualified,no_decreasing_redistanced_step,0.04409492773878229,0.241890685550883,saved aggregate relative L2 across held-out frequencies/pairs; not maximum per-frequency,0.004854814077090647,saved maximum sampled boundary-to-analytic-target distance,"Training progress was measured, but saved stopping does not certify reconstruction convergence.","Direct evidence for the pipeline to repair: isolate data-descent transfer, Method-B extraction error and MLP re-distance drift.",results/legacy/inverse/mlp_feedback/mlp-star-to-star-nystrom-20260903/metrics.json,41420c2875d49f9ab8774f572c94b989d56fc309; inspect recorded dirty state/source hashes for exact measured code,run_mlp_sdf_inverse_comparison.py --target star --initial-shape star --outer-iterations 60 --output-dir results/inverse_solver_comparison/mlp-star-to-star-nystrom-20260903 --overwrite --no-gate,priority fresh strict-MLP/Method-B reproduction after explicit code-path repairs; preserve this historical run
inverse_solver_comparison/mlp-star-to-star-nystrom-20260903,inverse_solver_comparison/mlp-star-to-star-nystrom-20260903::mod,results/inverse_solver_comparison/mlp-star-to-star-nystrom-20260903,results/legacy/inverse/mlp_feedback/mlp-star-to-star-nystrom-20260903,2026-09-03T12:57:18.250894+00:00,2026-09-03,metrics.json:created_utc (recorded artifact timestamp; not necessarily start/end),mlp_owned_method_b_modal_fd,full tanh MLP; accepted re-distanced MLP zero set extracted through Method B,central finite differences of modal geometry probes; damped trust-region Gauss-Newton/line search,mod,MLP owns geometry; accepted modal candidate re-distanced and re-solved,star; exact synthetic target,wrong star; model seed=23,MOD,nystrom_ref independent Nystrom/Muller solution of the exact star,"paired ring Tx/Rx; train GHz=[0.5, 1.5]; holdout GHz=[0.25, 1.0, 2.5]",noise=none (synthetic exact observations); exterior epsr=6; interior epsr=3; lossless nonmagnetic TMz,historical,completed,not_certified; progress_only,not_separately_qualified,no_decreasing_redistanced_step,0.050542470574458064,0.257743903975304,saved aggregate relative L2 across held-out frequencies/pairs; not maximum per-frequency,0.004756986691836811,saved maximum sampled boundary-to-analytic-target distance,"Training progress was measured, but saved stopping does not certify reconstruction convergence.","Direct evidence for the pipeline to repair: isolate data-descent transfer, Method-B extraction error and MLP re-distance drift.",results/legacy/inverse/mlp_feedback/mlp-star-to-star-nystrom-20260903/metrics.json,41420c2875d49f9ab8774f572c94b989d56fc309; inspect recorded dirty state/source hashes for exact measured code,run_mlp_sdf_inverse_comparison.py --target star --initial-shape star --outer-iterations 60 --output-dir results/inverse_solver_comparison/mlp-star-to-star-nystrom-20260903 --overwrite --no-gate,priority fresh strict-MLP/Method-B reproduction after explicit code-path repairs; preserve this historical run
inverse_solver_comparison/mlp-arclength-k5-ellipse-to-star-kress-20260904,inverse_solver_comparison/mlp-arclength-k5-ellipse-to-star-kress-20260904::kress,results/inverse_solver_comparison/mlp-arclength-k5-ellipse-to-star-kress-20260904,results/legacy/inverse/normal_updates/mlp-arclength-k5-ellipse-to-star-kress-20260904,2026-09-04T09:19:10.270219+00:00,2026-09-04,metrics.json:created_utc (recorded artifact timestamp; not necessarily start/end),ordered_curve_normal_update_fd_mlp_audit,canonical ordered Cartesian curve; repeated local normal updates,central finite differences of modal geometry probes; damped trust-region Gauss-Newton/line search,kress,mandatory re-distance/audit; representation error excluded from next geometry Jacobian,star; exact synthetic target,wrong ellipse; model seed=23,KRESS,nystrom_ref independent Nystrom/Muller solution of the exact star,"paired ring Tx/Rx; train GHz=[0.5, 1.5]; holdout GHz=[0.25, 1.0, 2.5]",noise=none (synthetic exact observations); exterior epsr=6; interior epsr=3; lossless nonmagnetic TMz,historical,completed,not_certified; progress_only,not_separately_qualified,no_acceptable_mlp_distillation,0.44824644157429133,0.756839500174393,saved aggregate relative L2 across held-out frequencies/pairs; not maximum per-frequency,0.017324137988955362,saved maximum sampled boundary-to-analytic-target distance,Pre-radial bounded diagnostic did not recover the target; schedules and geometry safeguards differ by run.,Separate update-space/parameterization failures from MLP fit failures; local modal updates did not enforce a global radial bandwidth.,results/legacy/inverse/normal_updates/mlp-arclength-k5-ellipse-to-star-kress-20260904/metrics.json,41420c2875d49f9ab8774f572c94b989d56fc309; inspect recorded dirty state/source hashes for exact measured code,"run_mlp_sdf_inverse_comparison.py --target star --initial-shape ellipse --solvers kress --train-ghz 0.5,1.5 --holdout-ghz 0.25,1.0,2.5 --num-pairs 12 --maximum-mode 5 --outer-iterations 150 --redistance-steps 1200 --redistance-samples 2048 --maximum-modal-update-mm 2.0 --joint-full-band --maximum-redistance-drift-mm 1.5 --output-dir results/inverse_solver_comparison/mlp-arclength-k5-ellipse-to-star-kress-20260904 --overwrite",preserve historical failure; replace with matched strict-MLP/Method-B diagnostic after repairs
inverse_solver_comparison/mlp-canonical-ellipse-to-star-kress-20260903,inverse_solver_comparison/mlp-canonical-ellipse-to-star-kress-20260903::kress,results/inverse_solver_comparison/mlp-canonical-ellipse-to-star-kress-20260903,results/legacy/inverse/normal_updates/mlp-canonical-ellipse-to-star-kress-20260903,2026-09-03T15:28:29.261445+00:00,2026-09-03,metrics.json:created_utc (recorded artifact timestamp; not necessarily start/end),ordered_curve_normal_update_fd_mlp_audit,canonical ordered Cartesian curve; repeated local normal updates,central finite differences of modal geometry probes; damped trust-region Gauss-Newton/line search,kress,mandatory re-distance/audit; representation error excluded from next geometry Jacobian,star; exact synthetic target,wrong ellipse; model seed=23,KRESS,nystrom_ref independent Nystrom/Muller solution of the exact star,"paired ring Tx/Rx; train GHz=[0.5, 1.5, 2.5]; holdout GHz=[0.25, 1.0]",noise=none (synthetic exact observations); exterior epsr=6; interior epsr=3; lossless nonmagnetic TMz,historical,completed,not_certified; progress_only,not_separately_qualified,no_acceptable_mlp_distillation,1.031121444721982,0.9429558188848769,saved aggregate relative L2 across held-out frequencies/pairs; not maximum per-frequency,0.027834296664920478,saved maximum sampled boundary-to-analytic-target distance,Pre-radial bounded diagnostic did not recover the target; schedules and geometry safeguards differ by run.,Separate update-space/parameterization failures from MLP fit failures; local modal updates did not enforce a global radial bandwidth.,results/legacy/inverse/normal_updates/mlp-canonical-ellipse-to-star-kress-20260903/metrics.json,41420c2875d49f9ab8774f572c94b989d56fc309; inspect recorded dirty state/source hashes for exact measured code,"run_mlp_sdf_inverse_comparison.py --target star --initial-shape ellipse --solvers kress --train-ghz 0.5,1.5,2.5 --holdout-ghz 0.25,1.0 --num-pairs 24 --maximum-mode 5 --outer-iterations 80 --redistance-steps 1200 --redistance-samples 2048 --frequency-continuation --output-dir results/inverse_solver_comparison/mlp-canonical-ellipse-to-star-kress-20260903 --overwrite",preserve historical failure; replace with matched strict-MLP/Method-B diagnostic after repairs
inverse_solver_comparison/mlp-full-band-modes-ellipse-to-star-kress-20260903,inverse_solver_comparison/mlp-full-band-modes-ellipse-to-star-kress-20260903::kress,results/inverse_solver_comparison/mlp-full-band-modes-ellipse-to-star-kress-20260903,results/legacy/inverse/normal_updates/mlp-full-band-modes-ellipse-to-star-kress-20260903,2026-09-03T16:46:13.902526+00:00,2026-09-03,metrics.json:created_utc (recorded artifact timestamp; not necessarily start/end),ordered_curve_normal_update_fd_mlp_audit,canonical ordered Cartesian curve; repeated local normal updates,central finite differences of modal geometry probes; damped trust-region Gauss-Newton/line search,kress,mandatory re-distance/audit; representation error excluded from next geometry Jacobian,star; exact synthetic target,wrong ellipse; model seed=23,KRESS,nystrom_ref independent Nystrom/Muller solution of the exact star,"paired ring Tx/Rx; train GHz=[0.5, 1.5, 2.5]; holdout GHz=[0.25, 1.0]",noise=none (synthetic exact observations); exterior epsr=6; interior epsr=3; lossless nonmagnetic TMz,historical,completed,not_certified; progress_only,not_separately_qualified,no_decreasing_modal_step,0.9579880003926851,1.0751136648661446,saved aggregate relative L2 across held-out frequencies/pairs; not maximum per-frequency,0.04844240095310235,saved maximum sampled boundary-to-analytic-target distance,Pre-radial bounded diagnostic did not recover the target; schedules and geometry safeguards differ by run.,Separate update-space/parameterization failures from MLP fit failures; local modal updates did not enforce a global radial bandwidth.,results/legacy/inverse/normal_updates/mlp-full-band-modes-ellipse-to-star-kress-20260903/metrics.json,41420c2875d49f9ab8774f572c94b989d56fc309; inspect recorded dirty state/source hashes for exact measured code,"run_mlp_sdf_inverse_comparison.py --target star --initial-shape ellipse --solvers kress --train-ghz 0.5,1.5,2.5 --holdout-ghz 0.25,1.0 --num-pairs 24 --maximum-mode 5 --outer-iterations 80 --redistance-steps 1200 --redistance-samples 2048 --progressive-mode-continuation --maximum-redistance-drift-mm 1.5 --output-dir results/inverse_solver_comparison/mlp-full-band-modes-ellipse-to-star-kress-20260903 --overwrite",preserve historical failure; replace with matched strict-MLP/Method-B diagnostic after repairs
inverse_solver_comparison/mlp-joint-k6-ellipse-to-star-kress-20260903,inverse_solver_comparison/mlp-joint-k6-ellipse-to-star-kress-20260903::kress,results/inverse_solver_comparison/mlp-joint-k6-ellipse-to-star-kress-20260903,results/legacy/inverse/normal_updates/mlp-joint-k6-ellipse-to-star-kress-20260903,2026-09-04T08:40:11.808669+00:00,2026-09-04,metrics.json:created_utc (recorded artifact timestamp; not necessarily start/end),ordered_curve_normal_update_fd_mlp_audit,canonical ordered Cartesian curve; repeated local normal updates,central finite differences of modal geometry probes; damped trust-region Gauss-Newton/line search,kress,mandatory re-distance/audit; representation error excluded from next geometry Jacobian,star; exact synthetic target,wrong ellipse; model seed=23,KRESS,nystrom_ref independent Nystrom/Muller solution of the exact star,"paired ring Tx/Rx; train GHz=[0.5, 1.5]; holdout GHz=[0.25, 1.0, 2.5]",noise=none (synthetic exact observations); exterior epsr=6; interior epsr=3; lossless nonmagnetic TMz,historical,completed,not_certified; progress_only,not_separately_qualified,representation_limited_stationary,0.7388448066469026,0.9353445831583613,saved aggregate relative L2 across held-out frequencies/pairs; not maximum per-frequency,0.0351136109985681,saved maximum sampled boundary-to-analytic-target distance,Pre-radial bounded diagnostic did not recover the target; schedules and geometry safeguards differ by run.,Separate update-space/parameterization failures from MLP fit failures; local modal updates did not enforce a global radial bandwidth.,results/legacy/inverse/normal_updates/mlp-joint-k6-ellipse-to-star-kress-20260903/metrics.json,41420c2875d49f9ab8774f572c94b989d56fc309; inspect recorded dirty state/source hashes for exact measured code,"run_mlp_sdf_inverse_comparison.py --target star --initial-shape ellipse --solvers kress --train-ghz 0.5,1.5 --holdout-ghz 0.25,1.0,2.5 --num-pairs 12 --maximum-mode 6 --outer-iterations 150 --redistance-steps 1200 --redistance-samples 2048 --joint-full-band --maximum-redistance-drift-mm 1.5 --output-dir results/inverse_solver_comparison/mlp-joint-k6-ellipse-to-star-kress-20260903 --overwrite",preserve historical failure; replace with matched strict-MLP/Method-B diagnostic after repairs
inverse_solver_comparison/mlp-resolved-k5-ellipse-to-star-kress-20260904,inverse_solver_comparison/mlp-resolved-k5-ellipse-to-star-kress-20260904::kress,results/inverse_solver_comparison/mlp-resolved-k5-ellipse-to-star-kress-20260904,results/legacy/inverse/normal_updates/mlp-resolved-k5-ellipse-to-star-kress-20260904,2026-09-04T10:33:40.095646+00:00,2026-09-04,metrics.json:created_utc (recorded artifact timestamp; not necessarily start/end),ordered_curve_normal_update_fd_mlp_audit,canonical ordered Cartesian curve; repeated local normal updates,central finite differences of modal geometry probes; damped trust-region Gauss-Newton/line search,kress,mandatory re-distance/audit; representation error excluded from next geometry Jacobian,star; exact synthetic target,wrong ellipse; model seed=23,KRESS,nystrom_ref independent Nystrom/Muller solution of the exact star,"paired ring Tx/Rx; train GHz=[0.5, 1.5, 2.5]; holdout GHz=[0.25, 1.0, 2.0]",noise=none (synthetic exact observations); exterior epsr=6; interior epsr=3; lossless nonmagnetic TMz,historical,completed,not_certified; progress_only,not_separately_qualified,representation_limited_stationary,0.7997617360168878,1.0734170587824128,saved aggregate relative L2 across held-out frequencies/pairs; not maximum per-frequency,0.046920823864597797,saved maximum sampled boundary-to-analytic-target distance,Pre-radial bounded diagnostic did not recover the target; schedules and geometry safeguards differ by run.,Separate update-space/parameterization failures from MLP fit failures; local modal updates did not enforce a global radial bandwidth.,results/legacy/inverse/normal_updates/mlp-resolved-k5-ellipse-to-star-kress-20260904/metrics.json,41420c2875d49f9ab8774f572c94b989d56fc309; inspect recorded dirty state/source hashes for exact measured code,"run_mlp_sdf_inverse_comparison.py --target star --initial-shape ellipse --solvers kress --train-ghz 0.5,1.5,2.5 --holdout-ghz 0.25,1.0,2.0 --num-pairs 24 --maximum-mode 5 --outer-iterations 150 --redistance-steps 1200 --redistance-samples 2048 --maximum-modal-update-mm 2.0 --joint-full-band --maximum-redistance-drift-mm 1.5 --output-dir results/inverse_solver_comparison/mlp-resolved-k5-ellipse-to-star-kress-20260904 --overwrite",preserve historical failure; replace with matched strict-MLP/Method-B diagnostic after repairs
inverse_solver_comparison/siren-circle-mie-20260903,inverse_solver_comparison/siren-circle-mie-20260903::kress,results/inverse_solver_comparison/siren-circle-mie-20260903,results/legacy/inverse/siren_parameter_fd/siren-circle-mie-20260903,2026-09-03T10:13:07.745094+00:00,2026-09-03,metrics.json:provenance.created_utc (recorded artifact timestamp; not necessarily start/end),siren_parameter_fd_method_b,implicit-model parameters; Method-B Cartesian Fourier boundary rebuilt at each evaluation,bounded central parameter finite differences; damped Gauss-Newton,kress,all SIREN parameters optimized,"circle; {""center_x_m"":0.5,""center_y_m"":0.5,""radius_m"":0.05}",warm-started SIREN; full parameter finite differences,KRESS,gpr_bem_ref analytic penetrable-cylinder Mie series,"12 paired ring Tx/Rx; train GHz=[0.25, 0.5]; holdout GHz=[1.0, 1.5, 2.5]",noise=none; exterior epsr=6.0; interior epsr=3.0; lossless nonmagnetic TMz,historical,completed,failed_recorded_inverse_gates,not_applicable,maximum_iterations,0.33435020887558853,1.034855469980506,saved aggregate relative L2 across held-out frequencies/pairs; not maximum per-frequency,0.01797497321858174,saved maximum sampled boundary-to-analytic-target distance,Ten-update SIREN run failed reconstruction accuracy gates despite training progress.,Full neural parameter FD is costly and insufficient here; require verified data-direction transfer and a budgeted strict feedback comparison.,results/legacy/inverse/siren_parameter_fd/siren-circle-mie-20260903/metrics.json,41420c2875d49f9ab8774f572c94b989d56fc309; inspect recorded dirty state/source hashes for exact measured code,run_sdf_inverse_comparison.py --initial-model siren_circle --max-iterations 10 --output-dir results/inverse_solver_comparison/siren-circle-mie-20260903 --overwrite,preserve negative result; do not blindly extend historical full-weight FD budget
inverse_solver_comparison/siren-circle-mie-20260903,inverse_solver_comparison/siren-circle-mie-20260903::mod,results/inverse_solver_comparison/siren-circle-mie-20260903,results/legacy/inverse/siren_parameter_fd/siren-circle-mie-20260903,2026-09-03T10:13:07.745094+00:00,2026-09-03,metrics.json:provenance.created_utc (recorded artifact timestamp; not necessarily start/end),siren_parameter_fd_method_b,implicit-model parameters; Method-B Cartesian Fourier boundary rebuilt at each evaluation,bounded central parameter finite differences; damped Gauss-Newton,mod,all SIREN parameters optimized,"circle; {""center_x_m"":0.5,""center_y_m"":0.5,""radius_m"":0.05}",warm-started SIREN; full parameter finite differences,MOD,gpr_bem_ref analytic penetrable-cylinder Mie series,"12 paired ring Tx/Rx; train GHz=[0.25, 0.5]; holdout GHz=[1.0, 1.5, 2.5]",noise=none; exterior epsr=6.0; interior epsr=3.0; lossless nonmagnetic TMz,historical,completed,failed_recorded_inverse_gates,not_applicable,maximum_iterations,0.3656664357569591,1.1416698321111165,saved aggregate relative L2 across held-out frequencies/pairs; not maximum per-frequency,0.022298677548580753,saved maximum sampled boundary-to-analytic-target distance,Ten-update SIREN run failed reconstruction accuracy gates despite training progress.,Full neural parameter FD is costly and insufficient here; require verified data-direction transfer and a budgeted strict feedback comparison.,results/legacy/inverse/siren_parameter_fd/siren-circle-mie-20260903/metrics.json,41420c2875d49f9ab8774f572c94b989d56fc309; inspect recorded dirty state/source hashes for exact measured code,run_sdf_inverse_comparison.py --initial-model siren_circle --max-iterations 10 --output-dir results/inverse_solver_comparison/siren-circle-mie-20260903 --overwrite,preserve negative result; do not blindly extend historical full-weight FD budget
inverse_solver_comparison/siren-ellipse-mie-20260903,inverse_solver_comparison/siren-ellipse-mie-20260903::empty,results/inverse_solver_comparison/siren-ellipse-mie-20260903,results/legacy/inverse/siren_parameter_fd/siren-ellipse-mie-20260903,,2026-09-03,inferred from original bundle label; UTC run timestamp not recorded,unverified planned SIREN parameter-FD experiment,unknown; no saved run,not_applicable (no inverse),empty,none,circle (directory label only),SIREN ellipse (directory label only),,,,,empty,no_saved_run,not_evaluated,not_evaluated,,,,,,,Empty before cleanup; navigation marker contains no measured result.,Do not count this as neural/Method-B evidence.,,,,no replay evidence; run a newly specified strict experiment only if needed
solver_comparisons/legacy/qbx-closeout-20260901/circle,solver_comparisons/legacy/qbx-closeout-20260901/circle::gpr_bem_kdiff,results/solver_comparisons/legacy/qbx-closeout-20260901/circle,results/legacy/solver_experiments/qbx-closeout-20260901/circle,,2026-09-01,inferred from original bundle label; UTC run timestamp not recorded,forward_solver_aggregate,per-solver implicit band / Method-B Kress / cached independent reference; see scene metadata,not_applicable (no inverse),gpr_bem_kdiff,none,circle,not_applicable (forward comparison),gpr_bem_kdiff,"Baseline: analytic Mie-series solution for one penetrable circular cylinder. Table err columns are relative scattered-field errors against that baseline; the gprMax row, when present, is its cached representative FDTD pair against the same baseline. gprMax lookup prefers harmonic single-frequency caches, then scaled Ricker caches, then the legacy fixed-sweep cache.","frequencies Hz=[500000000.0,1500000000.0,2500000000.0,4000000000.0,6000000000.0,8000000000.0]; scene scan metadata; gprMax may have pair 0 only",{},historical,saved_forward_metrics,not_applicable,not_applicable,,,,per-frequency reported relative_error; see numeric artifact,,,Per-frequency errors retained; do not equate small solve residual with accurate scattered field. Historical QBX/offset control.,Use supported same-SDF Method-B forward controls; corners/two components and QBX have separate scope.,results/legacy/solver_experiments/qbx-closeout-20260901/circle/metrics.json,,,preserve forward snapshot; rerun only changed backend/scene checks
solver_comparisons/legacy/qbx-closeout-20260901/circle,solver_comparisons/legacy/qbx-closeout-20260901/circle::gpr_bem_mod,results/solver_comparisons/legacy/qbx-closeout-20260901/circle,results/legacy/solver_experiments/qbx-closeout-20260901/circle,,2026-09-01,inferred from original bundle label; UTC run timestamp not recorded,forward_solver_aggregate,per-solver implicit band / Method-B Kress / cached independent reference; see scene metadata,not_applicable (no inverse),gpr_bem_mod,none,circle,not_applicable (forward comparison),gpr_bem_mod,"Baseline: analytic Mie-series solution for one penetrable circular cylinder. Table err columns are relative scattered-field errors against that baseline; the gprMax row, when present, is its cached representative FDTD pair against the same baseline. gprMax lookup prefers harmonic single-frequency caches, then scaled Ricker caches, then the legacy fixed-sweep cache.","frequencies Hz=[500000000.0,1500000000.0,2500000000.0,4000000000.0,6000000000.0,8000000000.0]; scene scan metadata; gprMax may have pair 0 only",{},historical,saved_forward_metrics,not_applicable,not_applicable,,,,per-frequency reported relative_error; see numeric artifact,,,Per-frequency errors retained; do not equate small solve residual with accurate scattered field. Historical QBX/offset control.,Use supported same-SDF Method-B forward controls; corners/two components and QBX have separate scope.,results/legacy/solver_experiments/qbx-closeout-20260901/circle/metrics.json,,,preserve forward snapshot; rerun only changed backend/scene checks
solver_comparisons/legacy/qbx-closeout-20260901/circle,solver_comparisons/legacy/qbx-closeout-20260901/circle::gpr_bem_qbx,results/solver_comparisons/legacy/qbx-closeout-20260901/circle,results/legacy/solver_experiments/qbx-closeout-20260901/circle,,2026-09-01,inferred from original bundle label; UTC run timestamp not recorded,forward_solver_aggregate,per-solver implicit band / Method-B Kress / cached independent reference; see scene metadata,not_applicable (no inverse),gpr_bem_qbx,none,circle,not_applicable (forward comparison),gpr_bem_qbx,"Baseline: analytic Mie-series solution for one penetrable circular cylinder. Table err columns are relative scattered-field errors against that baseline; the gprMax row, when present, is its cached representative FDTD pair against the same baseline. gprMax lookup prefers harmonic single-frequency caches, then scaled Ricker caches, then the legacy fixed-sweep cache.","frequencies Hz=[500000000.0,1500000000.0,2500000000.0,4000000000.0,6000000000.0,8000000000.0]; scene scan metadata; gprMax may have pair 0 only",{},historical,saved_forward_metrics,not_applicable,not_applicable,,,,per-frequency reported relative_error; see numeric artifact,,,Per-frequency errors retained; do not equate small solve residual with accurate scattered field. Historical QBX/offset control.,Use supported same-SDF Method-B forward controls; corners/two components and QBX have separate scope.,results/legacy/solver_experiments/qbx-closeout-20260901/circle/metrics.json,,,preserve forward snapshot; rerun only changed backend/scene checks
solver_comparisons/legacy/qbx-closeout-20260901/circle,solver_comparisons/legacy/qbx-closeout-20260901/circle::gpr_bem_ref,results/solver_comparisons/legacy/qbx-closeout-20260901/circle,results/legacy/solver_experiments/qbx-closeout-20260901/circle,,2026-09-01,inferred from original bundle label; UTC run timestamp not recorded,forward_solver_aggregate,per-solver implicit band / Method-B Kress / cached independent reference; see scene metadata,not_applicable (no inverse),gpr_bem_ref,none,circle,not_applicable (forward comparison),gpr_bem_ref,"Baseline: analytic Mie-series solution for one penetrable circular cylinder. Table err columns are relative scattered-field errors against that baseline; the gprMax row, when present, is its cached representative FDTD pair against the same baseline. gprMax lookup prefers harmonic single-frequency caches, then scaled Ricker caches, then the legacy fixed-sweep cache.","frequencies Hz=[500000000.0,1500000000.0,2500000000.0,4000000000.0,6000000000.0,8000000000.0]; scene scan metadata; gprMax may have pair 0 only",{},historical,saved_forward_metrics,not_applicable,not_applicable,,,,per-frequency reported relative_error; see numeric artifact,,,Per-frequency errors retained; do not equate small solve residual with accurate scattered field. Historical QBX/offset control.,Use supported same-SDF Method-B forward controls; corners/two components and QBX have separate scope.,results/legacy/solver_experiments/qbx-closeout-20260901/circle/metrics.json,,,preserve forward snapshot; rerun only changed backend/scene checks
solver_comparisons/legacy/qbx-closeout-20260901/circle,solver_comparisons/legacy/qbx-closeout-20260901/circle::gprmax,results/solver_comparisons/legacy/qbx-closeout-20260901/circle,results/legacy/solver_experiments/qbx-closeout-20260901/circle,,2026-09-01,inferred from original bundle label; UTC run timestamp not recorded,forward_solver_aggregate,per-solver implicit band / Method-B Kress / cached independent reference; see scene metadata,not_applicable (no inverse),gprmax,none,circle,not_applicable (forward comparison),gprmax,"Baseline: analytic Mie-series solution for one penetrable circular cylinder. Table err columns are relative scattered-field errors against that baseline; the gprMax row, when present, is its cached representative FDTD pair against the same baseline. gprMax lookup prefers harmonic single-frequency caches, then scaled Ricker caches, then the legacy fixed-sweep cache.","frequencies Hz=[500000000.0,1500000000.0,2500000000.0,4000000000.0,6000000000.0,8000000000.0]; scene scan metadata; gprMax may have pair 0 only",{},historical,saved_forward_metrics,not_applicable,not_applicable,,,,per-frequency reported relative_error; see numeric artifact,,,Per-frequency errors retained; do not equate small solve residual with accurate scattered field. Historical QBX/offset control.,Use supported same-SDF Method-B forward controls; corners/two components and QBX have separate scope.,results/legacy/solver_experiments/qbx-closeout-20260901/circle/metrics.json,,,preserve forward snapshot; rerun only changed backend/scene checks
solver_comparisons/legacy/qbx-closeout-20260901/circle,solver_comparisons/legacy/qbx-closeout-20260901/circle::kernel_diff*,results/solver_comparisons/legacy/qbx-closeout-20260901/circle,results/legacy/solver_experiments/qbx-closeout-20260901/circle,,2026-09-01,inferred from original bundle label; UTC run timestamp not recorded,forward_solver_aggregate,per-solver implicit band / Method-B Kress / cached independent reference; see scene metadata,not_applicable (no inverse),kernel_diff*,none,circle,not_applicable (forward comparison),kernel_diff*,"Baseline: analytic Mie-series solution for one penetrable circular cylinder. Table err columns are relative scattered-field errors against that baseline; the gprMax row, when present, is its cached representative FDTD pair against the same baseline. gprMax lookup prefers harmonic single-frequency caches, then scaled Ricker caches, then the legacy fixed-sweep cache.","frequencies Hz=[500000000.0,1500000000.0,2500000000.0,4000000000.0,6000000000.0,8000000000.0]; scene scan metadata; gprMax may have pair 0 only",{},historical,saved_forward_metrics,not_applicable,not_applicable,,,,per-frequency reported relative_error; see numeric artifact,,,Per-frequency errors retained; do not equate small solve residual with accurate scattered field. Historical QBX/offset control.,Use supported same-SDF Method-B forward controls; corners/two components and QBX have separate scope.,results/legacy/solver_experiments/qbx-closeout-20260901/circle/metrics.json,,,preserve forward snapshot; rerun only changed backend/scene checks
solver_comparisons/legacy/qbx-closeout-20260901/circle,solver_comparisons/legacy/qbx-closeout-20260901/circle::qbx_fourier8,results/solver_comparisons/legacy/qbx-closeout-20260901/circle,results/legacy/solver_experiments/qbx-closeout-20260901/circle,,2026-09-01,inferred from original bundle label; UTC run timestamp not recorded,forward_solver_aggregate,per-solver implicit band / Method-B Kress / cached independent reference; see scene metadata,not_applicable (no inverse),qbx_fourier8,none,circle,not_applicable (forward comparison),qbx_fourier8,"Baseline: analytic Mie-series solution for one penetrable circular cylinder. Table err columns are relative scattered-field errors against that baseline; the gprMax row, when present, is its cached representative FDTD pair against the same baseline. gprMax lookup prefers harmonic single-frequency caches, then scaled Ricker caches, then the legacy fixed-sweep cache.","frequencies Hz=[500000000.0,1500000000.0,2500000000.0,4000000000.0,6000000000.0,8000000000.0]; scene scan metadata; gprMax may have pair 0 only",{},historical,saved_forward_metrics,not_applicable,not_applicable,,,,per-frequency reported relative_error; see numeric artifact,,,Per-frequency errors retained; do not equate small solve residual with accurate scattered field. Historical QBX/offset control.,Use supported same-SDF Method-B forward controls; corners/two components and QBX have separate scope.,results/legacy/solver_experiments/qbx-closeout-20260901/circle/metrics.json,,,preserve forward snapshot; rerun only changed backend/scene checks
solver_comparisons/legacy/qbx-closeout-20260901/circle,solver_comparisons/legacy/qbx-closeout-20260901/circle::qbx_sdfraw8,results/solver_comparisons/legacy/qbx-closeout-20260901/circle,results/legacy/solver_experiments/qbx-closeout-20260901/circle,,2026-09-01,inferred from original bundle label; UTC run timestamp not recorded,forward_solver_aggregate,per-solver implicit band / Method-B Kress / cached independent reference; see scene metadata,not_applicable (no inverse),qbx_sdfraw8,none,circle,not_applicable (forward comparison),qbx_sdfraw8,"Baseline: analytic Mie-series solution for one penetrable circular cylinder. Table err columns are relative scattered-field errors against that baseline; the gprMax row, when present, is its cached representative FDTD pair against the same baseline. gprMax lookup prefers harmonic single-frequency caches, then scaled Ricker caches, then the legacy fixed-sweep cache.","frequencies Hz=[500000000.0,1500000000.0,2500000000.0,4000000000.0,6000000000.0,8000000000.0]; scene scan metadata; gprMax may have pair 0 only",{},historical,saved_forward_metrics,not_applicable,not_applicable,,,,per-frequency reported relative_error; see numeric artifact,,,Per-frequency errors retained; do not equate small solve residual with accurate scattered field. Historical QBX/offset control.,Use supported same-SDF Method-B forward controls; corners/two components and QBX have separate scope.,results/legacy/solver_experiments/qbx-closeout-20260901/circle/metrics.json,,,preserve forward snapshot; rerun only changed backend/scene checks
solver_comparisons/legacy/qbx-closeout-20260901/ellipse,solver_comparisons/legacy/qbx-closeout-20260901/ellipse::gpr_bem_kdiff,results/solver_comparisons/legacy/qbx-closeout-20260901/ellipse,results/legacy/solver_experiments/qbx-closeout-20260901/ellipse,,2026-09-01,inferred from original bundle label; UTC run timestamp not recorded,forward_solver_aggregate,per-solver implicit band / Method-B Kress / cached independent reference; see scene metadata,not_applicable (no inverse),gpr_bem_kdiff,none,ellipse,not_applicable (forward comparison),gpr_bem_kdiff,"Baseline: standalone Nystrom reference, N=512, on the smooth ellipse. BEM rows use the full 24-pair ring against Nystrom; the gprMax row, when present, uses only the cached index-0 FDTD pair against Nystrom. gprMax lookup prefers harmonic single-frequency caches, then scaled Ricker caches, then the legacy fixed-sweep cache.","frequencies Hz=[500000000.0,1500000000.0,2500000000.0,4000000000.0,6000000000.0,8000000000.0]; scene scan metadata; gprMax may have pair 0 only",{},historical,saved_forward_metrics,not_applicable,not_applicable,,,,per-frequency reported relative_error; see numeric artifact,,,Per-frequency errors retained; do not equate small solve residual with accurate scattered field. Historical QBX/offset control.,Use supported same-SDF Method-B forward controls; corners/two components and QBX have separate scope.,results/legacy/solver_experiments/qbx-closeout-20260901/ellipse/metrics.json,,,preserve forward snapshot; rerun only changed backend/scene checks
solver_comparisons/legacy/qbx-closeout-20260901/ellipse,solver_comparisons/legacy/qbx-closeout-20260901/ellipse::gpr_bem_mod,results/solver_comparisons/legacy/qbx-closeout-20260901/ellipse,results/legacy/solver_experiments/qbx-closeout-20260901/ellipse,,2026-09-01,inferred from original bundle label; UTC run timestamp not recorded,forward_solver_aggregate,per-solver implicit band / Method-B Kress / cached independent reference; see scene metadata,not_applicable (no inverse),gpr_bem_mod,none,ellipse,not_applicable (forward comparison),gpr_bem_mod,"Baseline: standalone Nystrom reference, N=512, on the smooth ellipse. BEM rows use the full 24-pair ring against Nystrom; the gprMax row, when present, uses only the cached index-0 FDTD pair against Nystrom. gprMax lookup prefers harmonic single-frequency caches, then scaled Ricker caches, then the legacy fixed-sweep cache.","frequencies Hz=[500000000.0,1500000000.0,2500000000.0,4000000000.0,6000000000.0,8000000000.0]; scene scan metadata; gprMax may have pair 0 only",{},historical,saved_forward_metrics,not_applicable,not_applicable,,,,per-frequency reported relative_error; see numeric artifact,,,Per-frequency errors retained; do not equate small solve residual with accurate scattered field. Historical QBX/offset control.,Use supported same-SDF Method-B forward controls; corners/two components and QBX have separate scope.,results/legacy/solver_experiments/qbx-closeout-20260901/ellipse/metrics.json,,,preserve forward snapshot; rerun only changed backend/scene checks
solver_comparisons/legacy/qbx-closeout-20260901/ellipse,solver_comparisons/legacy/qbx-closeout-20260901/ellipse::gpr_bem_qbx,results/solver_comparisons/legacy/qbx-closeout-20260901/ellipse,results/legacy/solver_experiments/qbx-closeout-20260901/ellipse,,2026-09-01,inferred from original bundle label; UTC run timestamp not recorded,forward_solver_aggregate,per-solver implicit band / Method-B Kress / cached independent reference; see scene metadata,not_applicable (no inverse),gpr_bem_qbx,none,ellipse,not_applicable (forward comparison),gpr_bem_qbx,"Baseline: standalone Nystrom reference, N=512, on the smooth ellipse. BEM rows use the full 24-pair ring against Nystrom; the gprMax row, when present, uses only the cached index-0 FDTD pair against Nystrom. gprMax lookup prefers harmonic single-frequency caches, then scaled Ricker caches, then the legacy fixed-sweep cache.","frequencies Hz=[500000000.0,1500000000.0,2500000000.0,4000000000.0,6000000000.0,8000000000.0]; scene scan metadata; gprMax may have pair 0 only",{},historical,saved_forward_metrics,not_applicable,not_applicable,,,,per-frequency reported relative_error; see numeric artifact,,,Per-frequency errors retained; do not equate small solve residual with accurate scattered field. Historical QBX/offset control.,Use supported same-SDF Method-B forward controls; corners/two components and QBX have separate scope.,results/legacy/solver_experiments/qbx-closeout-20260901/ellipse/metrics.json,,,preserve forward snapshot; rerun only changed backend/scene checks
solver_comparisons/legacy/qbx-closeout-20260901/ellipse,solver_comparisons/legacy/qbx-closeout-20260901/ellipse::gpr_bem_ref,results/solver_comparisons/legacy/qbx-closeout-20260901/ellipse,results/legacy/solver_experiments/qbx-closeout-20260901/ellipse,,2026-09-01,inferred from original bundle label; UTC run timestamp not recorded,forward_solver_aggregate,per-solver implicit band / Method-B Kress / cached independent reference; see scene metadata,not_applicable (no inverse),gpr_bem_ref,none,ellipse,not_applicable (forward comparison),gpr_bem_ref,"Baseline: standalone Nystrom reference, N=512, on the smooth ellipse. BEM rows use the full 24-pair ring against Nystrom; the gprMax row, when present, uses only the cached index-0 FDTD pair against Nystrom. gprMax lookup prefers harmonic single-frequency caches, then scaled Ricker caches, then the legacy fixed-sweep cache.","frequencies Hz=[500000000.0,1500000000.0,2500000000.0,4000000000.0,6000000000.0,8000000000.0]; scene scan metadata; gprMax may have pair 0 only",{},historical,saved_forward_metrics,not_applicable,not_applicable,,,,per-frequency reported relative_error; see numeric artifact,,,Per-frequency errors retained; do not equate small solve residual with accurate scattered field. Historical QBX/offset control.,Use supported same-SDF Method-B forward controls; corners/two components and QBX have separate scope.,results/legacy/solver_experiments/qbx-closeout-20260901/ellipse/metrics.json,,,preserve forward snapshot; rerun only changed backend/scene checks
solver_comparisons/legacy/qbx-closeout-20260901/ellipse,solver_comparisons/legacy/qbx-closeout-20260901/ellipse::gprmax,results/solver_comparisons/legacy/qbx-closeout-20260901/ellipse,results/legacy/solver_experiments/qbx-closeout-20260901/ellipse,,2026-09-01,inferred from original bundle label; UTC run timestamp not recorded,forward_solver_aggregate,per-solver implicit band / Method-B Kress / cached independent reference; see scene metadata,not_applicable (no inverse),gprmax,none,ellipse,not_applicable (forward comparison),gprmax,"Baseline: standalone Nystrom reference, N=512, on the smooth ellipse. BEM rows use the full 24-pair ring against Nystrom; the gprMax row, when present, uses only the cached index-0 FDTD pair against Nystrom. gprMax lookup prefers harmonic single-frequency caches, then scaled Ricker caches, then the legacy fixed-sweep cache.","frequencies Hz=[500000000.0,1500000000.0,2500000000.0,4000000000.0,6000000000.0,8000000000.0]; scene scan metadata; gprMax may have pair 0 only",{},historical,saved_forward_metrics,not_applicable,not_applicable,,,,per-frequency reported relative_error; see numeric artifact,,,Per-frequency errors retained; do not equate small solve residual with accurate scattered field. Historical QBX/offset control.,Use supported same-SDF Method-B forward controls; corners/two components and QBX have separate scope.,results/legacy/solver_experiments/qbx-closeout-20260901/ellipse/metrics.json,,,preserve forward snapshot; rerun only changed backend/scene checks
solver_comparisons/legacy/qbx-closeout-20260901/ellipse,solver_comparisons/legacy/qbx-closeout-20260901/ellipse::qbx_fourier8,results/solver_comparisons/legacy/qbx-closeout-20260901/ellipse,results/legacy/solver_experiments/qbx-closeout-20260901/ellipse,,2026-09-01,inferred from original bundle label; UTC run timestamp not recorded,forward_solver_aggregate,per-solver implicit band / Method-B Kress / cached independent reference; see scene metadata,not_applicable (no inverse),qbx_fourier8,none,ellipse,not_applicable (forward comparison),qbx_fourier8,"Baseline: standalone Nystrom reference, N=512, on the smooth ellipse. BEM rows use the full 24-pair ring against Nystrom; the gprMax row, when present, uses only the cached index-0 FDTD pair against Nystrom. gprMax lookup prefers harmonic single-frequency caches, then scaled Ricker caches, then the legacy fixed-sweep cache.","frequencies Hz=[500000000.0,1500000000.0,2500000000.0,4000000000.0,6000000000.0,8000000000.0]; scene scan metadata; gprMax may have pair 0 only",{},historical,saved_forward_metrics,not_applicable,not_applicable,,,,per-frequency reported relative_error; see numeric artifact,,,Per-frequency errors retained; do not equate small solve residual with accurate scattered field. Historical QBX/offset control.,Use supported same-SDF Method-B forward controls; corners/two components and QBX have separate scope.,results/legacy/solver_experiments/qbx-closeout-20260901/ellipse/metrics.json,,,preserve forward snapshot; rerun only changed backend/scene checks
solver_comparisons/legacy/qbx-closeout-20260901/ellipse,solver_comparisons/legacy/qbx-closeout-20260901/ellipse::qbx_sdfraw8,results/solver_comparisons/legacy/qbx-closeout-20260901/ellipse,results/legacy/solver_experiments/qbx-closeout-20260901/ellipse,,2026-09-01,inferred from original bundle label; UTC run timestamp not recorded,forward_solver_aggregate,per-solver implicit band / Method-B Kress / cached independent reference; see scene metadata,not_applicable (no inverse),qbx_sdfraw8,none,ellipse,not_applicable (forward comparison),qbx_sdfraw8,"Baseline: standalone Nystrom reference, N=512, on the smooth ellipse. BEM rows use the full 24-pair ring against Nystrom; the gprMax row, when present, uses only the cached index-0 FDTD pair against Nystrom. gprMax lookup prefers harmonic single-frequency caches, then scaled Ricker caches, then the legacy fixed-sweep cache.","frequencies Hz=[500000000.0,1500000000.0,2500000000.0,4000000000.0,6000000000.0,8000000000.0]; scene scan metadata; gprMax may have pair 0 only",{},historical,saved_forward_metrics,not_applicable,not_applicable,,,,per-frequency reported relative_error; see numeric artifact,,,Per-frequency errors retained; do not equate small solve residual with accurate scattered field. Historical QBX/offset control.,Use supported same-SDF Method-B forward controls; corners/two components and QBX have separate scope.,results/legacy/solver_experiments/qbx-closeout-20260901/ellipse/metrics.json,,,preserve forward snapshot; rerun only changed backend/scene checks
solver_comparisons/legacy/qbx-closeout-20260901/square,solver_comparisons/legacy/qbx-closeout-20260901/square::gpr_bem_kdiff,results/solver_comparisons/legacy/qbx-closeout-20260901/square,results/legacy/solver_experiments/qbx-closeout-20260901/square,,2026-09-01,inferred from original bundle label; UTC run timestamp not recorded,forward_solver_aggregate,per-solver implicit band / Method-B Kress / cached independent reference; see scene metadata,not_applicable (no inverse),gpr_bem_kdiff,none,square,not_applicable (forward comparison),gpr_bem_kdiff,"Baseline: cached gprMax FDTD result for the index-0 ring pair only; that cache was available in this run. Table err columns are relative errors against gprMax when the cache exists, otherwise n/a. gprMax lookup prefers harmonic single-frequency caches, then scaled Ricker caches, then the legacy fixed-sweep cache. The separate square pytest also gates gpr_bem_mod by self-convergence.","frequencies Hz=[500000000.0,1500000000.0,2500000000.0,4000000000.0,6000000000.0,8000000000.0]; scene scan metadata; gprMax may have pair 0 only",{},historical,saved_forward_metrics,not_applicable,not_applicable,,,,per-frequency reported relative_error; see numeric artifact,,,Per-frequency errors retained; do not equate small solve residual with accurate scattered field. Historical QBX/offset control.,Use supported same-SDF Method-B forward controls; corners/two components and QBX have separate scope.,results/legacy/solver_experiments/qbx-closeout-20260901/square/metrics.json,,,preserve forward snapshot; rerun only changed backend/scene checks
solver_comparisons/legacy/qbx-closeout-20260901/square,solver_comparisons/legacy/qbx-closeout-20260901/square::gpr_bem_mod,results/solver_comparisons/legacy/qbx-closeout-20260901/square,results/legacy/solver_experiments/qbx-closeout-20260901/square,,2026-09-01,inferred from original bundle label; UTC run timestamp not recorded,forward_solver_aggregate,per-solver implicit band / Method-B Kress / cached independent reference; see scene metadata,not_applicable (no inverse),gpr_bem_mod,none,square,not_applicable (forward comparison),gpr_bem_mod,"Baseline: cached gprMax FDTD result for the index-0 ring pair only; that cache was available in this run. Table err columns are relative errors against gprMax when the cache exists, otherwise n/a. gprMax lookup prefers harmonic single-frequency caches, then scaled Ricker caches, then the legacy fixed-sweep cache. The separate square pytest also gates gpr_bem_mod by self-convergence.","frequencies Hz=[500000000.0,1500000000.0,2500000000.0,4000000000.0,6000000000.0,8000000000.0]; scene scan metadata; gprMax may have pair 0 only",{},historical,saved_forward_metrics,not_applicable,not_applicable,,,,per-frequency reported relative_error; see numeric artifact,,,Per-frequency errors retained; do not equate small solve residual with accurate scattered field. Historical QBX/offset control.,Use supported same-SDF Method-B forward controls; corners/two components and QBX have separate scope.,results/legacy/solver_experiments/qbx-closeout-20260901/square/metrics.json,,,preserve forward snapshot; rerun only changed backend/scene checks
solver_comparisons/legacy/qbx-closeout-20260901/square,solver_comparisons/legacy/qbx-closeout-20260901/square::gpr_bem_qbx,results/solver_comparisons/legacy/qbx-closeout-20260901/square,results/legacy/solver_experiments/qbx-closeout-20260901/square,,2026-09-01,inferred from original bundle label; UTC run timestamp not recorded,forward_solver_aggregate,per-solver implicit band / Method-B Kress / cached independent reference; see scene metadata,not_applicable (no inverse),gpr_bem_qbx,none,square,not_applicable (forward comparison),gpr_bem_qbx,"Baseline: cached gprMax FDTD result for the index-0 ring pair only; that cache was available in this run. Table err columns are relative errors against gprMax when the cache exists, otherwise n/a. gprMax lookup prefers harmonic single-frequency caches, then scaled Ricker caches, then the legacy fixed-sweep cache. The separate square pytest also gates gpr_bem_mod by self-convergence.","frequencies Hz=[500000000.0,1500000000.0,2500000000.0,4000000000.0,6000000000.0,8000000000.0]; scene scan metadata; gprMax may have pair 0 only",{},historical,saved_forward_metrics,not_applicable,not_applicable,,,,per-frequency reported relative_error; see numeric artifact,,,Per-frequency errors retained; do not equate small solve residual with accurate scattered field. Historical QBX/offset control.,Use supported same-SDF Method-B forward controls; corners/two components and QBX have separate scope.,results/legacy/solver_experiments/qbx-closeout-20260901/square/metrics.json,,,preserve forward snapshot; rerun only changed backend/scene checks
solver_comparisons/legacy/qbx-closeout-20260901/square,solver_comparisons/legacy/qbx-closeout-20260901/square::gpr_bem_ref,results/solver_comparisons/legacy/qbx-closeout-20260901/square,results/legacy/solver_experiments/qbx-closeout-20260901/square,,2026-09-01,inferred from original bundle label; UTC run timestamp not recorded,forward_solver_aggregate,per-solver implicit band / Method-B Kress / cached independent reference; see scene metadata,not_applicable (no inverse),gpr_bem_ref,none,square,not_applicable (forward comparison),gpr_bem_ref,"Baseline: cached gprMax FDTD result for the index-0 ring pair only; that cache was available in this run. Table err columns are relative errors against gprMax when the cache exists, otherwise n/a. gprMax lookup prefers harmonic single-frequency caches, then scaled Ricker caches, then the legacy fixed-sweep cache. The separate square pytest also gates gpr_bem_mod by self-convergence.","frequencies Hz=[500000000.0,1500000000.0,2500000000.0,4000000000.0,6000000000.0,8000000000.0]; scene scan metadata; gprMax may have pair 0 only",{},historical,saved_forward_metrics,not_applicable,not_applicable,,,,per-frequency reported relative_error; see numeric artifact,,,Per-frequency errors retained; do not equate small solve residual with accurate scattered field. Historical QBX/offset control.,Use supported same-SDF Method-B forward controls; corners/two components and QBX have separate scope.,results/legacy/solver_experiments/qbx-closeout-20260901/square/metrics.json,,,preserve forward snapshot; rerun only changed backend/scene checks
solver_comparisons/legacy/qbx-closeout-20260901/square,solver_comparisons/legacy/qbx-closeout-20260901/square::gprmax,results/solver_comparisons/legacy/qbx-closeout-20260901/square,results/legacy/solver_experiments/qbx-closeout-20260901/square,,2026-09-01,inferred from original bundle label; UTC run timestamp not recorded,forward_solver_aggregate,per-solver implicit band / Method-B Kress / cached independent reference; see scene metadata,not_applicable (no inverse),gprmax,none,square,not_applicable (forward comparison),gprmax,"Baseline: cached gprMax FDTD result for the index-0 ring pair only; that cache was available in this run. Table err columns are relative errors against gprMax when the cache exists, otherwise n/a. gprMax lookup prefers harmonic single-frequency caches, then scaled Ricker caches, then the legacy fixed-sweep cache. The separate square pytest also gates gpr_bem_mod by self-convergence.","frequencies Hz=[500000000.0,1500000000.0,2500000000.0,4000000000.0,6000000000.0,8000000000.0]; scene scan metadata; gprMax may have pair 0 only",{},historical,saved_forward_metrics,not_applicable,not_applicable,,,,per-frequency reported relative_error; see numeric artifact,,,Per-frequency errors retained; do not equate small solve residual with accurate scattered field. Historical QBX/offset control.,Use supported same-SDF Method-B forward controls; corners/two components and QBX have separate scope.,results/legacy/solver_experiments/qbx-closeout-20260901/square/metrics.json,,,preserve forward snapshot; rerun only changed backend/scene checks
solver_comparisons/legacy/qbx-closeout-20260901/square,solver_comparisons/legacy/qbx-closeout-20260901/square::qbx_fourier8,results/solver_comparisons/legacy/qbx-closeout-20260901/square,results/legacy/solver_experiments/qbx-closeout-20260901/square,,2026-09-01,inferred from original bundle label; UTC run timestamp not recorded,forward_solver_aggregate,per-solver implicit band / Method-B Kress / cached independent reference; see scene metadata,not_applicable (no inverse),qbx_fourier8,none,square,not_applicable (forward comparison),qbx_fourier8,"Baseline: cached gprMax FDTD result for the index-0 ring pair only; that cache was available in this run. Table err columns are relative errors against gprMax when the cache exists, otherwise n/a. gprMax lookup prefers harmonic single-frequency caches, then scaled Ricker caches, then the legacy fixed-sweep cache. The separate square pytest also gates gpr_bem_mod by self-convergence.","frequencies Hz=[500000000.0,1500000000.0,2500000000.0,4000000000.0,6000000000.0,8000000000.0]; scene scan metadata; gprMax may have pair 0 only",{},historical,saved_forward_metrics,not_applicable,not_applicable,,,,per-frequency reported relative_error; see numeric artifact,,,Per-frequency errors retained; do not equate small solve residual with accurate scattered field. Historical QBX/offset control.,Use supported same-SDF Method-B forward controls; corners/two components and QBX have separate scope.,results/legacy/solver_experiments/qbx-closeout-20260901/square/metrics.json,,,preserve forward snapshot; rerun only changed backend/scene checks
solver_comparisons/legacy/qbx-closeout-20260901/square,solver_comparisons/legacy/qbx-closeout-20260901/square::qbx_sdfraw8,results/solver_comparisons/legacy/qbx-closeout-20260901/square,results/legacy/solver_experiments/qbx-closeout-20260901/square,,2026-09-01,inferred from original bundle label; UTC run timestamp not recorded,forward_solver_aggregate,per-solver implicit band / Method-B Kress / cached independent reference; see scene metadata,not_applicable (no inverse),qbx_sdfraw8,none,square,not_applicable (forward comparison),qbx_sdfraw8,"Baseline: cached gprMax FDTD result for the index-0 ring pair only; that cache was available in this run. Table err columns are relative errors against gprMax when the cache exists, otherwise n/a. gprMax lookup prefers harmonic single-frequency caches, then scaled Ricker caches, then the legacy fixed-sweep cache. The separate square pytest also gates gpr_bem_mod by self-convergence.","frequencies Hz=[500000000.0,1500000000.0,2500000000.0,4000000000.0,6000000000.0,8000000000.0]; scene scan metadata; gprMax may have pair 0 only",{},historical,saved_forward_metrics,not_applicable,not_applicable,,,,per-frequency reported relative_error; see numeric artifact,,,Per-frequency errors retained; do not equate small solve residual with accurate scattered field. Historical QBX/offset control.,Use supported same-SDF Method-B forward controls; corners/two components and QBX have separate scope.,results/legacy/solver_experiments/qbx-closeout-20260901/square/metrics.json,,,preserve forward snapshot; rerun only changed backend/scene checks
solver_comparisons/legacy/qbx-closeout-20260901/star,solver_comparisons/legacy/qbx-closeout-20260901/star::gpr_bem_kdiff,results/solver_comparisons/legacy/qbx-closeout-20260901/star,results/legacy/solver_experiments/qbx-closeout-20260901/star,,2026-09-01,inferred from original bundle label; UTC run timestamp not recorded,forward_solver_aggregate,per-solver implicit band / Method-B Kress / cached independent reference; see scene metadata,not_applicable (no inverse),gpr_bem_kdiff,none,star,not_applicable (forward comparison),gpr_bem_kdiff,"Baseline: standalone Nystrom reference, N=512, on the smooth star. BEM rows use the full 24-pair ring against Nystrom; the gprMax row, when present, uses only the cached index-0 FDTD pair against Nystrom. gprMax lookup prefers harmonic single-frequency caches, then scaled Ricker caches, then the legacy fixed-sweep cache.","frequencies Hz=[500000000.0,1500000000.0,2500000000.0,4000000000.0,6000000000.0,8000000000.0]; scene scan metadata; gprMax may have pair 0 only",{},historical,saved_forward_metrics,not_applicable,not_applicable,,,,per-frequency reported relative_error; see numeric artifact,,,Per-frequency errors retained; do not equate small solve residual with accurate scattered field. Historical QBX/offset control.,Use supported same-SDF Method-B forward controls; corners/two components and QBX have separate scope.,results/legacy/solver_experiments/qbx-closeout-20260901/star/metrics.json,,,preserve forward snapshot; rerun only changed backend/scene checks
solver_comparisons/legacy/qbx-closeout-20260901/star,solver_comparisons/legacy/qbx-closeout-20260901/star::gpr_bem_mod,results/solver_comparisons/legacy/qbx-closeout-20260901/star,results/legacy/solver_experiments/qbx-closeout-20260901/star,,2026-09-01,inferred from original bundle label; UTC run timestamp not recorded,forward_solver_aggregate,per-solver implicit band / Method-B Kress / cached independent reference; see scene metadata,not_applicable (no inverse),gpr_bem_mod,none,star,not_applicable (forward comparison),gpr_bem_mod,"Baseline: standalone Nystrom reference, N=512, on the smooth star. BEM rows use the full 24-pair ring against Nystrom; the gprMax row, when present, uses only the cached index-0 FDTD pair against Nystrom. gprMax lookup prefers harmonic single-frequency caches, then scaled Ricker caches, then the legacy fixed-sweep cache.","frequencies Hz=[500000000.0,1500000000.0,2500000000.0,4000000000.0,6000000000.0,8000000000.0]; scene scan metadata; gprMax may have pair 0 only",{},historical,saved_forward_metrics,not_applicable,not_applicable,,,,per-frequency reported relative_error; see numeric artifact,,,Per-frequency errors retained; do not equate small solve residual with accurate scattered field. Historical QBX/offset control.,Use supported same-SDF Method-B forward controls; corners/two components and QBX have separate scope.,results/legacy/solver_experiments/qbx-closeout-20260901/star/metrics.json,,,preserve forward snapshot; rerun only changed backend/scene checks
solver_comparisons/legacy/qbx-closeout-20260901/star,solver_comparisons/legacy/qbx-closeout-20260901/star::gpr_bem_qbx,results/solver_comparisons/legacy/qbx-closeout-20260901/star,results/legacy/solver_experiments/qbx-closeout-20260901/star,,2026-09-01,inferred from original bundle label; UTC run timestamp not recorded,forward_solver_aggregate,per-solver implicit band / Method-B Kress / cached independent reference; see scene metadata,not_applicable (no inverse),gpr_bem_qbx,none,star,not_applicable (forward comparison),gpr_bem_qbx,"Baseline: standalone Nystrom reference, N=512, on the smooth star. BEM rows use the full 24-pair ring against Nystrom; the gprMax row, when present, uses only the cached index-0 FDTD pair against Nystrom. gprMax lookup prefers harmonic single-frequency caches, then scaled Ricker caches, then the legacy fixed-sweep cache.","frequencies Hz=[500000000.0,1500000000.0,2500000000.0,4000000000.0,6000000000.0,8000000000.0]; scene scan metadata; gprMax may have pair 0 only",{},historical,saved_forward_metrics,not_applicable,not_applicable,,,,per-frequency reported relative_error; see numeric artifact,,,Per-frequency errors retained; do not equate small solve residual with accurate scattered field. Historical QBX/offset control.,Use supported same-SDF Method-B forward controls; corners/two components and QBX have separate scope.,results/legacy/solver_experiments/qbx-closeout-20260901/star/metrics.json,,,preserve forward snapshot; rerun only changed backend/scene checks
solver_comparisons/legacy/qbx-closeout-20260901/star,solver_comparisons/legacy/qbx-closeout-20260901/star::gpr_bem_ref,results/solver_comparisons/legacy/qbx-closeout-20260901/star,results/legacy/solver_experiments/qbx-closeout-20260901/star,,2026-09-01,inferred from original bundle label; UTC run timestamp not recorded,forward_solver_aggregate,per-solver implicit band / Method-B Kress / cached independent reference; see scene metadata,not_applicable (no inverse),gpr_bem_ref,none,star,not_applicable (forward comparison),gpr_bem_ref,"Baseline: standalone Nystrom reference, N=512, on the smooth star. BEM rows use the full 24-pair ring against Nystrom; the gprMax row, when present, uses only the cached index-0 FDTD pair against Nystrom. gprMax lookup prefers harmonic single-frequency caches, then scaled Ricker caches, then the legacy fixed-sweep cache.","frequencies Hz=[500000000.0,1500000000.0,2500000000.0,4000000000.0,6000000000.0,8000000000.0]; scene scan metadata; gprMax may have pair 0 only",{},historical,saved_forward_metrics,not_applicable,not_applicable,,,,per-frequency reported relative_error; see numeric artifact,,,Per-frequency errors retained; do not equate small solve residual with accurate scattered field. Historical QBX/offset control.,Use supported same-SDF Method-B forward controls; corners/two components and QBX have separate scope.,results/legacy/solver_experiments/qbx-closeout-20260901/star/metrics.json,,,preserve forward snapshot; rerun only changed backend/scene checks
solver_comparisons/legacy/qbx-closeout-20260901/star,solver_comparisons/legacy/qbx-closeout-20260901/star::gprmax,results/solver_comparisons/legacy/qbx-closeout-20260901/star,results/legacy/solver_experiments/qbx-closeout-20260901/star,,2026-09-01,inferred from original bundle label; UTC run timestamp not recorded,forward_solver_aggregate,per-solver implicit band / Method-B Kress / cached independent reference; see scene metadata,not_applicable (no inverse),gprmax,none,star,not_applicable (forward comparison),gprmax,"Baseline: standalone Nystrom reference, N=512, on the smooth star. BEM rows use the full 24-pair ring against Nystrom; the gprMax row, when present, uses only the cached index-0 FDTD pair against Nystrom. gprMax lookup prefers harmonic single-frequency caches, then scaled Ricker caches, then the legacy fixed-sweep cache.","frequencies Hz=[500000000.0,1500000000.0,2500000000.0,4000000000.0,6000000000.0,8000000000.0]; scene scan metadata; gprMax may have pair 0 only",{},historical,saved_forward_metrics,not_applicable,not_applicable,,,,per-frequency reported relative_error; see numeric artifact,,,Per-frequency errors retained; do not equate small solve residual with accurate scattered field. Historical QBX/offset control.,Use supported same-SDF Method-B forward controls; corners/two components and QBX have separate scope.,results/legacy/solver_experiments/qbx-closeout-20260901/star/metrics.json,,,preserve forward snapshot; rerun only changed backend/scene checks
solver_comparisons/legacy/qbx-closeout-20260901/star,solver_comparisons/legacy/qbx-closeout-20260901/star::qbx_fourier8,results/solver_comparisons/legacy/qbx-closeout-20260901/star,results/legacy/solver_experiments/qbx-closeout-20260901/star,,2026-09-01,inferred from original bundle label; UTC run timestamp not recorded,forward_solver_aggregate,per-solver implicit band / Method-B Kress / cached independent reference; see scene metadata,not_applicable (no inverse),qbx_fourier8,none,star,not_applicable (forward comparison),qbx_fourier8,"Baseline: standalone Nystrom reference, N=512, on the smooth star. BEM rows use the full 24-pair ring against Nystrom; the gprMax row, when present, uses only the cached index-0 FDTD pair against Nystrom. gprMax lookup prefers harmonic single-frequency caches, then scaled Ricker caches, then the legacy fixed-sweep cache.","frequencies Hz=[500000000.0,1500000000.0,2500000000.0,4000000000.0,6000000000.0,8000000000.0]; scene scan metadata; gprMax may have pair 0 only",{},historical,saved_forward_metrics,not_applicable,not_applicable,,,,per-frequency reported relative_error; see numeric artifact,,,Per-frequency errors retained; do not equate small solve residual with accurate scattered field. Historical QBX/offset control.,Use supported same-SDF Method-B forward controls; corners/two components and QBX have separate scope.,results/legacy/solver_experiments/qbx-closeout-20260901/star/metrics.json,,,preserve forward snapshot; rerun only changed backend/scene checks
solver_comparisons/legacy/qbx-closeout-20260901/star,solver_comparisons/legacy/qbx-closeout-20260901/star::qbx_sdfraw8,results/solver_comparisons/legacy/qbx-closeout-20260901/star,results/legacy/solver_experiments/qbx-closeout-20260901/star,,2026-09-01,inferred from original bundle label; UTC run timestamp not recorded,forward_solver_aggregate,per-solver implicit band / Method-B Kress / cached independent reference; see scene metadata,not_applicable (no inverse),qbx_sdfraw8,none,star,not_applicable (forward comparison),qbx_sdfraw8,"Baseline: standalone Nystrom reference, N=512, on the smooth star. BEM rows use the full 24-pair ring against Nystrom; the gprMax row, when present, uses only the cached index-0 FDTD pair against Nystrom. gprMax lookup prefers harmonic single-frequency caches, then scaled Ricker caches, then the legacy fixed-sweep cache.","frequencies Hz=[500000000.0,1500000000.0,2500000000.0,4000000000.0,6000000000.0,8000000000.0]; scene scan metadata; gprMax may have pair 0 only",{},historical,saved_forward_metrics,not_applicable,not_applicable,,,,per-frequency reported relative_error; see numeric artifact,,,Per-frequency errors retained; do not equate small solve residual with accurate scattered field. Historical QBX/offset control.,Use supported same-SDF Method-B forward controls; corners/two components and QBX have separate scope.,results/legacy/solver_experiments/qbx-closeout-20260901/star/metrics.json,,,preserve forward snapshot; rerun only changed backend/scene checks
solver_comparisons/legacy/qbx-closeout-20260901/two_circle,solver_comparisons/legacy/qbx-closeout-20260901/two_circle::gpr_bem_kdiff,results/solver_comparisons/legacy/qbx-closeout-20260901/two_circle,results/legacy/solver_experiments/qbx-closeout-20260901/two_circle,,2026-09-01,inferred from original bundle label; UTC run timestamp not recorded,forward_solver_aggregate,per-solver implicit band / Method-B Kress / cached independent reference; see scene metadata,not_applicable (no inverse),gpr_bem_kdiff,none,two_circle,not_applicable (forward comparison),gpr_bem_kdiff,"Baseline: cached gprMax FDTD result for the index-0 ring pair only; that cache was available in this run. Table err columns are relative errors against gprMax when the cache exists, otherwise n/a. The separate two-circle pytest also gates gpr_bem_mod by self-convergence because nystrom_ref is single-component only; metrics.json additionally keeps full-ring deltas to gpr_bem_mod as a consistency diagnostic.","frequencies Hz=[500000000.0,1500000000.0,2500000000.0,4000000000.0,6000000000.0,8000000000.0]; scene scan metadata; gprMax may have pair 0 only",{},historical,saved_forward_metrics,not_applicable,not_applicable,,,,per-frequency reported relative_error; see numeric artifact,,,Per-frequency errors retained; do not equate small solve residual with accurate scattered field. Historical QBX/offset control.,Use supported same-SDF Method-B forward controls; corners/two components and QBX have separate scope.,results/legacy/solver_experiments/qbx-closeout-20260901/two_circle/metrics.json,,,preserve forward snapshot; rerun only changed backend/scene checks
solver_comparisons/legacy/qbx-closeout-20260901/two_circle,solver_comparisons/legacy/qbx-closeout-20260901/two_circle::gpr_bem_mod,results/solver_comparisons/legacy/qbx-closeout-20260901/two_circle,results/legacy/solver_experiments/qbx-closeout-20260901/two_circle,,2026-09-01,inferred from original bundle label; UTC run timestamp not recorded,forward_solver_aggregate,per-solver implicit band / Method-B Kress / cached independent reference; see scene metadata,not_applicable (no inverse),gpr_bem_mod,none,two_circle,not_applicable (forward comparison),gpr_bem_mod,"Baseline: cached gprMax FDTD result for the index-0 ring pair only; that cache was available in this run. Table err columns are relative errors against gprMax when the cache exists, otherwise n/a. The separate two-circle pytest also gates gpr_bem_mod by self-convergence because nystrom_ref is single-component only; metrics.json additionally keeps full-ring deltas to gpr_bem_mod as a consistency diagnostic.","frequencies Hz=[500000000.0,1500000000.0,2500000000.0,4000000000.0,6000000000.0,8000000000.0]; scene scan metadata; gprMax may have pair 0 only",{},historical,saved_forward_metrics,not_applicable,not_applicable,,,,per-frequency reported relative_error; see numeric artifact,,,Per-frequency errors retained; do not equate small solve residual with accurate scattered field. Historical QBX/offset control.,Use supported same-SDF Method-B forward controls; corners/two components and QBX have separate scope.,results/legacy/solver_experiments/qbx-closeout-20260901/two_circle/metrics.json,,,preserve forward snapshot; rerun only changed backend/scene checks
solver_comparisons/legacy/qbx-closeout-20260901/two_circle,solver_comparisons/legacy/qbx-closeout-20260901/two_circle::gpr_bem_qbx,results/solver_comparisons/legacy/qbx-closeout-20260901/two_circle,results/legacy/solver_experiments/qbx-closeout-20260901/two_circle,,2026-09-01,inferred from original bundle label; UTC run timestamp not recorded,forward_solver_aggregate,per-solver implicit band / Method-B Kress / cached independent reference; see scene metadata,not_applicable (no inverse),gpr_bem_qbx,none,two_circle,not_applicable (forward comparison),gpr_bem_qbx,"Baseline: cached gprMax FDTD result for the index-0 ring pair only; that cache was available in this run. Table err columns are relative errors against gprMax when the cache exists, otherwise n/a. The separate two-circle pytest also gates gpr_bem_mod by self-convergence because nystrom_ref is single-component only; metrics.json additionally keeps full-ring deltas to gpr_bem_mod as a consistency diagnostic.","frequencies Hz=[500000000.0,1500000000.0,2500000000.0,4000000000.0,6000000000.0,8000000000.0]; scene scan metadata; gprMax may have pair 0 only",{},historical,saved_forward_metrics,not_applicable,not_applicable,,,,per-frequency reported relative_error; see numeric artifact,,,Per-frequency errors retained; do not equate small solve residual with accurate scattered field. Historical QBX/offset control.,Use supported same-SDF Method-B forward controls; corners/two components and QBX have separate scope.,results/legacy/solver_experiments/qbx-closeout-20260901/two_circle/metrics.json,,,preserve forward snapshot; rerun only changed backend/scene checks
solver_comparisons/legacy/qbx-closeout-20260901/two_circle,solver_comparisons/legacy/qbx-closeout-20260901/two_circle::gpr_bem_ref,results/solver_comparisons/legacy/qbx-closeout-20260901/two_circle,results/legacy/solver_experiments/qbx-closeout-20260901/two_circle,,2026-09-01,inferred from original bundle label; UTC run timestamp not recorded,forward_solver_aggregate,per-solver implicit band / Method-B Kress / cached independent reference; see scene metadata,not_applicable (no inverse),gpr_bem_ref,none,two_circle,not_applicable (forward comparison),gpr_bem_ref,"Baseline: cached gprMax FDTD result for the index-0 ring pair only; that cache was available in this run. Table err columns are relative errors against gprMax when the cache exists, otherwise n/a. The separate two-circle pytest also gates gpr_bem_mod by self-convergence because nystrom_ref is single-component only; metrics.json additionally keeps full-ring deltas to gpr_bem_mod as a consistency diagnostic.","frequencies Hz=[500000000.0,1500000000.0,2500000000.0,4000000000.0,6000000000.0,8000000000.0]; scene scan metadata; gprMax may have pair 0 only",{},historical,saved_forward_metrics,not_applicable,not_applicable,,,,per-frequency reported relative_error; see numeric artifact,,,Per-frequency errors retained; do not equate small solve residual with accurate scattered field. Historical QBX/offset control.,Use supported same-SDF Method-B forward controls; corners/two components and QBX have separate scope.,results/legacy/solver_experiments/qbx-closeout-20260901/two_circle/metrics.json,,,preserve forward snapshot; rerun only changed backend/scene checks
solver_comparisons/legacy/qbx-closeout-20260901/two_circle,solver_comparisons/legacy/qbx-closeout-20260901/two_circle::gprmax,results/solver_comparisons/legacy/qbx-closeout-20260901/two_circle,results/legacy/solver_experiments/qbx-closeout-20260901/two_circle,,2026-09-01,inferred from original bundle label; UTC run timestamp not recorded,forward_solver_aggregate,per-solver implicit band / Method-B Kress / cached independent reference; see scene metadata,not_applicable (no inverse),gprmax,none,two_circle,not_applicable (forward comparison),gprmax,"Baseline: cached gprMax FDTD result for the index-0 ring pair only; that cache was available in this run. Table err columns are relative errors against gprMax when the cache exists, otherwise n/a. The separate two-circle pytest also gates gpr_bem_mod by self-convergence because nystrom_ref is single-component only; metrics.json additionally keeps full-ring deltas to gpr_bem_mod as a consistency diagnostic.","frequencies Hz=[500000000.0,1500000000.0,2500000000.0,4000000000.0,6000000000.0,8000000000.0]; scene scan metadata; gprMax may have pair 0 only",{},historical,saved_forward_metrics,not_applicable,not_applicable,,,,per-frequency reported relative_error; see numeric artifact,,,Per-frequency errors retained; do not equate small solve residual with accurate scattered field. Historical QBX/offset control.,Use supported same-SDF Method-B forward controls; corners/two components and QBX have separate scope.,results/legacy/solver_experiments/qbx-closeout-20260901/two_circle/metrics.json,,,preserve forward snapshot; rerun only changed backend/scene checks
solver_comparisons/legacy/qbx-closeout-20260901/two_circle,solver_comparisons/legacy/qbx-closeout-20260901/two_circle::qbx_fourier8,results/solver_comparisons/legacy/qbx-closeout-20260901/two_circle,results/legacy/solver_experiments/qbx-closeout-20260901/two_circle,,2026-09-01,inferred from original bundle label; UTC run timestamp not recorded,forward_solver_aggregate,per-solver implicit band / Method-B Kress / cached independent reference; see scene metadata,not_applicable (no inverse),qbx_fourier8,none,two_circle,not_applicable (forward comparison),qbx_fourier8,"Baseline: cached gprMax FDTD result for the index-0 ring pair only; that cache was available in this run. Table err columns are relative errors against gprMax when the cache exists, otherwise n/a. The separate two-circle pytest also gates gpr_bem_mod by self-convergence because nystrom_ref is single-component only; metrics.json additionally keeps full-ring deltas to gpr_bem_mod as a consistency diagnostic.","frequencies Hz=[500000000.0,1500000000.0,2500000000.0,4000000000.0,6000000000.0,8000000000.0]; scene scan metadata; gprMax may have pair 0 only",{},historical,saved_forward_metrics,not_applicable,not_applicable,,,,per-frequency reported relative_error; see numeric artifact,,,Per-frequency errors retained; do not equate small solve residual with accurate scattered field. Historical QBX/offset control.,Use supported same-SDF Method-B forward controls; corners/two components and QBX have separate scope.,results/legacy/solver_experiments/qbx-closeout-20260901/two_circle/metrics.json,,,preserve forward snapshot; rerun only changed backend/scene checks
solver_comparisons/legacy/qbx-closeout-20260901/two_circle,solver_comparisons/legacy/qbx-closeout-20260901/two_circle::qbx_sdfraw8,results/solver_comparisons/legacy/qbx-closeout-20260901/two_circle,results/legacy/solver_experiments/qbx-closeout-20260901/two_circle,,2026-09-01,inferred from original bundle label; UTC run timestamp not recorded,forward_solver_aggregate,per-solver implicit band / Method-B Kress / cached independent reference; see scene metadata,not_applicable (no inverse),qbx_sdfraw8,none,two_circle,not_applicable (forward comparison),qbx_sdfraw8,"Baseline: cached gprMax FDTD result for the index-0 ring pair only; that cache was available in this run. Table err columns are relative errors against gprMax when the cache exists, otherwise n/a. The separate two-circle pytest also gates gpr_bem_mod by self-convergence because nystrom_ref is single-component only; metrics.json additionally keeps full-ring deltas to gpr_bem_mod as a consistency diagnostic.","frequencies Hz=[500000000.0,1500000000.0,2500000000.0,4000000000.0,6000000000.0,8000000000.0]; scene scan metadata; gprMax may have pair 0 only",{},historical,saved_forward_metrics,not_applicable,not_applicable,,,,per-frequency reported relative_error; see numeric artifact,,,Per-frequency errors retained; do not equate small solve residual with accurate scattered field. Historical QBX/offset control.,Use supported same-SDF Method-B forward controls; corners/two components and QBX have separate scope.,results/legacy/solver_experiments/qbx-closeout-20260901/two_circle/metrics.json,,,preserve forward snapshot; rerun only changed backend/scene checks
smooth_distance_supervision/task-b-circle-star-refined-20260905,smooth_distance_supervision/task-b-circle-star-refined-20260905::circle::legacy_polygon,results/smooth_distance_supervision/task-b-circle-star-refined-20260905,results/representation/smooth_distance_supervision/task-b-circle-star-refined-20260905,,2026-09-05,inferred from original bundle label; UTC run timestamp not recorded,frozen_curve_mlp_distance_supervision,frozen exact circle/star reference; fitted MLP extracted through Method B for audit,neural training against distance/Eikonal targets; no data inverse,circle::legacy_polygon,legacy_polygon,circle; frozen 65 mm circle or five-lobe star amplitude 0.2 rotation 0.15,same seeded two-layer width 32 MLP and 32-node training polygon; 600 steps,KRESS (audit only),circle Mie check; refined exact-curve Kress star (same solver family),6 paired Tx/Rx; 0.6/0.9 GHz; complex source 1+0.2i,no added noise; epsr exterior/interior 6/3; lossless nonmagnetic TMz,supporting,trained,not_applicable,failed_redistance_stopping_gate,maximum_steps,,,frozen extracted MLP curve vs canonical scattered-field response; not holdout inverse error,0.00023338768051746803,refined symmetric set drift from canonical curve,600-step fit: independent distance RMS 0.0001929 m; finest extracted field error 0.01568; strict redistance gate failed.,Use continuous-distance labels and independently refined Method-B extraction audits; smooth labels alone do not make star SDF delivery pass.,results/representation/smooth_distance_supervision/task-b-circle-star-refined-20260905/summary.json,41420c2875d49f9ab8774f572c94b989d56fc309; inspect recorded dirty state/source hashes for exact measured code,/home/drdeng/miniconda3/envs/EMNerf/bin/python run_smooth_distance_supervision_comparison.py --output-dir results/smooth_distance_supervision/task-b-circle-star-refined-20260905 --steps 600,preserve refined control; new strict fits should audit labeling and extraction separately
smooth_distance_supervision/task-b-circle-star-refined-20260905,smooth_distance_supervision/task-b-circle-star-refined-20260905::circle::smooth_curve,results/smooth_distance_supervision/task-b-circle-star-refined-20260905,results/representation/smooth_distance_supervision/task-b-circle-star-refined-20260905,,2026-09-05,inferred from original bundle label; UTC run timestamp not recorded,frozen_curve_mlp_distance_supervision,frozen exact circle/star reference; fitted MLP extracted through Method B for audit,neural training against distance/Eikonal targets; no data inverse,circle::smooth_curve,smooth_curve,circle; frozen 65 mm circle or five-lobe star amplitude 0.2 rotation 0.15,same seeded two-layer width 32 MLP and 32-node training polygon; 600 steps,KRESS (audit only),circle Mie check; refined exact-curve Kress star (same solver family),6 paired Tx/Rx; 0.6/0.9 GHz; complex source 1+0.2i,no added noise; epsr exterior/interior 6/3; lossless nonmagnetic TMz,supporting,trained,not_applicable,failed_redistance_stopping_gate,maximum_steps,,,frozen extracted MLP curve vs canonical scattered-field response; not holdout inverse error,3.847436496490049e-05,refined symmetric set drift from canonical curve,600-step fit: independent distance RMS 0.0001044 m; finest extracted field error 0.0001417; strict redistance gate failed.,Use continuous-distance labels and independently refined Method-B extraction audits; smooth labels alone do not make star SDF delivery pass.,results/representation/smooth_distance_supervision/task-b-circle-star-refined-20260905/summary.json,41420c2875d49f9ab8774f572c94b989d56fc309; inspect recorded dirty state/source hashes for exact measured code,/home/drdeng/miniconda3/envs/EMNerf/bin/python run_smooth_distance_supervision_comparison.py --output-dir results/smooth_distance_supervision/task-b-circle-star-refined-20260905 --steps 600,preserve refined control; new strict fits should audit labeling and extraction separately
smooth_distance_supervision/task-b-circle-star-refined-20260905,smooth_distance_supervision/task-b-circle-star-refined-20260905::star::legacy_polygon,results/smooth_distance_supervision/task-b-circle-star-refined-20260905,results/representation/smooth_distance_supervision/task-b-circle-star-refined-20260905,,2026-09-05,inferred from original bundle label; UTC run timestamp not recorded,frozen_curve_mlp_distance_supervision,frozen exact circle/star reference; fitted MLP extracted through Method B for audit,neural training against distance/Eikonal targets; no data inverse,star::legacy_polygon,legacy_polygon,star; frozen 65 mm circle or five-lobe star amplitude 0.2 rotation 0.15,same seeded two-layer width 32 MLP and 32-node training polygon; 600 steps,KRESS (audit only),circle Mie check; refined exact-curve Kress star (same solver family),6 paired Tx/Rx; 0.6/0.9 GHz; complex source 1+0.2i,no added noise; epsr exterior/interior 6/3; lossless nonmagnetic TMz,supporting,trained,not_applicable,failed_redistance_stopping_gate,maximum_steps,,,frozen extracted MLP curve vs canonical scattered-field response; not holdout inverse error,0.0016049951314921621,refined symmetric set drift from canonical curve,600-step fit: independent distance RMS 0.003542 m; finest extracted field error 0.05914; strict redistance gate failed.,Use continuous-distance labels and independently refined Method-B extraction audits; smooth labels alone do not make star SDF delivery pass.,results/representation/smooth_distance_supervision/task-b-circle-star-refined-20260905/summary.json,41420c2875d49f9ab8774f572c94b989d56fc309; inspect recorded dirty state/source hashes for exact measured code,/home/drdeng/miniconda3/envs/EMNerf/bin/python run_smooth_distance_supervision_comparison.py --output-dir results/smooth_distance_supervision/task-b-circle-star-refined-20260905 --steps 600,preserve refined control; new strict fits should audit labeling and extraction separately
smooth_distance_supervision/task-b-circle-star-refined-20260905,smooth_distance_supervision/task-b-circle-star-refined-20260905::star::smooth_curve,results/smooth_distance_supervision/task-b-circle-star-refined-20260905,results/representation/smooth_distance_supervision/task-b-circle-star-refined-20260905,,2026-09-05,inferred from original bundle label; UTC run timestamp not recorded,frozen_curve_mlp_distance_supervision,frozen exact circle/star reference; fitted MLP extracted through Method B for audit,neural training against distance/Eikonal targets; no data inverse,star::smooth_curve,smooth_curve,star; frozen 65 mm circle or five-lobe star amplitude 0.2 rotation 0.15,same seeded two-layer width 32 MLP and 32-node training polygon; 600 steps,KRESS (audit only),circle Mie check; refined exact-curve Kress star (same solver family),6 paired Tx/Rx; 0.6/0.9 GHz; complex source 1+0.2i,no added noise; epsr exterior/interior 6/3; lossless nonmagnetic TMz,supporting,trained,not_applicable,failed_redistance_stopping_gate,maximum_steps,,,frozen extracted MLP curve vs canonical scattered-field response; not holdout inverse error,0.0005345193986117969,refined symmetric set drift from canonical curve,600-step fit: independent distance RMS 0.003596 m; finest extracted field error 0.003796; strict redistance gate failed.,Use continuous-distance labels and independently refined Method-B extraction audits; smooth labels alone do not make star SDF delivery pass.,results/representation/smooth_distance_supervision/task-b-circle-star-refined-20260905/summary.json,41420c2875d49f9ab8774f572c94b989d56fc309; inspect recorded dirty state/source hashes for exact measured code,/home/drdeng/miniconda3/envs/EMNerf/bin/python run_smooth_distance_supervision_comparison.py --output-dir results/smooth_distance_supervision/task-b-circle-star-refined-20260905 --steps 600,preserve refined control; new strict fits should audit labeling and extraction separately
distance_tangency/first-batch-20260906,distance_tangency/first-batch-20260906::grouped,results/distance_tangency/first-batch-20260906,results/validation/distance_tangency/first-batch-20260906,2026-09-06T00:03:39.496572+00:00,2026-09-06,manifest.json:provenance.utc_started (recorded artifact timestamp; not necessarily start/end),method_b_distance_tangency_controls,Method-B fallback and contact/tangent Cartesian Fourier candidates,not_applicable (no inverse),grouped,frozen neural-star fixture; no fitting during this study,exact/distorted circle/ellipse plus frozen neural star; grouped 75 arms,not_applicable; forward/frozen-input study,KRESS (post-fit audit),independent refined zero-reference fields; canonical reference audit separate,12 paired Tx/Rx;0.5/1.5 GHz,no added noise;epsr exterior/interior 6/3;lossless TMz,supporting,completed,not_applicable,not_applicable,,,,,,,No predeclared >10% matched-error work win; distorted/neural metric contacts rejected; use decision_supplement.json erratum.,Do not treat approximate neural off-surface values as metric radii; preserve zero/sign/contact guards and distance-free controls.,results/validation/distance_tangency/first-batch-20260906/manifest.json; results/validation/distance_tangency/first-batch-20260906/decision_supplement.json,41420c2875d49f9ab8774f572c94b989d56fc309; inspect recorded dirty state/source hashes for exact measured code,/home/drdeng/miniconda3/envs/EMNerf/bin/python run_distance_tangency_comparison.py --output results/distance_tangency/first-batch-20260906,preserve; no rerun needed for organization
kress_shape_derivative/refined-audits-20260906,kress_shape_derivative/refined-audits-20260906::grouped,results/kress_shape_derivative/refined-audits-20260906,results/validation/kress_shape_derivative/refined-audits-20260906,2026-09-06T00:01:19.468704+00:00,2026-09-06,metrics.json:created_utc (recorded artifact timestamp; not necessarily start/end),complete_discrete_kress_derivative,fixed-correspondence explicit periodic curve paths,analytic complete discrete geometry/material JVP + adjoint; FD/oracle audit; no inverse,grouped,none,circle/ellipse/star/zero_contrast; grouped 96 case/node/direction records,not_applicable; forward/frozen-input study,KRESS,,,,supporting,completed,not_applicable,not_applicable,,,,,,,96/96 fixed-node checks and separate physical/oracle refinement gate pass.,Reuse verified full field derivatives; still verify the neural/Method-B map and parameter/shape-direction transfer separately.,results/validation/kress_shape_derivative/refined-audits-20260906/metrics.json,41420c2875d49f9ab8774f572c94b989d56fc309; inspect recorded dirty state/source hashes for exact measured code,/home/drdeng/miniconda3/envs/EMNerf/bin/python /home/drdeng/Neural_SDF_BEM_AD/run_kress_shape_derivative_validation.py --output-dir results/kress_shape_derivative/refined-audits-20260906,preserve; no rerun needed for organization
ordered_boundary_nystrom/method-b-frozen-20260902,ordered_boundary_nystrom/method-b-frozen-20260902::grouped,results/ordered_boundary_nystrom/method-b-frozen-20260902,results/validation/ordered_boundary_nystrom/method-b-frozen-20260902,2026-09-02T14:12:48.511816+00:00,2026-09-02,manifest.json:created_utc (recorded artifact timestamp; not necessarily start/end),method_b_frozen_forward_validation,frozen Method-B Cartesian Fourier curves,not_applicable (no inverse),grouped,none,Method-B circleK4 / ellipseK32 / starK32; grouped 9 gate cases,not_applicable; forward/frozen-input study,KRESS,Mie circle / independent high-N Nyström ellipse/star,4 paired Tx/Rx;0.5/2.5/8 GHz; node ladder,lossless nonmagnetic TMz; settings in manifest,supporting,completed,not_applicable,not_applicable,,,,,,,9/9 gates pass; worst largest-N receiver error 4.79e-9 on frozen geometry.,Method-B output can support accurate BEM; inspect extracted geometry separately from fixed-curve quadrature.,results/validation/ordered_boundary_nystrom/method-b-frozen-20260902/manifest.json,9ef8948031434e90a83db0818f0f5b71d343adf5; inspect recorded dirty state/source hashes for exact measured code,"/home/drdeng/miniconda3/envs/EMNerf/bin/python run_ordered_nystrom_validation.py --preset quick --nodes 128,256 --reference-nodes 512 --shapes none --curve-npz results/sdf_boundary_parameterization/kress-scalar-proxy-20260902/frozen_curves/circle__g257x257__m256__b__k004.npz --curve-npz results/sdf_boundary_parameterization/kress-scalar-proxy-20260902/frozen_curves/rotated_ellipse__g257x257__m256__b__k032.npz --curve-npz results/sdf_boundary_parameterization/kress-scalar-proxy-20260902/frozen_curves/radial_fourier_star__g257x257__m256__b__k032.npz --timing-repeats 3 --run-id method-b-frozen-20260902",preserve; no rerun needed for organization
ordered_boundary_nystrom/quick-20260902,ordered_boundary_nystrom/quick-20260902::grouped,results/ordered_boundary_nystrom/quick-20260902,results/validation/ordered_boundary_nystrom/quick-20260902,2026-09-02T14:12:20.042425+00:00,2026-09-02,manifest.json:created_utc (recorded artifact timestamp; not necessarily start/end),exact_curve_forward_validation,exact periodic curves,not_applicable (no inverse),grouped,none,exact circle/ellipse/star; grouped 9 gate cases over node/frequency ladder,not_applicable; forward/frozen-input study,KRESS,Mie circle / independent high-N Nyström ellipse/star,4 paired Tx/Rx;0.5/2.5/8 GHz; node ladder,lossless nonmagnetic TMz; settings in manifest,supporting,completed,not_applicable,not_applicable,,,,,,,9/9 gates pass; worst largest-N receiver error 1.22e-8.,Use independent forward accuracy/refinement checks while repairing strict geometry feedback.,results/validation/ordered_boundary_nystrom/quick-20260902/manifest.json,9ef8948031434e90a83db0818f0f5b71d343adf5; inspect recorded dirty state/source hashes for exact measured code,/home/drdeng/miniconda3/envs/EMNerf/bin/python run_ordered_nystrom_validation.py --preset quick --timing-repeats 3 --run-id quick-20260902,preserve; no rerun needed for organization
parameterization_aware/first-batch-20260905,parameterization_aware/first-batch-20260905::grouped,results/parameterization_aware/first-batch-20260905,results/validation/parameterization_aware/first-batch-20260905,2026-09-05T14:49:47.502951+00:00,2026-09-05,manifest.json:created_utc (recorded artifact timestamp; not necessarily start/end),method_b_parameterization_controls,frozen projected points; Method B and ordered-label Cartesian Fourier fits,not_applicable (no inverse),grouped,none,circle/ellipse/star/nonstar; grouped 82 methods and 246 K/N rows,not_applicable; forward/frozen-input study,KRESS (post-fit audit),refined independent analytic/reference curves; post-fit Kress audits,,noiseless homogeneous full-space TMz,supporting,completed,not_applicable,not_applicable,,,,,,,No broad matched-work advantage; nonstar case is not star-shaped about any center.,Improve Method-B labeling/bandwidth without assuming radial topology; preserve failed fits and posthoc qualifications.,results/validation/parameterization_aware/first-batch-20260905/manifest.json; results/validation/parameterization_aware/first-batch-20260905/decision_supplement.json,41420c2875d49f9ab8774f572c94b989d56fc309; inspect recorded dirty state/source hashes for exact measured code,/home/drdeng/miniconda3/envs/EMNerf/bin/python /home/drdeng/Neural_SDF_BEM_AD/run_parameterization_aware_comparison.py --output results/parameterization_aware/first-batch-20260905,preserve; no rerun needed for organization
sdf_boundary_parameterization/kress-scalar-proxy-20260902,sdf_boundary_parameterization/kress-scalar-proxy-20260902::grouped,results/sdf_boundary_parameterization/kress-scalar-proxy-20260902,results/validation/sdf_boundary_parameterization/kress-scalar-proxy-20260902,2026-09-02T10:15:55.699532+00:00,2026-09-02,manifest.json:generated_at_utc (recorded artifact timestamp; not necessarily start/end),scalar_log_quadrature_proxy,frozen Method-A/B/C curves,not_applicable (no inverse),grouped,none,circle/ellipse/star frozen A/B/C curves; grouped scalar convergence sweep,not_applicable; forward/frozen-input study,scalar manufactured log product rule; no BIE,,,,supporting,completed,not_applicable,not_applicable,,,,,,,Scalar manufactured quadrature passes; no PDE/receiver solution measured.,Keep geometry error distinct from quadrature error; retain Method-B bandwidth diagnostics.,results/validation/sdf_boundary_parameterization/kress-scalar-proxy-20260902/metrics.json,,,preserve; no rerun needed for organization
sdf_boundary_parameterization/smoke-20260902,sdf_boundary_parameterization/smoke-20260902::grouped,results/sdf_boundary_parameterization/smoke-20260902,results/validation/sdf_boundary_parameterization/smoke-20260902,,2026-09-02,inferred from original bundle label; UTC run timestamp not recorded,method_abc_frontend,A spline / B Cartesian Fourier / C SDF-refined Fourier,not_applicable (no inverse),grouped,none,circle; rotated_ellipse; radial_fourier_star; grouped 15 geometry rows,not_applicable; forward/frozen-input study,none (geometry only),,,,supporting,completed,not_applicable,not_applicable,,,,,,,"Compact A/B/C geometry smoke, including rejected/fallback fits.","Use Method-B residual, derivative and topology controls before judging strict inverse progress.",results/validation/sdf_boundary_parameterization/smoke-20260902/manifest.json,,,preserve; no rerun needed for organization
sdf_boundary_parameterization/study-20260902,sdf_boundary_parameterization/study-20260902::grouped,results/sdf_boundary_parameterization/study-20260902,results/validation/sdf_boundary_parameterization/study-20260902,,2026-09-02,inferred from original bundle label; UTC run timestamp not recorded,method_abc_frontend,A spline / B Cartesian Fourier / C SDF-refined Fourier,not_applicable (no inverse),grouped,none,circle; rotated_ellipse; radial_fourier_star; grouped 162 geometry rows,not_applicable; forward/frozen-input study,none (geometry only),,,,supporting,completed,not_applicable,not_applicable,,,,,,,Full geometry sweep: B remains useful; C fallback is not independent geometry.,Choose extraction bandwidth using geometric and derivative error; an accurate forward solve cannot repair a wrong curve.,results/validation/sdf_boundary_parameterization/study-20260902/manifest.json,,,preserve; no rerun needed for organization
solver_comparisons/current/circle,solver_comparisons/current/circle::gpr_bem_kdiff,results/solver_comparisons/current/circle,results/validation/solver_comparisons/current/circle,,,unknown run UTC; kress-peer report is dated2026-09-02 but current directory is mutable,forward_solver_aggregate,per-solver implicit band / Method-B Kress / cached independent reference; see scene metadata,not_applicable (no inverse),gpr_bem_kdiff,none,circle,not_applicable (forward comparison),gpr_bem_kdiff,"{""kind"":""analytic_penetrable_cylinder_mie"",""num_nodes"":null}","frequencies Hz=[500000000.0,1500000000.0,2500000000.0,4000000000.0,6000000000.0,8000000000.0]; scene scan metadata; gprMax may have pair 0 only","{""eps 0_f_per_m"":8.854187817e-12,""exterior"":{""conductivity_s_per_m"":0.0,""relative_permeability"":1.0,""relative_permittivity"":6.0},""interior"":{""conductivity_s_per_m"":0.0,""relative_permeability"":1.0,""relative_permittivity"":3.0},""mu 0_h_per_m"":1.2566370614359173e-06}",supporting,saved_forward_metrics,not_applicable,not_applicable,,,,full-ring relative L2 (24 paired fields),,,"Per-frequency errors retained; do not equate small solve residual with accurate scattered field. Current is an output-location name, not proof of fresh execution.",Use supported same-SDF Method-B forward controls; corners/two components and QBX have separate scope.,results/validation/solver_comparisons/current/circle/metrics.json,,,preserve forward snapshot; rerun only changed backend/scene checks
solver_comparisons/current/circle,solver_comparisons/current/circle::gpr_bem_kress,results/solver_comparisons/current/circle,results/validation/solver_comparisons/current/circle,,,unknown run UTC; kress-peer report is dated2026-09-02 but current directory is mutable,forward_solver_aggregate,per-solver implicit band / Method-B Kress / cached independent reference; see scene metadata,not_applicable (no inverse),gpr_bem_kress,none,circle,not_applicable (forward comparison),gpr_bem_kress,"{""kind"":""analytic_penetrable_cylinder_mie"",""num_nodes"":null}","frequencies Hz=[500000000.0,1500000000.0,2500000000.0,4000000000.0,6000000000.0,8000000000.0]; scene scan metadata; gprMax may have pair 0 only","{""eps 0_f_per_m"":8.854187817e-12,""exterior"":{""conductivity_s_per_m"":0.0,""relative_permeability"":1.0,""relative_permittivity"":6.0},""interior"":{""conductivity_s_per_m"":0.0,""relative_permeability"":1.0,""relative_permittivity"":3.0},""mu 0_h_per_m"":1.2566370614359173e-06}",supporting,saved_forward_metrics,not_applicable,not_applicable,,,,full-ring relative L2 (24 paired fields),,,"Per-frequency errors retained; do not equate small solve residual with accurate scattered field. Current is an output-location name, not proof of fresh execution.",Use supported same-SDF Method-B forward controls; corners/two components and QBX have separate scope.,results/validation/solver_comparisons/current/circle/metrics.json,,,preserve forward snapshot; rerun only changed backend/scene checks
solver_comparisons/current/circle,solver_comparisons/current/circle::gpr_bem_mod,results/solver_comparisons/current/circle,results/validation/solver_comparisons/current/circle,,,unknown run UTC; kress-peer report is dated2026-09-02 but current directory is mutable,forward_solver_aggregate,per-solver implicit band / Method-B Kress / cached independent reference; see scene metadata,not_applicable (no inverse),gpr_bem_mod,none,circle,not_applicable (forward comparison),gpr_bem_mod,"{""kind"":""analytic_penetrable_cylinder_mie"",""num_nodes"":null}","frequencies Hz=[500000000.0,1500000000.0,2500000000.0,4000000000.0,6000000000.0,8000000000.0]; scene scan metadata; gprMax may have pair 0 only","{""eps 0_f_per_m"":8.854187817e-12,""exterior"":{""conductivity_s_per_m"":0.0,""relative_permeability"":1.0,""relative_permittivity"":6.0},""interior"":{""conductivity_s_per_m"":0.0,""relative_permeability"":1.0,""relative_permittivity"":3.0},""mu 0_h_per_m"":1.2566370614359173e-06}",supporting,saved_forward_metrics,not_applicable,not_applicable,,,,full-ring relative L2 (24 paired fields),,,"Per-frequency errors retained; do not equate small solve residual with accurate scattered field. Current is an output-location name, not proof of fresh execution.",Use supported same-SDF Method-B forward controls; corners/two components and QBX have separate scope.,results/validation/solver_comparisons/current/circle/metrics.json,,,preserve forward snapshot; rerun only changed backend/scene checks
solver_comparisons/current/circle,solver_comparisons/current/circle::gpr_bem_ref,results/solver_comparisons/current/circle,results/validation/solver_comparisons/current/circle,,,unknown run UTC; kress-peer report is dated2026-09-02 but current directory is mutable,forward_solver_aggregate,per-solver implicit band / Method-B Kress / cached independent reference; see scene metadata,not_applicable (no inverse),gpr_bem_ref,none,circle,not_applicable (forward comparison),gpr_bem_ref,"{""kind"":""analytic_penetrable_cylinder_mie"",""num_nodes"":null}","frequencies Hz=[500000000.0,1500000000.0,2500000000.0,4000000000.0,6000000000.0,8000000000.0]; scene scan metadata; gprMax may have pair 0 only","{""eps 0_f_per_m"":8.854187817e-12,""exterior"":{""conductivity_s_per_m"":0.0,""relative_permeability"":1.0,""relative_permittivity"":6.0},""interior"":{""conductivity_s_per_m"":0.0,""relative_permeability"":1.0,""relative_permittivity"":3.0},""mu 0_h_per_m"":1.2566370614359173e-06}",supporting,saved_forward_metrics,not_applicable,not_applicable,,,,full-ring relative L2 (24 paired fields),,,"Per-frequency errors retained; do not equate small solve residual with accurate scattered field. Current is an output-location name, not proof of fresh execution.",Use supported same-SDF Method-B forward controls; corners/two components and QBX have separate scope.,results/validation/solver_comparisons/current/circle/metrics.json,,,preserve forward snapshot; rerun only changed backend/scene checks
solver_comparisons/current/circle,solver_comparisons/current/circle::gprmax,results/solver_comparisons/current/circle,results/validation/solver_comparisons/current/circle,,,unknown run UTC; kress-peer report is dated2026-09-02 but current directory is mutable,forward_solver_aggregate,per-solver implicit band / Method-B Kress / cached independent reference; see scene metadata,not_applicable (no inverse),gprmax,none,circle,not_applicable (forward comparison),gprmax,"{""kind"":""analytic_penetrable_cylinder_mie"",""num_nodes"":null}","frequencies Hz=[500000000.0,1500000000.0,2500000000.0,4000000000.0,6000000000.0,8000000000.0]; scene scan metadata; gprMax may have pair 0 only","{""eps 0_f_per_m"":8.854187817e-12,""exterior"":{""conductivity_s_per_m"":0.0,""relative_permeability"":1.0,""relative_permittivity"":6.0},""interior"":{""conductivity_s_per_m"":0.0,""relative_permeability"":1.0,""relative_permittivity"":3.0},""mu 0_h_per_m"":1.2566370614359173e-06}",supporting,saved_forward_metrics,not_applicable,not_applicable,,,,index-0 relative error (one cached FDTD pair),,,"Per-frequency errors retained; do not equate small solve residual with accurate scattered field. Current is an output-location name, not proof of fresh execution.",Use supported same-SDF Method-B forward controls; corners/two components and QBX have separate scope.,results/validation/solver_comparisons/current/circle/metrics.json,,,preserve forward snapshot; rerun only changed backend/scene checks
solver_comparisons/current/circle,solver_comparisons/current/circle::kernel_diff*,results/solver_comparisons/current/circle,results/validation/solver_comparisons/current/circle,,,unknown run UTC; kress-peer report is dated2026-09-02 but current directory is mutable,forward_solver_aggregate,per-solver implicit band / Method-B Kress / cached independent reference; see scene metadata,not_applicable (no inverse),kernel_diff*,none,circle,not_applicable (forward comparison),kernel_diff*,"{""kind"":""analytic_penetrable_cylinder_mie"",""num_nodes"":null}","frequencies Hz=[500000000.0,1500000000.0,2500000000.0,4000000000.0,6000000000.0,8000000000.0]; scene scan metadata; gprMax may have pair 0 only","{""eps 0_f_per_m"":8.854187817e-12,""exterior"":{""conductivity_s_per_m"":0.0,""relative_permeability"":1.0,""relative_permittivity"":6.0},""interior"":{""conductivity_s_per_m"":0.0,""relative_permeability"":1.0,""relative_permittivity"":3.0},""mu 0_h_per_m"":1.2566370614359173e-06}",supporting,saved_forward_metrics,not_applicable,not_applicable,,,,full-ring relative L2 (24 paired fields),,,"Per-frequency errors retained; do not equate small solve residual with accurate scattered field. Current is an output-location name, not proof of fresh execution.",Use supported same-SDF Method-B forward controls; corners/two components and QBX have separate scope.,results/validation/solver_comparisons/current/circle/metrics.json,,,preserve forward snapshot; rerun only changed backend/scene checks
solver_comparisons/current/ellipse,solver_comparisons/current/ellipse::gpr_bem_kdiff,results/solver_comparisons/current/ellipse,results/validation/solver_comparisons/current/ellipse,,,unknown run UTC; kress-peer report is dated2026-09-02 but current directory is mutable,forward_solver_aggregate,per-solver implicit band / Method-B Kress / cached independent reference; see scene metadata,not_applicable (no inverse),gpr_bem_kdiff,none,ellipse,not_applicable (forward comparison),gpr_bem_kdiff,"{""kind"":""independent_periodic_nystrom"",""num_nodes"":512}","frequencies Hz=[500000000.0,1500000000.0,2500000000.0,4000000000.0,6000000000.0,8000000000.0]; scene scan metadata; gprMax may have pair 0 only","{""eps 0_f_per_m"":8.854187817e-12,""exterior"":{""conductivity_s_per_m"":0.0,""relative_permeability"":1.0,""relative_permittivity"":6.0},""interior"":{""conductivity_s_per_m"":0.0,""relative_permeability"":1.0,""relative_permittivity"":3.0},""mu 0_h_per_m"":1.2566370614359173e-06}",supporting,saved_forward_metrics,not_applicable,not_applicable,,,,full-ring relative L2 (24 paired fields),,,"Per-frequency errors retained; do not equate small solve residual with accurate scattered field. Current is an output-location name, not proof of fresh execution.",Use supported same-SDF Method-B forward controls; corners/two components and QBX have separate scope.,results/validation/solver_comparisons/current/ellipse/metrics.json,,,preserve forward snapshot; rerun only changed backend/scene checks
solver_comparisons/current/ellipse,solver_comparisons/current/ellipse::gpr_bem_kress,results/solver_comparisons/current/ellipse,results/validation/solver_comparisons/current/ellipse,,,unknown run UTC; kress-peer report is dated2026-09-02 but current directory is mutable,forward_solver_aggregate,per-solver implicit band / Method-B Kress / cached independent reference; see scene metadata,not_applicable (no inverse),gpr_bem_kress,none,ellipse,not_applicable (forward comparison),gpr_bem_kress,"{""kind"":""independent_periodic_nystrom"",""num_nodes"":512}","frequencies Hz=[500000000.0,1500000000.0,2500000000.0,4000000000.0,6000000000.0,8000000000.0]; scene scan metadata; gprMax may have pair 0 only","{""eps 0_f_per_m"":8.854187817e-12,""exterior"":{""conductivity_s_per_m"":0.0,""relative_permeability"":1.0,""relative_permittivity"":6.0},""interior"":{""conductivity_s_per_m"":0.0,""relative_permeability"":1.0,""relative_permittivity"":3.0},""mu 0_h_per_m"":1.2566370614359173e-06}",supporting,saved_forward_metrics,not_applicable,not_applicable,,,,full-ring relative L2 (24 paired fields),,,"Per-frequency errors retained; do not equate small solve residual with accurate scattered field. Current is an output-location name, not proof of fresh execution.",Use supported same-SDF Method-B forward controls; corners/two components and QBX have separate scope.,results/validation/solver_comparisons/current/ellipse/metrics.json,,,preserve forward snapshot; rerun only changed backend/scene checks
solver_comparisons/current/ellipse,solver_comparisons/current/ellipse::gpr_bem_mod,results/solver_comparisons/current/ellipse,results/validation/solver_comparisons/current/ellipse,,,unknown run UTC; kress-peer report is dated2026-09-02 but current directory is mutable,forward_solver_aggregate,per-solver implicit band / Method-B Kress / cached independent reference; see scene metadata,not_applicable (no inverse),gpr_bem_mod,none,ellipse,not_applicable (forward comparison),gpr_bem_mod,"{""kind"":""independent_periodic_nystrom"",""num_nodes"":512}","frequencies Hz=[500000000.0,1500000000.0,2500000000.0,4000000000.0,6000000000.0,8000000000.0]; scene scan metadata; gprMax may have pair 0 only","{""eps 0_f_per_m"":8.854187817e-12,""exterior"":{""conductivity_s_per_m"":0.0,""relative_permeability"":1.0,""relative_permittivity"":6.0},""interior"":{""conductivity_s_per_m"":0.0,""relative_permeability"":1.0,""relative_permittivity"":3.0},""mu 0_h_per_m"":1.2566370614359173e-06}",supporting,saved_forward_metrics,not_applicable,not_applicable,,,,full-ring relative L2 (24 paired fields),,,"Per-frequency errors retained; do not equate small solve residual with accurate scattered field. Current is an output-location name, not proof of fresh execution.",Use supported same-SDF Method-B forward controls; corners/two components and QBX have separate scope.,results/validation/solver_comparisons/current/ellipse/metrics.json,,,preserve forward snapshot; rerun only changed backend/scene checks
solver_comparisons/current/ellipse,solver_comparisons/current/ellipse::gpr_bem_ref,results/solver_comparisons/current/ellipse,results/validation/solver_comparisons/current/ellipse,,,unknown run UTC; kress-peer report is dated2026-09-02 but current directory is mutable,forward_solver_aggregate,per-solver implicit band / Method-B Kress / cached independent reference; see scene metadata,not_applicable (no inverse),gpr_bem_ref,none,ellipse,not_applicable (forward comparison),gpr_bem_ref,"{""kind"":""independent_periodic_nystrom"",""num_nodes"":512}","frequencies Hz=[500000000.0,1500000000.0,2500000000.0,4000000000.0,6000000000.0,8000000000.0]; scene scan metadata; gprMax may have pair 0 only","{""eps 0_f_per_m"":8.854187817e-12,""exterior"":{""conductivity_s_per_m"":0.0,""relative_permeability"":1.0,""relative_permittivity"":6.0},""interior"":{""conductivity_s_per_m"":0.0,""relative_permeability"":1.0,""relative_permittivity"":3.0},""mu 0_h_per_m"":1.2566370614359173e-06}",supporting,saved_forward_metrics,not_applicable,not_applicable,,,,full-ring relative L2 (24 paired fields),,,"Per-frequency errors retained; do not equate small solve residual with accurate scattered field. Current is an output-location name, not proof of fresh execution.",Use supported same-SDF Method-B forward controls; corners/two components and QBX have separate scope.,results/validation/solver_comparisons/current/ellipse/metrics.json,,,preserve forward snapshot; rerun only changed backend/scene checks
solver_comparisons/current/ellipse,solver_comparisons/current/ellipse::gprmax,results/solver_comparisons/current/ellipse,results/validation/solver_comparisons/current/ellipse,,,unknown run UTC; kress-peer report is dated2026-09-02 but current directory is mutable,forward_solver_aggregate,per-solver implicit band / Method-B Kress / cached independent reference; see scene metadata,not_applicable (no inverse),gprmax,none,ellipse,not_applicable (forward comparison),gprmax,"{""kind"":""independent_periodic_nystrom"",""num_nodes"":512}","frequencies Hz=[500000000.0,1500000000.0,2500000000.0,4000000000.0,6000000000.0,8000000000.0]; scene scan metadata; gprMax may have pair 0 only","{""eps 0_f_per_m"":8.854187817e-12,""exterior"":{""conductivity_s_per_m"":0.0,""relative_permeability"":1.0,""relative_permittivity"":6.0},""interior"":{""conductivity_s_per_m"":0.0,""relative_permeability"":1.0,""relative_permittivity"":3.0},""mu 0_h_per_m"":1.2566370614359173e-06}",supporting,saved_forward_metrics,not_applicable,not_applicable,,,,index-0 relative error (one cached FDTD pair),,,"Per-frequency errors retained; do not equate small solve residual with accurate scattered field. Current is an output-location name, not proof of fresh execution.",Use supported same-SDF Method-B forward controls; corners/two components and QBX have separate scope.,results/validation/solver_comparisons/current/ellipse/metrics.json,,,preserve forward snapshot; rerun only changed backend/scene checks
solver_comparisons/current/square,solver_comparisons/current/square::gpr_bem_kdiff,results/solver_comparisons/current/square,results/validation/solver_comparisons/current/square,,,unknown run UTC; kress-peer report is dated2026-09-02 but current directory is mutable,forward_solver_aggregate,per-solver implicit band / Method-B Kress / cached independent reference; see scene metadata,not_applicable (no inverse),gpr_bem_kdiff,none,square,not_applicable (forward comparison),gpr_bem_kdiff,"{""kind"":""cached_gprmax_pair0_plus_bem_self_convergence"",""num_nodes"":null}","frequencies Hz=[500000000.0,1500000000.0,2500000000.0,4000000000.0,6000000000.0,8000000000.0]; scene scan metadata; gprMax may have pair 0 only","{""eps 0_f_per_m"":8.854187817e-12,""exterior"":{""conductivity_s_per_m"":0.0,""relative_permeability"":1.0,""relative_permittivity"":6.0},""interior"":{""conductivity_s_per_m"":0.0,""relative_permeability"":1.0,""relative_permittivity"":3.0},""mu 0_h_per_m"":1.2566370614359173e-06}",supporting,saved_forward_metrics,not_applicable,not_applicable,,,,index-0 relative discrepancy (one paired field),,,"Per-frequency errors retained; do not equate small solve residual with accurate scattered field. Current is an output-location name, not proof of fresh execution.",Use supported same-SDF Method-B forward controls; corners/two components and QBX have separate scope.,results/validation/solver_comparisons/current/square/metrics.json,,,preserve forward snapshot; rerun only changed backend/scene checks
solver_comparisons/current/square,solver_comparisons/current/square::gpr_bem_mod,results/solver_comparisons/current/square,results/validation/solver_comparisons/current/square,,,unknown run UTC; kress-peer report is dated2026-09-02 but current directory is mutable,forward_solver_aggregate,per-solver implicit band / Method-B Kress / cached independent reference; see scene metadata,not_applicable (no inverse),gpr_bem_mod,none,square,not_applicable (forward comparison),gpr_bem_mod,"{""kind"":""cached_gprmax_pair0_plus_bem_self_convergence"",""num_nodes"":null}","frequencies Hz=[500000000.0,1500000000.0,2500000000.0,4000000000.0,6000000000.0,8000000000.0]; scene scan metadata; gprMax may have pair 0 only","{""eps 0_f_per_m"":8.854187817e-12,""exterior"":{""conductivity_s_per_m"":0.0,""relative_permeability"":1.0,""relative_permittivity"":6.0},""interior"":{""conductivity_s_per_m"":0.0,""relative_permeability"":1.0,""relative_permittivity"":3.0},""mu 0_h_per_m"":1.2566370614359173e-06}",supporting,saved_forward_metrics,not_applicable,not_applicable,,,,index-0 relative discrepancy (one paired field),,,"Per-frequency errors retained; do not equate small solve residual with accurate scattered field. Current is an output-location name, not proof of fresh execution.",Use supported same-SDF Method-B forward controls; corners/two components and QBX have separate scope.,results/validation/solver_comparisons/current/square/metrics.json,,,preserve forward snapshot; rerun only changed backend/scene checks
solver_comparisons/current/square,solver_comparisons/current/square::gpr_bem_ref,results/solver_comparisons/current/square,results/validation/solver_comparisons/current/square,,,unknown run UTC; kress-peer report is dated2026-09-02 but current directory is mutable,forward_solver_aggregate,per-solver implicit band / Method-B Kress / cached independent reference; see scene metadata,not_applicable (no inverse),gpr_bem_ref,none,square,not_applicable (forward comparison),gpr_bem_ref,"{""kind"":""cached_gprmax_pair0_plus_bem_self_convergence"",""num_nodes"":null}","frequencies Hz=[500000000.0,1500000000.0,2500000000.0,4000000000.0,6000000000.0,8000000000.0]; scene scan metadata; gprMax may have pair 0 only","{""eps 0_f_per_m"":8.854187817e-12,""exterior"":{""conductivity_s_per_m"":0.0,""relative_permeability"":1.0,""relative_permittivity"":6.0},""interior"":{""conductivity_s_per_m"":0.0,""relative_permeability"":1.0,""relative_permittivity"":3.0},""mu 0_h_per_m"":1.2566370614359173e-06}",supporting,saved_forward_metrics,not_applicable,not_applicable,,,,index-0 relative discrepancy (one paired field),,,"Per-frequency errors retained; do not equate small solve residual with accurate scattered field. Current is an output-location name, not proof of fresh execution.",Use supported same-SDF Method-B forward controls; corners/two components and QBX have separate scope.,results/validation/solver_comparisons/current/square/metrics.json,,,preserve forward snapshot; rerun only changed backend/scene checks
solver_comparisons/current/square,solver_comparisons/current/square::gprmax,results/solver_comparisons/current/square,results/validation/solver_comparisons/current/square,,,unknown run UTC; kress-peer report is dated2026-09-02 but current directory is mutable,forward_solver_aggregate,per-solver implicit band / Method-B Kress / cached independent reference; see scene metadata,not_applicable (no inverse),gprmax,none,square,not_applicable (forward comparison),gprmax,"{""kind"":""cached_gprmax_pair0_plus_bem_self_convergence"",""num_nodes"":null}","frequencies Hz=[500000000.0,1500000000.0,2500000000.0,4000000000.0,6000000000.0,8000000000.0]; scene scan metadata; gprMax may have pair 0 only","{""eps 0_f_per_m"":8.854187817e-12,""exterior"":{""conductivity_s_per_m"":0.0,""relative_permeability"":1.0,""relative_permittivity"":6.0},""interior"":{""conductivity_s_per_m"":0.0,""relative_permeability"":1.0,""relative_permittivity"":3.0},""mu 0_h_per_m"":1.2566370614359173e-06}",supporting,saved_forward_metrics,not_applicable,not_applicable,,,,timing only (one cached FDTD pair),,,"Per-frequency errors retained; do not equate small solve residual with accurate scattered field. Current is an output-location name, not proof of fresh execution.",Use supported same-SDF Method-B forward controls; corners/two components and QBX have separate scope.,results/validation/solver_comparisons/current/square/metrics.json,,,preserve forward snapshot; rerun only changed backend/scene checks
solver_comparisons/current/star,solver_comparisons/current/star::gpr_bem_kdiff,results/solver_comparisons/current/star,results/validation/solver_comparisons/current/star,,,unknown run UTC; kress-peer report is dated2026-09-02 but current directory is mutable,forward_solver_aggregate,per-solver implicit band / Method-B Kress / cached independent reference; see scene metadata,not_applicable (no inverse),gpr_bem_kdiff,none,star,not_applicable (forward comparison),gpr_bem_kdiff,"{""kind"":""independent_periodic_nystrom"",""num_nodes"":512}","frequencies Hz=[500000000.0,1500000000.0,2500000000.0,4000000000.0,6000000000.0,8000000000.0]; scene scan metadata; gprMax may have pair 0 only","{""eps 0_f_per_m"":8.854187817e-12,""exterior"":{""conductivity_s_per_m"":0.0,""relative_permeability"":1.0,""relative_permittivity"":6.0},""interior"":{""conductivity_s_per_m"":0.0,""relative_permeability"":1.0,""relative_permittivity"":3.0},""mu 0_h_per_m"":1.2566370614359173e-06}",supporting,saved_forward_metrics,not_applicable,not_applicable,,,,full-ring relative L2 (24 paired fields),,,"Per-frequency errors retained; do not equate small solve residual with accurate scattered field. Current is an output-location name, not proof of fresh execution.",Use supported same-SDF Method-B forward controls; corners/two components and QBX have separate scope.,results/validation/solver_comparisons/current/star/metrics.json,,,preserve forward snapshot; rerun only changed backend/scene checks
solver_comparisons/current/star,solver_comparisons/current/star::gpr_bem_kress,results/solver_comparisons/current/star,results/validation/solver_comparisons/current/star,,,unknown run UTC; kress-peer report is dated2026-09-02 but current directory is mutable,forward_solver_aggregate,per-solver implicit band / Method-B Kress / cached independent reference; see scene metadata,not_applicable (no inverse),gpr_bem_kress,none,star,not_applicable (forward comparison),gpr_bem_kress,"{""kind"":""independent_periodic_nystrom"",""num_nodes"":512}","frequencies Hz=[500000000.0,1500000000.0,2500000000.0,4000000000.0,6000000000.0,8000000000.0]; scene scan metadata; gprMax may have pair 0 only","{""eps 0_f_per_m"":8.854187817e-12,""exterior"":{""conductivity_s_per_m"":0.0,""relative_permeability"":1.0,""relative_permittivity"":6.0},""interior"":{""conductivity_s_per_m"":0.0,""relative_permeability"":1.0,""relative_permittivity"":3.0},""mu 0_h_per_m"":1.2566370614359173e-06}",supporting,saved_forward_metrics,not_applicable,not_applicable,,,,full-ring relative L2 (24 paired fields),,,"Per-frequency errors retained; do not equate small solve residual with accurate scattered field. Current is an output-location name, not proof of fresh execution.",Use supported same-SDF Method-B forward controls; corners/two components and QBX have separate scope.,results/validation/solver_comparisons/current/star/metrics.json,,,preserve forward snapshot; rerun only changed backend/scene checks
solver_comparisons/current/star,solver_comparisons/current/star::gpr_bem_mod,results/solver_comparisons/current/star,results/validation/solver_comparisons/current/star,,,unknown run UTC; kress-peer report is dated2026-09-02 but current directory is mutable,forward_solver_aggregate,per-solver implicit band / Method-B Kress / cached independent reference; see scene metadata,not_applicable (no inverse),gpr_bem_mod,none,star,not_applicable (forward comparison),gpr_bem_mod,"{""kind"":""independent_periodic_nystrom"",""num_nodes"":512}","frequencies Hz=[500000000.0,1500000000.0,2500000000.0,4000000000.0,6000000000.0,8000000000.0]; scene scan metadata; gprMax may have pair 0 only","{""eps 0_f_per_m"":8.854187817e-12,""exterior"":{""conductivity_s_per_m"":0.0,""relative_permeability"":1.0,""relative_permittivity"":6.0},""interior"":{""conductivity_s_per_m"":0.0,""relative_permeability"":1.0,""relative_permittivity"":3.0},""mu 0_h_per_m"":1.2566370614359173e-06}",supporting,saved_forward_metrics,not_applicable,not_applicable,,,,full-ring relative L2 (24 paired fields),,,"Per-frequency errors retained; do not equate small solve residual with accurate scattered field. Current is an output-location name, not proof of fresh execution.",Use supported same-SDF Method-B forward controls; corners/two components and QBX have separate scope.,results/validation/solver_comparisons/current/star/metrics.json,,,preserve forward snapshot; rerun only changed backend/scene checks
solver_comparisons/current/star,solver_comparisons/current/star::gpr_bem_ref,results/solver_comparisons/current/star,results/validation/solver_comparisons/current/star,,,unknown run UTC; kress-peer report is dated2026-09-02 but current directory is mutable,forward_solver_aggregate,per-solver implicit band / Method-B Kress / cached independent reference; see scene metadata,not_applicable (no inverse),gpr_bem_ref,none,star,not_applicable (forward comparison),gpr_bem_ref,"{""kind"":""independent_periodic_nystrom"",""num_nodes"":512}","frequencies Hz=[500000000.0,1500000000.0,2500000000.0,4000000000.0,6000000000.0,8000000000.0]; scene scan metadata; gprMax may have pair 0 only","{""eps 0_f_per_m"":8.854187817e-12,""exterior"":{""conductivity_s_per_m"":0.0,""relative_permeability"":1.0,""relative_permittivity"":6.0},""interior"":{""conductivity_s_per_m"":0.0,""relative_permeability"":1.0,""relative_permittivity"":3.0},""mu 0_h_per_m"":1.2566370614359173e-06}",supporting,saved_forward_metrics,not_applicable,not_applicable,,,,full-ring relative L2 (24 paired fields),,,"Per-frequency errors retained; do not equate small solve residual with accurate scattered field. Current is an output-location name, not proof of fresh execution.",Use supported same-SDF Method-B forward controls; corners/two components and QBX have separate scope.,results/validation/solver_comparisons/current/star/metrics.json,,,preserve forward snapshot; rerun only changed backend/scene checks
solver_comparisons/current/star,solver_comparisons/current/star::gprmax,results/solver_comparisons/current/star,results/validation/solver_comparisons/current/star,,,unknown run UTC; kress-peer report is dated2026-09-02 but current directory is mutable,forward_solver_aggregate,per-solver implicit band / Method-B Kress / cached independent reference; see scene metadata,not_applicable (no inverse),gprmax,none,star,not_applicable (forward comparison),gprmax,"{""kind"":""independent_periodic_nystrom"",""num_nodes"":512}","frequencies Hz=[500000000.0,1500000000.0,2500000000.0,4000000000.0,6000000000.0,8000000000.0]; scene scan metadata; gprMax may have pair 0 only","{""eps 0_f_per_m"":8.854187817e-12,""exterior"":{""conductivity_s_per_m"":0.0,""relative_permeability"":1.0,""relative_permittivity"":6.0},""interior"":{""conductivity_s_per_m"":0.0,""relative_permeability"":1.0,""relative_permittivity"":3.0},""mu 0_h_per_m"":1.2566370614359173e-06}",supporting,saved_forward_metrics,not_applicable,not_applicable,,,,index-0 relative error (one cached FDTD pair),,,"Per-frequency errors retained; do not equate small solve residual with accurate scattered field. Current is an output-location name, not proof of fresh execution.",Use supported same-SDF Method-B forward controls; corners/two components and QBX have separate scope.,results/validation/solver_comparisons/current/star/metrics.json,,,preserve forward snapshot; rerun only changed backend/scene checks
solver_comparisons/current/two_circle,solver_comparisons/current/two_circle::gpr_bem_kdiff,results/solver_comparisons/current/two_circle,results/validation/solver_comparisons/current/two_circle,,,unknown run UTC; kress-peer report is dated2026-09-02 but current directory is mutable,forward_solver_aggregate,per-solver implicit band / Method-B Kress / cached independent reference; see scene metadata,not_applicable (no inverse),gpr_bem_kdiff,none,two_circle,not_applicable (forward comparison),gpr_bem_kdiff,"{""kind"":""cached_gprmax_pair0_plus_bem_self_convergence"",""num_nodes"":null}","frequencies Hz=[500000000.0,1500000000.0,2500000000.0,4000000000.0,6000000000.0,8000000000.0]; scene scan metadata; gprMax may have pair 0 only","{""eps 0_f_per_m"":8.854187817e-12,""exterior"":{""conductivity_s_per_m"":0.0,""relative_permeability"":1.0,""relative_permittivity"":6.0},""interior"":{""conductivity_s_per_m"":0.0,""relative_permeability"":1.0,""relative_permittivity"":3.0},""mu 0_h_per_m"":1.2566370614359173e-06}",supporting,saved_forward_metrics,not_applicable,not_applicable,,,,index-0 relative discrepancy (one paired field),,,"Per-frequency errors retained; do not equate small solve residual with accurate scattered field. Current is an output-location name, not proof of fresh execution.",Use supported same-SDF Method-B forward controls; corners/two components and QBX have separate scope.,results/validation/solver_comparisons/current/two_circle/metrics.json,,,preserve forward snapshot; rerun only changed backend/scene checks
solver_comparisons/current/two_circle,solver_comparisons/current/two_circle::gpr_bem_mod,results/solver_comparisons/current/two_circle,results/validation/solver_comparisons/current/two_circle,,,unknown run UTC; kress-peer report is dated2026-09-02 but current directory is mutable,forward_solver_aggregate,per-solver implicit band / Method-B Kress / cached independent reference; see scene metadata,not_applicable (no inverse),gpr_bem_mod,none,two_circle,not_applicable (forward comparison),gpr_bem_mod,"{""kind"":""cached_gprmax_pair0_plus_bem_self_convergence"",""num_nodes"":null}","frequencies Hz=[500000000.0,1500000000.0,2500000000.0,4000000000.0,6000000000.0,8000000000.0]; scene scan metadata; gprMax may have pair 0 only","{""eps 0_f_per_m"":8.854187817e-12,""exterior"":{""conductivity_s_per_m"":0.0,""relative_permeability"":1.0,""relative_permittivity"":6.0},""interior"":{""conductivity_s_per_m"":0.0,""relative_permeability"":1.0,""relative_permittivity"":3.0},""mu 0_h_per_m"":1.2566370614359173e-06}",supporting,saved_forward_metrics,not_applicable,not_applicable,,,,index-0 relative discrepancy (one paired field),,,"Per-frequency errors retained; do not equate small solve residual with accurate scattered field. Current is an output-location name, not proof of fresh execution.",Use supported same-SDF Method-B forward controls; corners/two components and QBX have separate scope.,results/validation/solver_comparisons/current/two_circle/metrics.json,,,preserve forward snapshot; rerun only changed backend/scene checks
solver_comparisons/current/two_circle,solver_comparisons/current/two_circle::gpr_bem_ref,results/solver_comparisons/current/two_circle,results/validation/solver_comparisons/current/two_circle,,,unknown run UTC; kress-peer report is dated2026-09-02 but current directory is mutable,forward_solver_aggregate,per-solver implicit band / Method-B Kress / cached independent reference; see scene metadata,not_applicable (no inverse),gpr_bem_ref,none,two_circle,not_applicable (forward comparison),gpr_bem_ref,"{""kind"":""cached_gprmax_pair0_plus_bem_self_convergence"",""num_nodes"":null}","frequencies Hz=[500000000.0,1500000000.0,2500000000.0,4000000000.0,6000000000.0,8000000000.0]; scene scan metadata; gprMax may have pair 0 only","{""eps 0_f_per_m"":8.854187817e-12,""exterior"":{""conductivity_s_per_m"":0.0,""relative_permeability"":1.0,""relative_permittivity"":6.0},""interior"":{""conductivity_s_per_m"":0.0,""relative_permeability"":1.0,""relative_permittivity"":3.0},""mu 0_h_per_m"":1.2566370614359173e-06}",supporting,saved_forward_metrics,not_applicable,not_applicable,,,,index-0 relative discrepancy (one paired field),,,"Per-frequency errors retained; do not equate small solve residual with accurate scattered field. Current is an output-location name, not proof of fresh execution.",Use supported same-SDF Method-B forward controls; corners/two components and QBX have separate scope.,results/validation/solver_comparisons/current/two_circle/metrics.json,,,preserve forward snapshot; rerun only changed backend/scene checks
solver_comparisons/current/two_circle,solver_comparisons/current/two_circle::gprmax,results/solver_comparisons/current/two_circle,results/validation/solver_comparisons/current/two_circle,,,unknown run UTC; kress-peer report is dated2026-09-02 but current directory is mutable,forward_solver_aggregate,per-solver implicit band / Method-B Kress / cached independent reference; see scene metadata,not_applicable (no inverse),gprmax,none,two_circle,not_applicable (forward comparison),gprmax,"{""kind"":""cached_gprmax_pair0_plus_bem_self_convergence"",""num_nodes"":null}","frequencies Hz=[500000000.0,1500000000.0,2500000000.0,4000000000.0,6000000000.0,8000000000.0]; scene scan metadata; gprMax may have pair 0 only","{""eps 0_f_per_m"":8.854187817e-12,""exterior"":{""conductivity_s_per_m"":0.0,""relative_permeability"":1.0,""relative_permittivity"":6.0},""interior"":{""conductivity_s_per_m"":0.0,""relative_permeability"":1.0,""relative_permittivity"":3.0},""mu 0_h_per_m"":1.2566370614359173e-06}",supporting,saved_forward_metrics,not_applicable,not_applicable,,,,timing only (one cached FDTD pair),,,"Per-frequency errors retained; do not equate small solve residual with accurate scattered field. Current is an output-location name, not proof of fresh execution.",Use supported same-SDF Method-B forward controls; corners/two components and QBX have separate scope.,results/validation/solver_comparisons/current/two_circle/metrics.json,,,preserve forward snapshot; rerun only changed backend/scene checks
solver_comparisons/kress-peer-20260902,solver_comparisons/kress-peer-20260902::grouped,results/solver_comparisons/kress-peer-20260902,results/validation/solver_comparisons/kress-peer-20260902,,2026-09-02,inferred from original bundle label; UTC run timestamp not recorded,same_sdf_forward_snapshot,same callable; MOD band compression; Kress Method-B extraction,not_applicable (no inverse),grouped,none,circle/ellipse/star; grouped six-frequency MOD/Kress/gprMax snapshot,not_applicable; forward/frozen-input study,MOD; KRESS; gprMax cache,,,,supporting,completed,not_applicable,not_applicable,,,,,,,Kress most accurate on tested smooth cases; gprMax cache only covers pair 0.,Retain same-field forward controls; compare common receiver work and geometry resolution.,results/validation/solver_comparisons/kress-peer-20260902/summary.md,,,preserve; no rerun needed for organization
implicit-mlp-adjoint-circle-verified-20260907,implicit-mlp-adjoint-circle-verified-20260907::kress,results/validation/implicit_mlp_adjoint/circle-verified-20260907,results/validation/implicit_mlp_adjoint/circle-verified-20260907,2026-09-07T14:57:45.369318+00:00,2026-09-07,metrics.json provenance.created_utc,implicit_mlp_method_b_adjoint,MLP weights; re-extracted Method-B boundary,discrete Kress adjoint + branch-local Method-B reverse + Adam/backtracking,kress_adjoint,owns geometry; direct weight updates; no curve distillation,circle,siren_neural_implicit; width 64; hidden_layers 2; 8577 weights,kress,gpr_bem_ref analytic penetrable-cylinder Mie series,"8 pairs; training GHz [0.25, 0.5]; holdout GHz [1.0, 1.5, 2.5]","{""observation_noise"": ""none"", ""exterior"": {""epsr"": 6.0, ""mur"": 1.0, ""sigma"": 0.0}, ""interior"": {""epsr"": 3.0, ""mur"": 1.0, ""sigma"": 0.0}}",current_diagnostic,completed (--no-gate; reported acceptance FAIL),FAIL,FAIL benchmark final-boundary/holdout versus exact-target fit control,no_decreasing_neural_step,0.0018375319096347602,0.07072131119733882,actual re-extracted MLP; aggregate relative L2; train and holdout separated,0.0010379034133198087,maximum native node-to-exact-boundary distance; not continuous symmetric Hausdorff,"Circle data loss drops 297871x, contour improves to 1.038mm; recovery gates still fail.",Direct neural adjoint implemented and gradient-validated; optimization data decrease alone does not certify recovery.,results/validation/implicit_mlp_adjoint/circle-verified-20260907/metrics.json; results/validation/implicit_mlp_adjoint/validation.json,659c7e47988826352ec00a4b4b0d9c7ca19dd4bb + dirty working tree,run_implicit_mlp_inverse.py --max-iterations 60 --num-pairs 8 --num-nodes 64 --no-gate --output-dir results/validation/implicit_mlp_adjoint/circle-verified-20260907,preserve failed recovery gates; fresh runs only for controlled algorithm/refinement comparisons
implicit-mlp-adjoint-star-20260907,implicit-mlp-adjoint-star-20260907::kress,results/validation/implicit_mlp_adjoint/star-20260907,results/validation/implicit_mlp_adjoint/star-20260907,2026-09-07T14:56:54.368981+00:00,2026-09-07,metrics.json provenance.created_utc,implicit_mlp_method_b_adjoint,MLP weights; re-extracted Method-B boundary,discrete Kress adjoint + branch-local Method-B reverse + Adam/backtracking,kress_adjoint,owns geometry; direct weight updates; no curve distillation,star,siren_neural_implicit; width 32; hidden_layers 1; 1185 weights,kress,nystrom_ref independent Nystrom/Muller solution of the exact star,"6 pairs; training GHz [0.5, 1.5]; holdout GHz [0.25, 1.0, 2.5]","{""observation_noise"": ""none"", ""exterior"": {""epsr"": 6.0, ""mur"": 1.0, ""sigma"": 0.0}, ""interior"": {""epsr"": 3.0, ""mur"": 1.0, ""sigma"": 0.0}}",current_diagnostic,completed (--no-gate; reported acceptance FAIL),FAIL,FAIL benchmark final-boundary/holdout versus exact-target fit control,maximum_iterations,1.0201559846771568,1.1179023917507944,actual re-extracted MLP; aggregate relative L2; train and holdout separated,0.041787291825766425,maximum native node-to-exact-boundary distance; not continuous symmetric Hausdorff,Five updates lower training loss 19.16%; holdout and boundary error worsen; recovery not established.,Direct neural adjoint implemented and gradient-validated; optimization data decrease alone does not certify recovery.,results/validation/implicit_mlp_adjoint/star-20260907/metrics.json; results/validation/implicit_mlp_adjoint/validation.json,659c7e47988826352ec00a4b4b0d9c7ca19dd4bb + dirty working tree,run_implicit_mlp_inverse.py --target star --max-iterations 5 --num-pairs 6 --num-nodes 128 --mlp-hidden-features 32 --mlp-hidden-layers 1 --no-gate --output-dir results/validation/implicit_mlp_adjoint/star-20260907,preserve failed recovery gates; fresh runs only for controlled algorithm/refinement comparisons
implicit-mlp-adjoint-circle-20260907T151516,implicit-mlp-adjoint-circle-20260907T151516::kress,results/inverse/implicit_mlp/circle-20260907T151516,results/inverse/implicit_mlp/2026-09-07/circle,2026-09-07T15:16:48.594162+00:00,2026-09-07,metrics.json provenance.created_utc,implicit_mlp_method_b_adjoint,MLP weights; re-extracted Method-B boundary,discrete Kress adjoint + branch-local Method-B reverse + Adam/backtracking,kress_adjoint,owns geometry; direct weight updates; no curve distillation,circle,siren_neural_implicit; width 64; hidden_layers 2; 8577 weights; circle-20260907T151516,kress,gpr_bem_ref analytic penetrable-cylinder Mie series,"12 pairs; training GHz [0.25, 0.5]; holdout GHz [1.0, 1.5, 2.5]","{""observation_noise"": ""none"", ""exterior"": {""epsr"": 6.0, ""mur"": 1.0, ""sigma"": 0.0}, ""interior"": {""epsr"": 3.0, ""mur"": 1.0, ""sigma"": 0.0}}",current_diagnostic,completed; artifacts saved; recovery-gate exit FAIL,FAIL,FAIL benchmark final-boundary/holdout versus exact-target fit control,no_decreasing_neural_step,0.001689882296303705,0.0639440547749601,actual re-extracted MLP; aggregate relative L2; train and holdout separated,0.0010381669923228767,maximum native node-to-exact-boundary distance; not continuous symmetric Hausdorff,43 accepted neural updates; holdout 0.0639441; boundary 1.03817mm; overall recovery FAIL.,Gradient validation and decreasing training objective do not establish reconstruction. Current neural recovery is unresolved; compare against explicit radial controls with matched settings.,results/inverse/implicit_mlp/2026-09-07/circle/metrics.json,659c7e47988826352ec00a4b4b0d9c7ca19dd4bb + dirty working tree,run_implicit_mlp_inverse.py --target circle --initial-model siren_circle --solvers kress --optimizer adjoint --max-iterations 60 --num-pairs 12 --output-dir results/inverse/implicit_mlp/circle-20260907T151516,preserve failed recovery gates; fresh runs only for controlled algorithm/refinement comparisons
implicit-mlp-adjoint-ellipse-to-circle-20260907T151516,implicit-mlp-adjoint-ellipse-to-circle-20260907T151516::kress,results/inverse/implicit_mlp/ellipse-to-circle-20260907T151516,results/inverse/implicit_mlp/2026-09-07/ellipse-to-circle,2026-09-07T15:19:41.837793+00:00,2026-09-07,metrics.json provenance.created_utc,implicit_mlp_method_b_adjoint,MLP weights; re-extracted Method-B boundary,discrete Kress adjoint + branch-local Method-B reverse + Adam/backtracking,kress_adjoint,owns geometry; direct weight updates; no curve distillation,circle,siren_neural_implicit; width 64; hidden_layers 2; 8577 weights; ellipse-to-circle-20260907T151516,kress,gpr_bem_ref analytic penetrable-cylinder Mie series,"12 pairs; training GHz [0.25, 0.5]; holdout GHz [1.0, 1.5, 2.5]","{""observation_noise"": ""none"", ""exterior"": {""epsr"": 6.0, ""mur"": 1.0, ""sigma"": 0.0}, ""interior"": {""epsr"": 3.0, ""mur"": 1.0, ""sigma"": 0.0}}",current_diagnostic,completed; artifacts saved; recovery-gate exit FAIL,FAIL,FAIL benchmark final-boundary/holdout versus exact-target fit control,maximum_iterations,0.008951350226800147,0.31863751213801206,actual re-extracted MLP; aggregate relative L2; train and holdout separated,0.006450388680341972,maximum native node-to-exact-boundary distance; not continuous symmetric Hausdorff,60 accepted neural updates; holdout 0.318638; boundary 6.45039mm; overall recovery FAIL.,Gradient validation and decreasing training objective do not establish reconstruction. Current neural recovery is unresolved; compare against explicit radial controls with matched settings.,results/inverse/implicit_mlp/2026-09-07/ellipse-to-circle/metrics.json,659c7e47988826352ec00a4b4b0d9c7ca19dd4bb + dirty working tree,run_implicit_mlp_inverse.py --target circle --initial-model siren_ellipse --solvers kress --optimizer adjoint --max-iterations 60 --num-pairs 12 --output-dir results/inverse/implicit_mlp/ellipse-to-circle-20260907T151516,preserve failed recovery gates; fresh runs only for controlled algorithm/refinement comparisons
implicit-mlp-adjoint-star-20260907T151516,implicit-mlp-adjoint-star-20260907T151516::kress,results/inverse/implicit_mlp/star-20260907T151516,results/inverse/implicit_mlp/2026-09-07/star,2026-09-07T15:22:49.047568+00:00,2026-09-07,metrics.json provenance.created_utc,implicit_mlp_method_b_adjoint,MLP weights; re-extracted Method-B boundary,discrete Kress adjoint + branch-local Method-B reverse + Adam/backtracking,kress_adjoint,owns geometry; direct weight updates; no curve distillation,star,siren_neural_implicit; width 64; hidden_layers 2; 8577 weights; star-20260907T151516,kress,nystrom_ref independent Nystrom/Muller solution of the exact star,"12 pairs; training GHz [0.5, 1.5]; holdout GHz [0.25, 1.0, 2.5]","{""observation_noise"": ""none"", ""exterior"": {""epsr"": 6.0, ""mur"": 1.0, ""sigma"": 0.0}, ""interior"": {""epsr"": 3.0, ""mur"": 1.0, ""sigma"": 0.0}}",current_diagnostic,completed; artifacts saved; recovery-gate exit FAIL,FAIL,FAIL benchmark final-boundary/holdout versus exact-target fit control,maximum_iterations,0.24562434807506334,0.7839246197803982,actual re-extracted MLP; aggregate relative L2; train and holdout separated,0.026832652285367617,maximum native node-to-exact-boundary distance; not continuous symmetric Hausdorff,60 accepted neural updates; holdout 0.783925; boundary 26.8327mm; overall recovery FAIL.,Gradient validation and decreasing training objective do not establish reconstruction. Current neural recovery is unresolved; compare against explicit radial controls with matched settings.,results/inverse/implicit_mlp/2026-09-07/star/metrics.json,659c7e47988826352ec00a4b4b0d9c7ca19dd4bb + dirty working tree,run_implicit_mlp_inverse.py --target star --initial-model siren_star --solvers kress --optimizer adjoint --max-iterations 60 --num-pairs 12 --output-dir results/inverse/implicit_mlp/star-20260907T151516,preserve failed recovery gates; fresh runs only for controlled algorithm/refinement comparisons
TOP-001-20260911-comparison,TOP-001-20260911-comparison::radial::A,results/validation/topology/TOP-001-20260911-comparison,results/validation/topology/TOP-001-20260911-comparison,,2026-09-11,driver manifest UTC date,radial_fourier_topology,ordered explicit Fourier components; persistent IDs,central-FD LM; Kress forward; cross-resolution topology acceptance,A,none; explicit geometry owns acceptance,two separated circles,paired frozen B0 pre-event states at ten declared perturbation/seed conditions,kress,independent cylindrical harmonics; analytic 256-node Kress ellipse in controller merge,24 paired ring samples; 0.5 GHz training; 1.5/2.5 GHz evaluation-only holdout,"noiseless; exterior epsr 6, interior epsr 3; zero conductivity",current_diagnostic,completed 10 runs,all solver stopping gates passed; policy not adopted,not_applicable,all recovered,8.63035586258152e-07,3.4346899682632455e-06,worst paired relative L2 over 10 split runs; qualification tables distinguish individual cases,3.3748737174079576e-08,worst sampled symmetric Hausdorff; 512 points per component,Top-two refinement did not resolve Cartesian ranking sensitivity at reduced total work.,Explicit topology evidence; does not establish neural recovery.,results/validation/topology/TOP-001-20260911-comparison/manifest.json; results/validation/topology/TOP-001-20260911-comparison/analysis.json,746c9fb source snapshot; recorded HEAD 5353cab + working-tree hashes,"See recorded manifest, launcher and reproduction commands in the topology result report",preserve originals; use a fresh directory
TOP-001-20260911-comparison,TOP-001-20260911-comparison::radial::B,results/validation/topology/TOP-001-20260911-comparison,results/validation/topology/TOP-001-20260911-comparison,,2026-09-11,driver manifest UTC date,radial_fourier_topology,ordered explicit Fourier components; persistent IDs,central-FD LM; Kress forward; cross-resolution topology acceptance,B,none; explicit geometry owns acceptance,two separated circles,paired frozen B0 pre-event states at ten declared perturbation/seed conditions,kress,independent cylindrical harmonics; analytic 256-node Kress ellipse in controller merge,24 paired ring samples; 0.5 GHz training; 1.5/2.5 GHz evaluation-only holdout,"noiseless; exterior epsr 6, interior epsr 3; zero conductivity",current_diagnostic,completed 10 runs,all solver stopping gates passed; policy not adopted,not_applicable,all recovered,8.63035586258152e-07,3.4346899682632455e-06,worst paired relative L2 over 10 split runs; qualification tables distinguish individual cases,3.3748737174079576e-08,worst sampled symmetric Hausdorff; 512 points per component,Top-two refinement did not resolve Cartesian ranking sensitivity at reduced total work.,Explicit topology evidence; does not establish neural recovery.,results/validation/topology/TOP-001-20260911-comparison/manifest.json; results/validation/topology/TOP-001-20260911-comparison/analysis.json,746c9fb source snapshot; recorded HEAD 5353cab + working-tree hashes,"See recorded manifest, launcher and reproduction commands in the topology result report",preserve originals; use a fresh directory
TOP-001-20260911-comparison,TOP-001-20260911-comparison::radial::C,results/validation/topology/TOP-001-20260911-comparison,results/validation/topology/TOP-001-20260911-comparison,,2026-09-11,driver manifest UTC date,radial_fourier_topology,ordered explicit Fourier components; persistent IDs,central-FD LM; Kress forward; cross-resolution topology acceptance,C,none; explicit geometry owns acceptance,two separated circles,paired frozen B0 pre-event states at ten declared perturbation/seed conditions,kress,independent cylindrical harmonics; analytic 256-node Kress ellipse in controller merge,24 paired ring samples; 0.5 GHz training; 1.5/2.5 GHz evaluation-only holdout,"noiseless; exterior epsr 6, interior epsr 3; zero conductivity",current_diagnostic,completed 10 runs,all solver stopping gates passed; policy not adopted,not_applicable,all recovered,7.898918698441808e-07,2.889757469317501e-06,worst paired relative L2 over 10 split runs; qualification tables distinguish individual cases,3.223029429195089e-08,worst sampled symmetric Hausdorff; 512 points per component,Top-two refinement did not resolve Cartesian ranking sensitivity at reduced total work.,Explicit topology evidence; does not establish neural recovery.,results/validation/topology/TOP-001-20260911-comparison/manifest.json; results/validation/topology/TOP-001-20260911-comparison/analysis.json,746c9fb source snapshot; recorded HEAD 5353cab + working-tree hashes,"See recorded manifest, launcher and reproduction commands in the topology result report",preserve originals; use a fresh directory
TOP-001E-20260911,TOP-001E-20260911::radial::E,results/validation/topology/TOP-001E-20260911,results/validation/topology/TOP-001E-20260911,,2026-09-11,driver manifest UTC date,radial_fourier_topology,ordered explicit Fourier components; persistent IDs,central-FD LM; Kress forward; cross-resolution topology acceptance,E,none; explicit geometry owns acceptance,two separated circles,paired frozen B0 pre-event states at ten declared perturbation/seed conditions,kress,independent cylindrical harmonics; analytic 256-node Kress ellipse in controller merge,24 paired ring samples; 0.5 GHz training; 1.5/2.5 GHz evaluation-only holdout,"noiseless; exterior epsr 6, interior epsr 3; zero conductivity",current_diagnostic,completed 10 runs,all solver stops recovered; exploratory; not adopted,not_applicable,all recovered,7.898918698441808e-07,2.889757469317501e-06,worst paired relative L2 over 10 split runs; qualification tables distinguish individual cases,3.223029429195089e-08,worst sampled symmetric Hausdorff; 512 points per component,Expanded shortlist stabilizes Cartesian split but fails broader controller adoption checks.,Explicit topology evidence; does not establish neural recovery.,results/validation/topology/TOP-001E-20260911/manifest.json; results/validation/topology/TOP-001E-20260911/qualification.json,746c9fb source snapshot; recorded HEAD 5353cab + working-tree hashes,"See recorded manifest, launcher and reproduction commands in the topology result report",preserve originals; use a fresh directory
TOP-005-20260911,TOP-005-20260911::radial::F,results/validation/topology/TOP-005-20260911,results/validation/topology/TOP-005-20260911,,2026-09-11,driver manifest UTC date,radial_fourier_topology,ordered explicit Fourier components; persistent IDs,central-FD LM; Kress forward; cross-resolution topology acceptance,F,none; explicit geometry owns acceptance,two separated circles,paired frozen B0 pre-event states at ten declared perturbation/seed conditions,kress,independent cylindrical harmonics; analytic 256-node Kress ellipse in controller merge,24 paired ring samples; 0.5 GHz training; 1.5/2.5 GHz evaluation-only holdout,"noiseless; exterior epsr 6, interior epsr 3; zero conductivity",current_diagnostic,completed 10 runs,all declared qualification gates PASS,not_applicable,all recovered,8.63035586258152e-07,3.4346899682632455e-06,worst paired relative L2 over 10 split runs; qualification tables distinguish individual cases,3.3748737174079576e-08,worst sampled symmetric Hausdorff; 512 points per component,Selective policy lowers Cartesian work and stabilizes split geometry; radial trajectories unchanged.,Explicit topology evidence; does not establish neural recovery.,results/validation/topology/TOP-005-20260911/manifest.json; results/validation/topology/TOP-005-20260911/qualification.json,746c9fb + recorded TOP-005 working-tree hashes,"See recorded manifest, launcher and reproduction commands in the topology result report",preserve originals; use a fresh directory
TOP-001-20260911-comparison,TOP-001-20260911-comparison::cartesian::A,results/validation/topology/TOP-001-20260911-comparison,results/validation/topology/TOP-001-20260911-comparison,,2026-09-11,driver manifest UTC date,cartesian_fourier_topology,ordered explicit Fourier components; persistent IDs,central-FD LM; Kress forward; cross-resolution topology acceptance,A,none; explicit geometry owns acceptance,two separated circles,paired frozen B0 pre-event states at ten declared perturbation/seed conditions,kress,independent cylindrical harmonics; analytic 256-node Kress ellipse in controller merge,24 paired ring samples; 0.5 GHz training; 1.5/2.5 GHz evaluation-only holdout,"noiseless; exterior epsr 6, interior epsr 3; zero conductivity",current_diagnostic,completed 10 runs,all solver stopping gates passed; policy not adopted,not_applicable,all recovered,6.873379723866001e-06,0.009684310382626985,worst paired relative L2 over 10 split runs; qualification tables distinguish individual cases,0.00017521084820423599,worst sampled symmetric Hausdorff; 512 points per component,Top-two refinement did not resolve Cartesian ranking sensitivity at reduced total work.,Explicit topology evidence; does not establish neural recovery.,results/validation/topology/TOP-001-20260911-comparison/manifest.json; results/validation/topology/TOP-001-20260911-comparison/analysis.json,746c9fb source snapshot; recorded HEAD 5353cab + working-tree hashes,"See recorded manifest, launcher and reproduction commands in the topology result report",preserve originals; use a fresh directory
TOP-001-20260911-comparison,TOP-001-20260911-comparison::cartesian::B,results/validation/topology/TOP-001-20260911-comparison,results/validation/topology/TOP-001-20260911-comparison,,2026-09-11,driver manifest UTC date,cartesian_fourier_topology,ordered explicit Fourier components; persistent IDs,central-FD LM; Kress forward; cross-resolution topology acceptance,B,none; explicit geometry owns acceptance,two separated circles,paired frozen B0 pre-event states at ten declared perturbation/seed conditions,kress,independent cylindrical harmonics; analytic 256-node Kress ellipse in controller merge,24 paired ring samples; 0.5 GHz training; 1.5/2.5 GHz evaluation-only holdout,"noiseless; exterior epsr 6, interior epsr 3; zero conductivity",current_diagnostic,completed 10 runs,all solver stopping gates passed; policy not adopted,not_applicable,all recovered,7.1255657625947265e-06,0.011020983707503509,worst paired relative L2 over 10 split runs; qualification tables distinguish individual cases,0.00017545346658210824,worst sampled symmetric Hausdorff; 512 points per component,Top-two refinement did not resolve Cartesian ranking sensitivity at reduced total work.,Explicit topology evidence; does not establish neural recovery.,results/validation/topology/TOP-001-20260911-comparison/manifest.json; results/validation/topology/TOP-001-20260911-comparison/analysis.json,746c9fb source snapshot; recorded HEAD 5353cab + working-tree hashes,"See recorded manifest, launcher and reproduction commands in the topology result report",preserve originals; use a fresh directory
TOP-001-20260911-comparison,TOP-001-20260911-comparison::cartesian::C,results/validation/topology/TOP-001-20260911-comparison,results/validation/topology/TOP-001-20260911-comparison,,2026-09-11,driver manifest UTC date,cartesian_fourier_topology,ordered explicit Fourier components; persistent IDs,central-FD LM; Kress forward; cross-resolution topology acceptance,C,none; explicit geometry owns acceptance,two separated circles,paired frozen B0 pre-event states at ten declared perturbation/seed conditions,kress,independent cylindrical harmonics; analytic 256-node Kress ellipse in controller merge,24 paired ring samples; 0.5 GHz training; 1.5/2.5 GHz evaluation-only holdout,"noiseless; exterior epsr 6, interior epsr 3; zero conductivity",current_diagnostic,completed 10 runs,all solver stopping gates passed; policy not adopted,not_applicable,all recovered,4.704927990947858e-06,0.00834013565852399,worst paired relative L2 over 10 split runs; qualification tables distinguish individual cases,0.00012633937286403343,worst sampled symmetric Hausdorff; 512 points per component,Top-two refinement did not resolve Cartesian ranking sensitivity at reduced total work.,Explicit topology evidence; does not establish neural recovery.,results/validation/topology/TOP-001-20260911-comparison/manifest.json; results/validation/topology/TOP-001-20260911-comparison/analysis.json,746c9fb source snapshot; recorded HEAD 5353cab + working-tree hashes,"See recorded manifest, launcher and reproduction commands in the topology result report",preserve originals; use a fresh directory
TOP-001E-20260911,TOP-001E-20260911::cartesian::E,results/validation/topology/TOP-001E-20260911,results/validation/topology/TOP-001E-20260911,,2026-09-11,driver manifest UTC date,cartesian_fourier_topology,ordered explicit Fourier components; persistent IDs,central-FD LM; Kress forward; cross-resolution topology acceptance,E,none; explicit geometry owns acceptance,two separated circles,paired frozen B0 pre-event states at ten declared perturbation/seed conditions,kress,independent cylindrical harmonics; analytic 256-node Kress ellipse in controller merge,24 paired ring samples; 0.5 GHz training; 1.5/2.5 GHz evaluation-only holdout,"noiseless; exterior epsr 6, interior epsr 3; zero conductivity",current_diagnostic,completed 10 runs,all solver stops recovered; exploratory; not adopted,not_applicable,all recovered,6.955445651109688e-07,2.735135389913685e-06,worst paired relative L2 over 10 split runs; qualification tables distinguish individual cases,2.955436984658316e-08,worst sampled symmetric Hausdorff; 512 points per component,Expanded shortlist stabilizes Cartesian split but fails broader controller adoption checks.,Explicit topology evidence; does not establish neural recovery.,results/validation/topology/TOP-001E-20260911/manifest.json; results/validation/topology/TOP-001E-20260911/qualification.json,746c9fb source snapshot; recorded HEAD 5353cab + working-tree hashes,"See recorded manifest, launcher and reproduction commands in the topology result report",preserve originals; use a fresh directory
TOP-005-20260911,TOP-005-20260911::cartesian::F,results/validation/topology/TOP-005-20260911,results/validation/topology/TOP-005-20260911,,2026-09-11,driver manifest UTC date,cartesian_fourier_topology,ordered explicit Fourier components; persistent IDs,central-FD LM; Kress forward; cross-resolution topology acceptance,F,none; explicit geometry owns acceptance,two separated circles,paired frozen B0 pre-event states at ten declared perturbation/seed conditions,kress,independent cylindrical harmonics; analytic 256-node Kress ellipse in controller merge,24 paired ring samples; 0.5 GHz training; 1.5/2.5 GHz evaluation-only holdout,"noiseless; exterior epsr 6, interior epsr 3; zero conductivity",current_diagnostic,completed 10 runs,all declared qualification gates PASS,not_applicable,all recovered,7.523604087747563e-07,3.336686776521631e-06,worst paired relative L2 over 10 split runs; qualification tables distinguish individual cases,3.080311733074607e-08,worst sampled symmetric Hausdorff; 512 points per component,Selective policy lowers Cartesian work and stabilizes split geometry; radial trajectories unchanged.,Explicit topology evidence; does not establish neural recovery.,results/validation/topology/TOP-005-20260911/manifest.json; results/validation/topology/TOP-005-20260911/qualification.json,746c9fb + recorded TOP-005 working-tree hashes,"See recorded manifest, launcher and reproduction commands in the topology result report",preserve originals; use a fresh directory
TOP-001E-controller-20260911,TOP-001E-controller-20260911::cartesian::A,results/validation/topology/TOP-001E-controller-20260911,results/validation/topology/TOP-001E-controller-20260911,,2026-09-11,driver manifest UTC date,cartesian_fourier_topology,ordered explicit Fourier components; persistent IDs,central-FD LM; Kress forward; cross-resolution topology acceptance,A,none; explicit geometry owns acceptance,"five automatic controller cases: birth, death, split, merge, mixed",original full-profile initializations,kress,independent cylindrical harmonics; analytic 256-node Kress ellipse in controller merge,24 paired ring samples; 0.5 GHz training; 1.5/2.5 GHz evaluation-only holdout,"noiseless; exterior epsr 6, interior epsr 3; zero conductivity",current_diagnostic,completed 5 runs,reference,not_applicable,all recovered,7.878760616749787e-05,0.06473977407370413,worst paired relative L2 over 5 controller runs; qualification tables distinguish individual cases,0.0007241253425898881,worst sampled symmetric Hausdorff; 512 points per component,Full-controller comparison preserves the negative qualification result for universal shortlist expansion.,Explicit topology evidence; does not establish neural recovery.,results/validation/topology/TOP-001E-controller-20260911/manifest.json; results/validation/topology/TOP-001E-controller-20260911/qualification.json,746c9fb source snapshot; recorded HEAD 5353cab + working-tree hashes,"See recorded manifest, launcher and reproduction commands in the topology result report",preserve originals; use a fresh directory
TOP-001E-controller-20260911,TOP-001E-controller-20260911::cartesian::E,results/validation/topology/TOP-001E-controller-20260911,results/validation/topology/TOP-001E-controller-20260911,,2026-09-11,driver manifest UTC date,cartesian_fourier_topology,ordered explicit Fourier components; persistent IDs,central-FD LM; Kress forward; cross-resolution topology acceptance,E,none; explicit geometry owns acceptance,"five automatic controller cases: birth, death, split, merge, mixed",original full-profile initializations,kress,independent cylindrical harmonics; analytic 256-node Kress ellipse in controller merge,24 paired ring samples; 0.5 GHz training; 1.5/2.5 GHz evaluation-only holdout,"noiseless; exterior epsr 6, interior epsr 3; zero conductivity",current_diagnostic,completed 5 runs,FAIL death training comparison and aggregate cost gate,not_applicable,all recovered,8.243862941528831e-05,0.06528043884213178,worst paired relative L2 over 5 controller runs; qualification tables distinguish individual cases,0.0007241293811909893,worst sampled symmetric Hausdorff; 512 points per component,Full-controller comparison preserves the negative qualification result for universal shortlist expansion.,Explicit topology evidence; does not establish neural recovery.,results/validation/topology/TOP-001E-controller-20260911/manifest.json; results/validation/topology/TOP-001E-controller-20260911/qualification.json,746c9fb source snapshot; recorded HEAD 5353cab + working-tree hashes,"See recorded manifest, launcher and reproduction commands in the topology result report",preserve originals; use a fresh directory
TOP-005-controller-20260911,TOP-005-controller-20260911::cartesian::F,results/validation/topology/TOP-005-20260911,results/validation/topology/TOP-005-20260911,,2026-09-11,driver manifest UTC date,cartesian_fourier_topology,ordered explicit Fourier components; persistent IDs,central-FD LM; Kress forward; cross-resolution topology acceptance,F,none; explicit geometry owns acceptance,"five automatic controller cases: birth, death, split, merge, mixed",original full-profile initializations,kress,independent cylindrical harmonics; analytic 256-node Kress ellipse in controller merge,24 paired ring samples; 0.5 GHz training; 1.5/2.5 GHz evaluation-only holdout,"noiseless; exterior epsr 6, interior epsr 3; zero conductivity",current_diagnostic,completed 5 runs,PASS all five quality and aggregate-cost gates,not_applicable,all recovered,7.878760616749787e-05,0.06473977407370413,worst paired relative L2 over 5 controller runs; qualification tables distinguish individual cases,0.0007241253425898881,worst sampled symmetric Hausdorff; 512 points per component,Four trajectories exactly baseline with added probe cost; split improvement reduces total solves 4655 to 4323.,Explicit topology evidence; does not establish neural recovery.,results/validation/topology/TOP-005-20260911/manifest.json; results/validation/topology/TOP-005-20260911/qualification.json,746c9fb + recorded TOP-005 working-tree hashes,"See recorded manifest, launcher and reproduction commands in the topology result report",preserve originals; use a fresh directory
TOP-019-20260915-144340-qualified-merge,TOP-019-20260915-144340-qualified-merge::S,results/validation/topology/TOP-019-20260915-144340-qualified-merge,results/validation/topology/TOP-019-20260915-144340-qualified-merge,,2026-09-15,UTC campaign directory timestamp from session clock,cartesian_fourier_fixed_topology,gauge-constrained Cartesian Fourier; one fixed K17 component; 256/512 nodes,feasible-side finite-difference LM; four endpoint-inclusive stage quotas,S,none; explicit geometry owns accepted states,merge: one ellipse,original TOP-008 H merge endpoint; coefficient-preserving zero padding K9 to K17,kress,reused frozen analytic-ellipse Kress observations; no new oracle solves,24 paired ring entries; 0.5 GHz training; 1.5/2.5 GHz development evaluation,"{""observation_noise"":""none"",""exterior"":{""epsr"":6.0,""mur"":1.0,""sigma"":0.0},""interior"":{""epsr"":3.0,""mur"":1.0,""sigma"":0.0}}",current_diagnostic,COMPLETED_SCHEDULE; all endpoints numerically qualified,PASS,K17 capacity witness qualified; evaluation-only,gradient_tolerance,9.162547594403772e-07,0.011640602535095607,prescribed stage-4 endpoint; refined paired-response relative L2; development evaluation,8.60067065098252e-05,maximum matched-component sampled symmetric Hausdorff,All recovery gates pass in 1284 frequency solves; lower-cost matched merge control.,Explicit fixed-count control only; no neural or fresh automatic-count qualification.,results/validation/topology/TOP-019-20260915-144340-qualified-merge/manifest.json; results/validation/topology/TOP-019-20260915-144340-qualified-merge/runs/S-merge/metrics.json; results/validation/topology/TOP-019-20260915-144340-qualified-merge/work_ledger.json,8cbf207cd50e87832f40b71a6dea3b75a4b3fe65 + frozen experiment source hashes and bundled scripts,experiments/top019/run.py campaign --bundle results/validation/topology/TOP-019-20260915-144340-qualified-merge --validation experiments/top019/validation.json,preserve originals; new numerical work requires a fresh directory and named approval
TOP-019-20260915-144340-qualified-merge,TOP-019-20260915-144340-qualified-merge::F,results/validation/topology/TOP-019-20260915-144340-qualified-merge,results/validation/topology/TOP-019-20260915-144340-qualified-merge,,2026-09-15,UTC campaign directory timestamp from session clock,cartesian_fourier_fixed_topology,gauge-constrained Cartesian Fourier; one fixed K17 component; 256/512 nodes,feasible-side finite-difference LM; four endpoint-inclusive stage quotas,F,none; explicit geometry owns accepted states,merge: one ellipse,original TOP-008 H merge endpoint; coefficient-preserving zero padding K9 to K17,kress,reused frozen analytic-ellipse Kress observations; no new oracle solves,24 paired ring entries; cumulative 0.5/0.75/1.0/1.25 GHz training; 1.5/2.5 GHz development evaluation,"{""observation_noise"":""none"",""exterior"":{""epsr"":6.0,""mur"":1.0,""sigma"":0.0},""interior"":{""epsr"":3.0,""mur"":1.0,""sigma"":0.0}}",current_diagnostic,COMPLETED_SCHEDULE; all endpoints numerically qualified,PASS,K17 capacity witness qualified; evaluation-only,gradient_tolerance,1.7725635068199822e-07,0.0022935779167533405,prescribed stage-4 endpoint; refined paired-response relative L2; development evaluation,2.1428264131056262e-05,maximum matched-component sampled symmetric Hausdorff,All recovery gates pass in 4844 solves; 4.01x boundary and 5.08x prediction precision for 3.77x work relative to S.,Explicit fixed-count control only; no neural or fresh automatic-count qualification.,results/validation/topology/TOP-019-20260915-144340-qualified-merge/manifest.json; results/validation/topology/TOP-019-20260915-144340-qualified-merge/runs/F-merge/metrics.json; results/validation/topology/TOP-019-20260915-144340-qualified-merge/work_ledger.json,8cbf207cd50e87832f40b71a6dea3b75a4b3fe65 + frozen experiment source hashes and bundled scripts,experiments/top019/run.py campaign --bundle results/validation/topology/TOP-019-20260915-144340-qualified-merge --validation experiments/top019/validation.json,preserve originals; new numerical work requires a fresh directory and named approval
TOP-020-20260915-153359-fresh-two-stars,TOP-020-20260915-153359-fresh-two-stars::F,results/validation/topology/TOP-020-20260915-153359-fresh-two-stars,results/validation/topology/TOP-020-20260915-153359-fresh-two-stars,,2026-09-15,UTC run directory timestamp,cartesian_fourier_automatic_topology_and_continuation,polar-gauge Cartesian Fourier; automatic count then K9 components; 256/512 continuation,H automatic controller; feasible FD LM; four cumulative-frequency stages,H then staged F,none; explicit geometry owns acceptance,far-two-stars,"original distant 75 mm circle at (0.40,0.57); no supplied count or saved optimized start",kress,reused frozen analytic Kress observations; no new oracle calls,24 paired ring entries; 0.5 GHz topology; cumulative 0.5/0.75/1/1.25 GHz refinement; 1.5/2.5 GHz development evaluation,"noiseless; exterior epsr 6, interior epsr 3; zero conductivity",current_diagnostic,COMPLETED_SCHEDULE; all numerical gates pass,"FAIL: boundary, IoU, development prediction",fixed K9 gauge-constrained chart after automatic topology,STAGE_QUOTA_REACHED; terminal stationarity unconfirmed,0.0017479898843641261,0.6011498258852247,prescribed stage-4 refined endpoint; development evaluation,0.009973540164533364,maximum matched-component sampled symmetric Hausdorff,"Fresh topology count is correct but staged refinement fails recovery; 9375 charged calls, 9308 completed systems, 67 geometry refusals.",Explicit automatic evidence only; no neural qualification.,results/validation/topology/TOP-020-20260915-153359-fresh-two-stars/manifest.json; results/validation/topology/TOP-020-20260915-153359-fresh-two-stars/result.json,fa2666fc0881a006593273a46685ab86d6bb541b + frozen bundled sources,experiments/top020/run.py --output results/validation/topology/TOP-020-20260915-153359-fresh-two-stars --validation experiments/top020/validation.json,preserve failed fresh run; follow bounded successor under remaining-work approval
TOP-022-20260915-165552-fresh-direct-two-stars,TOP-022-20260915-165552-fresh-direct-two-stars::F,results/validation/topology/TOP-022-20260915-165552-fresh-direct-two-stars,results/validation/topology/TOP-022-20260915-165552-fresh-direct-two-stars,,2026-09-15,UTC run directory timestamp,cartesian_fourier_automatic_topology_and_continuation,polar-gauge Cartesian Fourier; automatic count then K9 components; 256/512 continuation,H automatic controller; feasible FD LM; immediate four-frequency stage,H then direct F,none; explicit geometry owns acceptance,far-two-stars,"original distant 75 mm circle at (0.40,0.57); no supplied count or saved optimized start",kress,reused frozen analytic Kress observations; no new oracle calls,24 paired ring entries; 0.5 GHz topology; immediate 0.5/0.75/1/1.25 GHz refinement; 1.5/2.5 GHz development evaluation,"noiseless; exterior epsr 6, interior epsr 3; zero conductivity",current_diagnostic,COMPLETED_SCHEDULE; all numerical gates pass,"FAIL: boundary, IoU, development prediction",fixed K9 gauge-constrained chart after automatic topology,maximum_iterations; measured terminal reduced gradient 0.0142759872; convergence unconfirmed,0.0019287483879982157,0.6191848528015148,prescribed stage-4 refined endpoint; development evaluation,0.00975505289643413,maximum matched-component sampled symmetric Hausdorff,"Direct entry fails fresh recovery despite qualified numerics; 8247 charged calls, 8180 completed systems, 67 geometry refusals. Full-suite candidate remains gated.",Explicit automatic evidence only; no neural qualification.,results/validation/topology/TOP-022-20260915-165552-fresh-direct-two-stars/manifest.json; results/validation/topology/TOP-022-20260915-165552-fresh-direct-two-stars/result.json,fa2666fc0881a006593273a46685ab86d6bb541b + frozen bundled sources,experiments/top022/run.py --output results/validation/topology/TOP-022-20260915-165552-fresh-direct-two-stars --validation experiments/top022/validation.json,preserve failed fresh run; diagnose terminal training model under bounded successor
TOP-023-20260915-181302-terminal-model,TOP-023-20260915-181302-terminal-model::diagnostic,results/validation/topology/TOP-023-20260915-181302-terminal-model,results/validation/topology/TOP-023-20260915-181302-terminal-model,,2026-09-15,UTC diagnostic directory timestamp,cartesian_fourier_terminal_model_diagnostic,frozen failed TOP-022 terminal; K9 polar-gauge components; no inverse update,feasible finite differences; four frozen-model LM damping probes,baseline next damping; 1e-6; 1e-4; 1e-2,none; explicit geometry,far-two-stars frozen terminal diagnostic,"exact TOP-022 prescribed final state; archived-terminal diagnostic, not fresh recovery",kress,no new oracle or evaluation solves; eight historical training prediction systems reused,24 paired ring entries; training only at 0.5/0.75/1/1.25 GHz,"noiseless; exterior epsr 6, interior epsr 3",current_diagnostic,COMPLETED_DIAGNOSTIC; model and selected directional checks pass,NOT_ASSESSED; no inverse executed,frozen K9 polar-gauge Cartesian chart,completed four prescribed candidate searches,,,validated training-objective gain at first qualified candidate per arm; no development score,,,"Damping 1e-2 gives 3.978x baseline step gain using 8 versus 24 candidate calls; 396 total diagnostic calls, zero failed.",No neural or fresh-recovery qualification.,results/validation/topology/TOP-023-20260915-181302-terminal-model/manifest.json; results/validation/topology/TOP-023-20260915-181302-terminal-model/result.json; results/validation/topology/TOP-023-20260915-181302-terminal-model/verification.json,fa2666fc0881a006593273a46685ab86d6bb541b + frozen bundled sources,experiments/top023/run.py --output results/validation/topology/TOP-023-20260915-181302-terminal-model --validation experiments/top023/validation.json,preserve diagnostic; separately bound any continuation comparison
TOP-024-20260915-201101-bounded-damping-pair,TOP-024-20260915-201101-bounded-damping-pair::A,results/validation/topology/TOP-024-20260915-201101-bounded-damping-pair,results/validation/topology/TOP-024-20260915-201101-bounded-damping-pair,,2026-09-15,UTC bounded-pair directory timestamp,cartesian_fourier_fixed_topology_continuation,two fixed K9 polar-gauge Cartesian Fourier components; 256/512 nodes,inherited feasible FD LM; one 12-update four-frequency stage,A baseline next damping,none; explicit geometry owns acceptance,far-two-stars,exact frozen failed TOP-022 terminal; no diagnostic candidate used,kress,reused frozen analytic Kress observations; no new oracle calls,24 paired ring entries; four training frequencies; final-only development scoring,"noiseless; exterior epsr 6, interior epsr 3; zero conductivity",current_diagnostic,COMPLETED_SCHEDULE,Fail,fixed K9 gauge-constrained chart after automatic topology,maximum_iterations,0.0019962140294745687,0.6285225652296981,prescribed terminal endpoint; development evaluation,0.009628346186843398,maximum matched-component sampled symmetric Hausdorff,NEITHER_ARM_RECOVERED; 3748 new calls for this arm; original gates unchanged.,Explicit archived fixed-topology evidence; no neural or fresh automatic qualification.,results/validation/topology/TOP-024-20260915-201101-bounded-damping-pair/manifest.json; results/validation/topology/TOP-024-20260915-201101-bounded-damping-pair/verification.json; results/validation/topology/TOP-024-20260915-201101-bounded-damping-pair/runs/A/result.json,fa2666fc0881a006593273a46685ab86d6bb541b + frozen bundled sources,experiments/top024/dispatch.py --output results/validation/topology/TOP-024-20260915-201101-bounded-damping-pair,preserve both endpoints; no successor or extension in this bounded request
TOP-024-20260915-201101-bounded-damping-pair,TOP-024-20260915-201101-bounded-damping-pair::B,results/validation/topology/TOP-024-20260915-201101-bounded-damping-pair,results/validation/topology/TOP-024-20260915-201101-bounded-damping-pair,,2026-09-15,UTC bounded-pair directory timestamp,cartesian_fourier_fixed_topology_continuation,two fixed K9 polar-gauge Cartesian Fourier components; 256/512 nodes,inherited feasible FD LM; one 12-update four-frequency stage,B initial damping reset 1e-2,none; explicit geometry owns acceptance,far-two-stars,exact frozen failed TOP-022 terminal; no diagnostic candidate used,kress,reused frozen analytic Kress observations; no new oracle calls,24 paired ring entries; four training frequencies; final-only development scoring,"noiseless; exterior epsr 6, interior epsr 3; zero conductivity",current_diagnostic,COMPLETED_SCHEDULE,Fail,fixed K9 gauge-constrained chart after automatic topology,maximum_iterations,0.001999365365763701,0.6274875392303676,prescribed terminal endpoint; development evaluation,0.009532728552072196,maximum matched-component sampled symmetric Hausdorff,NEITHER_ARM_RECOVERED; 3756 new calls for this arm; original gates unchanged.,Explicit archived fixed-topology evidence; no neural or fresh automatic qualification.,results/validation/topology/TOP-024-20260915-201101-bounded-damping-pair/manifest.json; results/validation/topology/TOP-024-20260915-201101-bounded-damping-pair/verification.json; results/validation/topology/TOP-024-20260915-201101-bounded-damping-pair/runs/B/result.json,fa2666fc0881a006593273a46685ab86d6bb541b + frozen bundled sources,experiments/top024/dispatch.py --output results/validation/topology/TOP-024-20260915-201101-bounded-damping-pair,preserve both endpoints; no successor or extension in this bounded request
TOP-025-20260915-210356-all-scenes-current,TOP-025-20260915-210356-all-scenes-current::repeated-birth::F,results/validation/topology/TOP-025-20260915-210356-all-scenes-current,results/validation/topology/TOP-025-20260915-210356-all-scenes-current,,2026-09-15,UTC suite closeout date; manifest records preparation time,cartesian_fourier_automatic_topology_and_continuation,automatic polar-gauge Cartesian Fourier; returned-count K17/K9 capacity; 256/512 continuation,H automatic controller; existing feasible FD LM; cumulative four-frequency stages,H then cumulative F,none; explicit geometry owns acceptance,repeated-birth,immutable original v1 initialization for repeated-birth; no supplied count or optimized checkpoint,kress,original observations reused; added-frequency observations generated and qualified at 256/512; 6 new oracle calls,"24 paired ring entries; 0.5 GHz topology; cumulative 0.5, 0.5/0.75, 0.5/0.75/1, 0.5/0.75/1/1.25 GHz refinement stages; 1.5/2.5 GHz development evaluation","noiseless; exterior epsr 6, interior epsr 3; zero conductivity",current_diagnostic,COMPLETED_SCHEDULE,PASS,capacity rule selected from returned count; not truth,UNCONFIRMED,1.620666686921031e-07,1.115885388613679e-06,prescribed retained endpoint; predictions unavailable after unscored hard stops,9.261684789106352e-09,maximum matched-component sampled symmetric Hausdorff,All original gates pass. 1895 charged calls; lower bound: False.,Explicit automatic development-case evidence; no neural recovery claim.,results/validation/topology/TOP-025-20260915-210356-all-scenes-current/manifest.json; results/validation/topology/TOP-025-20260915-210356-all-scenes-current/scorecard.json; results/validation/topology/TOP-025-20260915-210356-all-scenes-current/video_manifest.json,a5fb5ac66ae333902deec5370164edb10209d39d + frozen measured sources,experiments/top025/run.py campaign --bundle results/validation/topology/TOP-025-20260915-210356-all-scenes-current --validation experiments/top025/validation.json,preserve all twelve outcomes; no corrective successor in this request
TOP-025-20260915-210356-all-scenes-current,TOP-025-20260915-210356-all-scenes-current::death::F,results/validation/topology/TOP-025-20260915-210356-all-scenes-current,results/validation/topology/TOP-025-20260915-210356-all-scenes-current,,2026-09-15,UTC suite closeout date; manifest records preparation time,cartesian_fourier_automatic_topology_and_continuation,automatic polar-gauge Cartesian Fourier; returned-count K17/K9 capacity; 256/512 continuation,H automatic controller; existing feasible FD LM; cumulative four-frequency stages,H then cumulative F,none; explicit geometry owns acceptance,death,immutable original v1 initialization for death; no supplied count or optimized checkpoint,kress,original observations reused; added-frequency observations generated and qualified at 256/512; 6 new oracle calls,"24 paired ring entries; 0.5 GHz topology; cumulative 0.5, 0.5/0.75, 0.5/0.75/1, 0.5/0.75/1/1.25 GHz refinement stages; 1.5/2.5 GHz development evaluation","noiseless; exterior epsr 6, interior epsr 3; zero conductivity",current_diagnostic,COMPLETED_SCHEDULE,PASS,capacity rule selected from returned count; not truth,CONFIRMED_BY_CONFIGURED_TESTS,5.972139639555053e-08,2.4514830648924664e-07,prescribed retained endpoint; predictions unavailable after unscored hard stops,2.008495882489577e-09,maximum matched-component sampled symmetric Hausdorff,All original gates pass. 1063 charged calls; lower bound: False.,Explicit automatic development-case evidence; no neural recovery claim.,results/validation/topology/TOP-025-20260915-210356-all-scenes-current/manifest.json; results/validation/topology/TOP-025-20260915-210356-all-scenes-current/scorecard.json; results/validation/topology/TOP-025-20260915-210356-all-scenes-current/video_manifest.json,a5fb5ac66ae333902deec5370164edb10209d39d + frozen measured sources,experiments/top025/run.py campaign --bundle results/validation/topology/TOP-025-20260915-210356-all-scenes-current --validation experiments/top025/validation.json,preserve all twelve outcomes; no corrective successor in this request
TOP-025-20260915-210356-all-scenes-current,TOP-025-20260915-210356-all-scenes-current::split::F,results/validation/topology/TOP-025-20260915-210356-all-scenes-current,results/validation/topology/TOP-025-20260915-210356-all-scenes-current,,2026-09-15,UTC suite closeout date; manifest records preparation time,cartesian_fourier_automatic_topology_and_continuation,automatic polar-gauge Cartesian Fourier; returned-count K17/K9 capacity; 256/512 continuation,H automatic controller; existing feasible FD LM; cumulative four-frequency stages,H then cumulative F,none; explicit geometry owns acceptance,split,immutable original v1 initialization for split; no supplied count or optimized checkpoint,kress,original observations reused; added-frequency observations generated and qualified at 256/512; 6 new oracle calls,"24 paired ring entries; 0.5 GHz topology; cumulative 0.5, 0.5/0.75, 0.5/0.75/1, 0.5/0.75/1/1.25 GHz refinement stages; 1.5/2.5 GHz development evaluation","noiseless; exterior epsr 6, interior epsr 3; zero conductivity",current_diagnostic,COMPLETED_SCHEDULE,PASS,capacity rule selected from returned count; not truth,UNCONFIRMED,6.787596902604066e-07,3.239105284470052e-06,prescribed retained endpoint; predictions unavailable after unscored hard stops,2.3356893702893828e-08,maximum matched-component sampled symmetric Hausdorff,All original gates pass. 1037 charged calls; lower bound: False.,Explicit automatic development-case evidence; no neural recovery claim.,results/validation/topology/TOP-025-20260915-210356-all-scenes-current/manifest.json; results/validation/topology/TOP-025-20260915-210356-all-scenes-current/scorecard.json; results/validation/topology/TOP-025-20260915-210356-all-scenes-current/video_manifest.json,a5fb5ac66ae333902deec5370164edb10209d39d + frozen measured sources,experiments/top025/run.py campaign --bundle results/validation/topology/TOP-025-20260915-210356-all-scenes-current --validation experiments/top025/validation.json,preserve all twelve outcomes; no corrective successor in this request
TOP-025-20260915-210356-all-scenes-current,TOP-025-20260915-210356-all-scenes-current::merge::F,results/validation/topology/TOP-025-20260915-210356-all-scenes-current,results/validation/topology/TOP-025-20260915-210356-all-scenes-current,,2026-09-15,UTC suite closeout date; manifest records preparation time,cartesian_fourier_automatic_topology_and_continuation,automatic polar-gauge Cartesian Fourier; returned-count K17/K9 capacity; 256/512 continuation,H automatic controller; existing feasible FD LM; cumulative four-frequency stages,H then cumulative F,none; explicit geometry owns acceptance,merge,immutable original v1 initialization for merge; no supplied count or optimized checkpoint,kress,original observations and verified added-frequency observations reused; 0 new oracle calls,"24 paired ring entries; 0.5 GHz topology; cumulative 0.5, 0.5/0.75, 0.5/0.75/1, 0.5/0.75/1/1.25 GHz refinement stages; 1.5/2.5 GHz development evaluation","noiseless; exterior epsr 6, interior epsr 3; zero conductivity",current_diagnostic,COMPLETED_SCHEDULE,PASS,capacity rule selected from returned count; not truth,UNCONFIRMED,1.7725635068199822e-07,0.0022935779167533405,prescribed retained endpoint; predictions unavailable after unscored hard stops,2.1428264131056262e-05,maximum matched-component sampled symmetric Hausdorff,All original gates pass. 5400 charged calls; lower bound: False.,Explicit automatic development-case evidence; no neural recovery claim.,results/validation/topology/TOP-025-20260915-210356-all-scenes-current/manifest.json; results/validation/topology/TOP-025-20260915-210356-all-scenes-current/scorecard.json; results/validation/topology/TOP-025-20260915-210356-all-scenes-current/video_manifest.json,a5fb5ac66ae333902deec5370164edb10209d39d + frozen measured sources,experiments/top025/run.py campaign --bundle results/validation/topology/TOP-025-20260915-210356-all-scenes-current --validation experiments/top025/validation.json,preserve all twelve outcomes; no corrective successor in this request
TOP-025-20260915-210356-all-scenes-current,TOP-025-20260915-210356-all-scenes-current::mixed::F,results/validation/topology/TOP-025-20260915-210356-all-scenes-current,results/validation/topology/TOP-025-20260915-210356-all-scenes-current,,2026-09-15,UTC suite closeout date; manifest records preparation time,cartesian_fourier_automatic_topology_and_continuation,automatic polar-gauge Cartesian Fourier; returned-count K17/K9 capacity; 256/512 continuation,H automatic controller; existing feasible FD LM; cumulative four-frequency stages,H then cumulative F,none; explicit geometry owns acceptance,mixed,immutable original v1 initialization for mixed; no supplied count or optimized checkpoint,kress,original observations reused; added-frequency observations generated and qualified at 256/512; 6 new oracle calls,"24 paired ring entries; 0.5 GHz topology; cumulative 0.5, 0.5/0.75, 0.5/0.75/1, 0.5/0.75/1/1.25 GHz refinement stages; 1.5/2.5 GHz development evaluation","noiseless; exterior epsr 6, interior epsr 3; zero conductivity",current_diagnostic,COMPLETED_SCHEDULE,PASS,capacity rule selected from returned count; not truth,UNCONFIRMED,7.014811472917208e-10,1.7281451009732495e-06,prescribed retained endpoint; predictions unavailable after unscored hard stops,1.9651398097785033e-08,maximum matched-component sampled symmetric Hausdorff,All original gates pass. 4585 charged calls; lower bound: False.,Explicit automatic development-case evidence; no neural recovery claim.,results/validation/topology/TOP-025-20260915-210356-all-scenes-current/manifest.json; results/validation/topology/TOP-025-20260915-210356-all-scenes-current/scorecard.json; results/validation/topology/TOP-025-20260915-210356-all-scenes-current/video_manifest.json,a5fb5ac66ae333902deec5370164edb10209d39d + frozen measured sources,experiments/top025/run.py campaign --bundle results/validation/topology/TOP-025-20260915-210356-all-scenes-current --validation experiments/top025/validation.json,preserve all twelve outcomes; no corrective successor in this request
TOP-025-20260915-210356-all-scenes-current,TOP-025-20260915-210356-all-scenes-current::far-two-circles::F,results/validation/topology/TOP-025-20260915-210356-all-scenes-current,results/validation/topology/TOP-025-20260915-210356-all-scenes-current,,2026-09-15,UTC suite closeout date; manifest records preparation time,cartesian_fourier_automatic_topology_and_continuation,automatic polar-gauge Cartesian Fourier; returned-count K17/K9 capacity; 256/512 continuation,H automatic controller; existing feasible FD LM; cumulative four-frequency stages,H then cumulative F,none; explicit geometry owns acceptance,far-two-circles,immutable original v1 initialization for far-two-circles; no supplied count or optimized checkpoint,kress,original observations reused; added-frequency observations generated and qualified at 256/512; 6 new oracle calls,"24 paired ring entries; 0.5 GHz topology; cumulative 0.5, 0.5/0.75, 0.5/0.75/1, 0.5/0.75/1/1.25 GHz refinement stages; 1.5/2.5 GHz development evaluation","noiseless; exterior epsr 6, interior epsr 3; zero conductivity",current_diagnostic,COMPLETED_SCHEDULE,PASS,capacity rule selected from returned count; not truth,UNCONFIRMED,1.80149715866373e-09,9.722811373958388e-06,prescribed retained endpoint; predictions unavailable after unscored hard stops,1.0580204999617314e-07,maximum matched-component sampled symmetric Hausdorff,All original gates pass. 3136 charged calls; lower bound: False.,Explicit automatic development-case evidence; no neural recovery claim.,results/validation/topology/TOP-025-20260915-210356-all-scenes-current/manifest.json; results/validation/topology/TOP-025-20260915-210356-all-scenes-current/scorecard.json; results/validation/topology/TOP-025-20260915-210356-all-scenes-current/video_manifest.json,a5fb5ac66ae333902deec5370164edb10209d39d + frozen measured sources,experiments/top025/run.py campaign --bundle results/validation/topology/TOP-025-20260915-210356-all-scenes-current --validation experiments/top025/validation.json,preserve all twelve outcomes; no corrective successor in this request
TOP-025-20260915-210356-all-scenes-current,TOP-025-20260915-210356-all-scenes-current::far-ellipse-star::F,results/validation/topology/TOP-025-20260915-210356-all-scenes-current,results/validation/topology/TOP-025-20260915-210356-all-scenes-current,,2026-09-15,UTC suite closeout date; manifest records preparation time,cartesian_fourier_automatic_topology_and_continuation,automatic polar-gauge Cartesian Fourier; returned-count K17/K9 capacity; 256/512 continuation,H automatic controller; existing feasible FD LM; cumulative four-frequency stages,H then cumulative F,none; explicit geometry owns acceptance,far-ellipse-star,immutable original v1 initialization for far-ellipse-star; no supplied count or optimized checkpoint,kress,original observations reused; added-frequency observations generated and qualified at 256/512; 6 new oracle calls,"24 paired ring entries; 0.5 GHz topology; cumulative 0.5, 0.5/0.75, 0.5/0.75/1, 0.5/0.75/1/1.25 GHz refinement stages; 1.5/2.5 GHz development evaluation","noiseless; exterior epsr 6, interior epsr 3; zero conductivity",current_diagnostic,HARD_STOP,FAIL / incomplete,capacity rule selected from returned count; not truth,NUMERICAL_FAILURE,,,prescribed retained endpoint; predictions unavailable after unscored hard stops,0.017616352291634167,maximum matched-component sampled symmetric Hausdorff,wrong component count; boundary > 1 mm or unmatched; IoU < 0.90; final prediction score unavailable; numerical qualification incomplete/failed; continuation incomplete; NUMERICAL_FAILURE 2530 charged calls; lower bound: False.,Explicit automatic development-case evidence; no neural recovery claim.,results/validation/topology/TOP-025-20260915-210356-all-scenes-current/manifest.json; results/validation/topology/TOP-025-20260915-210356-all-scenes-current/scorecard.json; results/validation/topology/TOP-025-20260915-210356-all-scenes-current/video_manifest.json,a5fb5ac66ae333902deec5370164edb10209d39d + frozen measured sources,experiments/top025/run.py campaign --bundle results/validation/topology/TOP-025-20260915-210356-all-scenes-current --validation experiments/top025/validation.json,preserve all twelve outcomes; no corrective successor in this request
TOP-025-20260915-210356-all-scenes-current,TOP-025-20260915-210356-all-scenes-current::central-ellipse-star::F,results/validation/topology/TOP-025-20260915-210356-all-scenes-current,results/validation/topology/TOP-025-20260915-210356-all-scenes-current,,2026-09-15,UTC suite closeout date; manifest records preparation time,cartesian_fourier_automatic_topology_and_continuation,automatic polar-gauge Cartesian Fourier; returned-count K17/K9 capacity; 256/512 continuation,H automatic controller; existing feasible FD LM; cumulative four-frequency stages,H then cumulative F,none; explicit geometry owns acceptance,central-ellipse-star,immutable original v1 initialization for central-ellipse-star; no supplied count or optimized checkpoint,kress,original observations and verified added-frequency observations reused; 0 new oracle calls,"24 paired ring entries; 0.5 GHz topology; cumulative 0.5, 0.5/0.75, 0.5/0.75/1, 0.5/0.75/1/1.25 GHz refinement stages; 1.5/2.5 GHz development evaluation","noiseless; exterior epsr 6, interior epsr 3; zero conductivity",current_diagnostic,COMPLETED_SCHEDULE,PASS,capacity rule selected from returned count; not truth,UNCONFIRMED,6.729192633459008e-07,0.001237706491378601,prescribed retained endpoint; predictions unavailable after unscored hard stops,6.233416141337228e-05,maximum matched-component sampled symmetric Hausdorff,All original gates pass. 7466 charged calls; lower bound: False.,Explicit automatic development-case evidence; no neural recovery claim.,results/validation/topology/TOP-025-20260915-210356-all-scenes-current/manifest.json; results/validation/topology/TOP-025-20260915-210356-all-scenes-current/scorecard.json; results/validation/topology/TOP-025-20260915-210356-all-scenes-current/video_manifest.json,a5fb5ac66ae333902deec5370164edb10209d39d + frozen measured sources,experiments/top025/run.py campaign --bundle results/validation/topology/TOP-025-20260915-210356-all-scenes-current --validation experiments/top025/validation.json,preserve all twelve outcomes; no corrective successor in this request
TOP-025-20260915-210356-all-scenes-current,TOP-025-20260915-210356-all-scenes-current::enclosing-ellipse-star::F,results/validation/topology/TOP-025-20260915-210356-all-scenes-current,results/validation/topology/TOP-025-20260915-210356-all-scenes-current,,2026-09-15,UTC suite closeout date; manifest records preparation time,cartesian_fourier_automatic_topology_and_continuation,automatic polar-gauge Cartesian Fourier; returned-count K17/K9 capacity; 256/512 continuation,H automatic controller; existing feasible FD LM; cumulative four-frequency stages,H then cumulative F,none; explicit geometry owns acceptance,enclosing-ellipse-star,immutable original v1 initialization for enclosing-ellipse-star; no supplied count or optimized checkpoint,kress,original observations reused; added-frequency observations generated and qualified at 256/512; 6 new oracle calls,"24 paired ring entries; 0.5 GHz topology; cumulative 0.5, 0.5/0.75, 0.5/0.75/1, 0.5/0.75/1/1.25 GHz refinement stages; 1.5/2.5 GHz development evaluation","noiseless; exterior epsr 6, interior epsr 3; zero conductivity",current_diagnostic,HARD_STOP,FAIL / incomplete,capacity rule selected from returned count; not truth,TRIAL_WALL_LIMIT,,,prescribed retained endpoint; predictions unavailable after unscored hard stops,0.15043493138879024,maximum matched-component sampled symmetric Hausdorff,wrong component count; boundary > 1 mm or unmatched; IoU < 0.90; final prediction score unavailable; numerical qualification incomplete/failed; topology handoff incomplete/failed; continuation incomplete; TRIAL_WALL_LIMIT 3393 charged calls; lower bound: False.,Explicit automatic development-case evidence; no neural recovery claim.,results/validation/topology/TOP-025-20260915-210356-all-scenes-current/manifest.json; results/validation/topology/TOP-025-20260915-210356-all-scenes-current/scorecard.json; results/validation/topology/TOP-025-20260915-210356-all-scenes-current/video_manifest.json,a5fb5ac66ae333902deec5370164edb10209d39d + frozen measured sources,experiments/top025/run.py campaign --bundle results/validation/topology/TOP-025-20260915-210356-all-scenes-current --validation experiments/top025/validation.json,preserve all twelve outcomes; no corrective successor in this request
TOP-025-20260915-210356-all-scenes-current,TOP-025-20260915-210356-all-scenes-current::empty-ellipse-star::F,results/validation/topology/TOP-025-20260915-210356-all-scenes-current,results/validation/topology/TOP-025-20260915-210356-all-scenes-current,,2026-09-15,UTC suite closeout date; manifest records preparation time,cartesian_fourier_automatic_topology_and_continuation,automatic polar-gauge Cartesian Fourier; returned-count K17/K9 capacity; 256/512 continuation,H automatic controller; existing feasible FD LM; cumulative four-frequency stages,H then cumulative F,none; explicit geometry owns acceptance,empty-ellipse-star,immutable original v1 initialization for empty-ellipse-star; no supplied count or optimized checkpoint,kress,original observations reused; added-frequency observations generated and qualified at 256/512; 6 new oracle calls,"24 paired ring entries; 0.5 GHz topology; cumulative 0.5, 0.5/0.75, 0.5/0.75/1, 0.5/0.75/1/1.25 GHz refinement stages; 1.5/2.5 GHz development evaluation","noiseless; exterior epsr 6, interior epsr 3; zero conductivity",current_diagnostic,HARD_STOP,FAIL / incomplete,capacity rule selected from returned count; not truth,NUMERICAL_FAILURE,,,prescribed retained endpoint; predictions unavailable after unscored hard stops,0.017616339728208773,maximum matched-component sampled symmetric Hausdorff,wrong component count; boundary > 1 mm or unmatched; IoU < 0.90; final prediction score unavailable; numerical qualification incomplete/failed; continuation incomplete; NUMERICAL_FAILURE 803 charged calls; lower bound: False.,Explicit automatic development-case evidence; no neural recovery claim.,results/validation/topology/TOP-025-20260915-210356-all-scenes-current/manifest.json; results/validation/topology/TOP-025-20260915-210356-all-scenes-current/scorecard.json; results/validation/topology/TOP-025-20260915-210356-all-scenes-current/video_manifest.json,a5fb5ac66ae333902deec5370164edb10209d39d + frozen measured sources,experiments/top025/run.py campaign --bundle results/validation/topology/TOP-025-20260915-210356-all-scenes-current --validation experiments/top025/validation.json,preserve all twelve outcomes; no corrective successor in this request
TOP-025-20260915-210356-all-scenes-current,TOP-025-20260915-210356-all-scenes-current::far-two-stars::F,results/validation/topology/TOP-025-20260915-210356-all-scenes-current,results/validation/topology/TOP-025-20260915-210356-all-scenes-current,,2026-09-15,UTC suite closeout date; manifest records preparation time,cartesian_fourier_automatic_topology_and_continuation,automatic polar-gauge Cartesian Fourier; returned-count K17/K9 capacity; 256/512 continuation,H automatic controller; existing feasible FD LM; cumulative four-frequency stages,H then cumulative F,none; explicit geometry owns acceptance,far-two-stars,immutable original v1 initialization for far-two-stars; no supplied count or optimized checkpoint,kress,original observations and verified added-frequency observations reused; 0 new oracle calls,"24 paired ring entries; 0.5 GHz topology; cumulative 0.5, 0.5/0.75, 0.5/0.75/1, 0.5/0.75/1/1.25 GHz refinement stages; 1.5/2.5 GHz development evaluation","noiseless; exterior epsr 6, interior epsr 3; zero conductivity",current_diagnostic,COMPLETED_SCHEDULE,FAIL / incomplete,capacity rule selected from returned count; not truth,UNCONFIRMED,0.0017479898843641261,0.6011498258852247,prescribed retained endpoint; predictions unavailable after unscored hard stops,0.009973540164533364,maximum matched-component sampled symmetric Hausdorff,boundary > 1 mm or unmatched; IoU < 0.90; development error > 0.05 9375 charged calls; lower bound: False.,Explicit automatic development-case evidence; no neural recovery claim.,results/validation/topology/TOP-025-20260915-210356-all-scenes-current/manifest.json; results/validation/topology/TOP-025-20260915-210356-all-scenes-current/scorecard.json; results/validation/topology/TOP-025-20260915-210356-all-scenes-current/video_manifest.json,a5fb5ac66ae333902deec5370164edb10209d39d + frozen measured sources,experiments/top025/run.py campaign --bundle results/validation/topology/TOP-025-20260915-210356-all-scenes-current --validation experiments/top025/validation.json,preserve all twelve outcomes; no corrective successor in this request
TOP-025-20260915-210356-all-scenes-current,TOP-025-20260915-210356-all-scenes-current::far-three-shapes::F,results/validation/topology/TOP-025-20260915-210356-all-scenes-current,results/validation/topology/TOP-025-20260915-210356-all-scenes-current,,2026-09-15,UTC suite closeout date; manifest records preparation time,cartesian_fourier_automatic_topology_and_continuation,automatic polar-gauge Cartesian Fourier; returned-count K17/K9 capacity; 256/512 continuation,H automatic controller; existing feasible FD LM; cumulative four-frequency stages,H then cumulative F,none; explicit geometry owns acceptance,far-three-shapes,immutable original v1 initialization for far-three-shapes; no supplied count or optimized checkpoint,kress,original observations reused; added-frequency observations generated and qualified at 256/512; 6 new oracle calls,"24 paired ring entries; 0.5 GHz topology; cumulative 0.5, 0.5/0.75, 0.5/0.75/1, 0.5/0.75/1/1.25 GHz refinement stages; 1.5/2.5 GHz development evaluation","noiseless; exterior epsr 6, interior epsr 3; zero conductivity",current_diagnostic,HARD_STOP,FAIL / incomplete,capacity rule selected from returned count; not truth,TRIAL_WALL_LIMIT,,,prescribed retained endpoint; predictions unavailable after unscored hard stops,0.030330673861470953,maximum matched-component sampled symmetric Hausdorff,wrong component count; boundary > 1 mm or unmatched; IoU < 0.90; final prediction score unavailable; numerical qualification incomplete/failed; topology handoff incomplete/failed; continuation incomplete; TRIAL_WALL_LIMIT 2957 charged calls; lower bound: False.,Explicit automatic development-case evidence; no neural recovery claim.,results/validation/topology/TOP-025-20260915-210356-all-scenes-current/manifest.json; results/validation/topology/TOP-025-20260915-210356-all-scenes-current/scorecard.json; results/validation/topology/TOP-025-20260915-210356-all-scenes-current/video_manifest.json,a5fb5ac66ae333902deec5370164edb10209d39d + frozen measured sources,experiments/top025/run.py campaign --bundle results/validation/topology/TOP-025-20260915-210356-all-scenes-current --validation experiments/top025/validation.json,preserve all twelve outcomes; no corrective successor in this request
SPD-001-20260915-233833-combined,SPD-001-20260915-233833-combined::fd_cpu,results/validation/speedup/SPD-001-20260915-233833-combined,results/validation/speedup/SPD-001-20260915-233833-combined,2026-09-15T23:18:21.220235+00:00,2026-09-15/16,recorded execution; bundle label is dispatch date,explicit_cartesian_fixed_topology_speedup,two Cartesian Fourier components; 76 coefficients / 34 gauge directions,analytic or production central FD; unchanged damped LM; one update opportunity,fd_cpu,none,saved TOP-023 terminal two-star state,identical saved terminal coefficients for every arm,coupled Kress N=256 production / N=512 acceptance,frozen TOP-023 observations,24 paired sources; 0.5/0.75/1.0/1.25 GHz,frozen lossless nonmagnetic benchmark,current_diagnostic,PASS; one accepted update; matched endpoints within 1e-6 m coefficient infinity norm,NOT_EVALUATED_FULL_RECOVERY,not_applicable,maximum_iterations,,,objective and coefficient parity only; no new recovery/holdout claim,,,Complete update 261.199 s (1.000x vs FD CPU); final loss 2.129959593e-05; max coefficient difference from FD 0 m.,Runtime evidence for explicit Cartesian geometry; no MLP recovery implication.,results/validation/speedup/SPD-001-20260915-233833-combined/manifest.json; results/validation/speedup/SPD-001-20260915-233833-combined/summary.json,0ef6b8a plus opt-in SPD-001 changes; exact measured_sources snapshot,python -m experiments.spd001_analytic_jacobian.run --bundle results/validation/speedup/SPD-001-20260915-233833-combined --phase all,preserve measured bundle; reporting can be rebuilt without numerical rerun
SPD-001-20260915-233833-combined,SPD-001-20260915-233833-combined::analytic_cpu,results/validation/speedup/SPD-001-20260915-233833-combined,results/validation/speedup/SPD-001-20260915-233833-combined,2026-09-15T23:18:21.220254+00:00,2026-09-15/16,recorded execution; bundle label is dispatch date,explicit_cartesian_fixed_topology_speedup,two Cartesian Fourier components; 76 coefficients / 34 gauge directions,analytic or production central FD; unchanged damped LM; one update opportunity,analytic_cpu,none,saved TOP-023 terminal two-star state,identical saved terminal coefficients for every arm,coupled Kress N=256 production / N=512 acceptance,frozen TOP-023 observations,24 paired sources; 0.5/0.75/1.0/1.25 GHz,frozen lossless nonmagnetic benchmark,current_diagnostic,PASS; one accepted update; matched endpoints within 1e-6 m coefficient infinity norm,NOT_EVALUATED_FULL_RECOVERY,not_applicable,maximum_iterations,,,objective and coefficient parity only; no new recovery/holdout claim,,,Complete update 208.732 s (1.251x vs FD CPU); final loss 2.129958421e-05; max coefficient difference from FD 2.17549e-08 m.,Runtime evidence for explicit Cartesian geometry; no MLP recovery implication.,results/validation/speedup/SPD-001-20260915-233833-combined/manifest.json; results/validation/speedup/SPD-001-20260915-233833-combined/summary.json,0ef6b8a plus opt-in SPD-001 changes; exact measured_sources snapshot,python -m experiments.spd001_analytic_jacobian.run --bundle results/validation/speedup/SPD-001-20260915-233833-combined --phase all,preserve measured bundle; reporting can be rebuilt without numerical rerun
SPD-001-20260915-233833-combined,SPD-001-20260915-233833-combined::fd_fast_cpu,results/validation/speedup/SPD-001-20260915-233833-combined,results/validation/speedup/SPD-001-20260915-233833-combined,2026-09-15T23:18:21.220264+00:00,2026-09-15/16,recorded execution; bundle label is dispatch date,explicit_cartesian_fixed_topology_speedup,two Cartesian Fourier components; 76 coefficients / 34 gauge directions,analytic or production central FD; unchanged damped LM; one update opportunity,fd_fast_cpu,none,saved TOP-023 terminal two-star state,identical saved terminal coefficients for every arm,coupled Kress N=256 production / N=512 acceptance,frozen TOP-023 observations,24 paired sources; 0.5/0.75/1.0/1.25 GHz,frozen lossless nonmagnetic benchmark,current_diagnostic,PASS; one accepted update; matched endpoints within 1e-6 m coefficient infinity norm,NOT_EVALUATED_FULL_RECOVERY,not_applicable,maximum_iterations,,,objective and coefficient parity only; no new recovery/holdout claim,,,Complete update 151.731 s (1.721x vs FD CPU); final loss 2.129959593e-05; max coefficient difference from FD 3.25804e-13 m.,Runtime evidence for explicit Cartesian geometry; no MLP recovery implication.,results/validation/speedup/SPD-001-20260915-233833-combined/manifest.json; results/validation/speedup/SPD-001-20260915-233833-combined/summary.json,0ef6b8a plus opt-in SPD-001 changes; exact measured_sources snapshot,python -m experiments.spd001_analytic_jacobian.run --bundle results/validation/speedup/SPD-001-20260915-233833-combined --phase all,preserve measured bundle; reporting can be rebuilt without numerical rerun
SPD-001-20260915-233833-combined,SPD-001-20260915-233833-combined::analytic_fast_cpu,results/validation/speedup/SPD-001-20260915-233833-combined,results/validation/speedup/SPD-001-20260915-233833-combined,2026-09-15T23:18:21.220273+00:00,2026-09-15/16,recorded execution; bundle label is dispatch date,explicit_cartesian_fixed_topology_speedup,two Cartesian Fourier components; 76 coefficients / 34 gauge directions,analytic or production central FD; unchanged damped LM; one update opportunity,analytic_fast_cpu,none,saved TOP-023 terminal two-star state,identical saved terminal coefficients for every arm,coupled Kress N=256 production / N=512 acceptance,frozen TOP-023 observations,24 paired sources; 0.5/0.75/1.0/1.25 GHz,frozen lossless nonmagnetic benchmark,current_diagnostic,PASS; one accepted update; matched endpoints within 1e-6 m coefficient infinity norm,NOT_EVALUATED_FULL_RECOVERY,not_applicable,maximum_iterations,,,objective and coefficient parity only; no new recovery/holdout claim,,,Complete update 100.423 s (2.601x vs FD CPU); final loss 2.129958421e-05; max coefficient difference from FD 2.17549e-08 m.,Runtime evidence for explicit Cartesian geometry; no MLP recovery implication.,results/validation/speedup/SPD-001-20260915-233833-combined/manifest.json; results/validation/speedup/SPD-001-20260915-233833-combined/summary.json,0ef6b8a plus opt-in SPD-001 changes; exact measured_sources snapshot,python -m experiments.spd001_analytic_jacobian.run --bundle results/validation/speedup/SPD-001-20260915-233833-combined --phase all,preserve measured bundle; reporting can be rebuilt without numerical rerun
SPD-001-20260915-233833-combined,SPD-001-20260915-233833-combined::fd_fast_cuda,results/validation/speedup/SPD-001-20260915-233833-combined,results/validation/speedup/SPD-001-20260915-233833-combined,2026-09-15T23:18:21.220281+00:00,2026-09-15/16,recorded execution; bundle label is dispatch date,explicit_cartesian_fixed_topology_speedup,two Cartesian Fourier components; 76 coefficients / 34 gauge directions,analytic or production central FD; unchanged damped LM; one update opportunity,fd_fast_cuda,none,saved TOP-023 terminal two-star state,identical saved terminal coefficients for every arm,coupled Kress N=256 production / N=512 acceptance,frozen TOP-023 observations,24 paired sources; 0.5/0.75/1.0/1.25 GHz,frozen lossless nonmagnetic benchmark,current_diagnostic,PASS; one accepted update; matched endpoints within 1e-6 m coefficient infinity norm,NOT_EVALUATED_FULL_RECOVERY,not_applicable,maximum_iterations,,,objective and coefficient parity only; no new recovery/holdout claim,,,Complete update 134.714 s (1.939x vs FD CPU); final loss 2.129959593e-05; max coefficient difference from FD 8.68615e-14 m.,Runtime evidence for explicit Cartesian geometry; no MLP recovery implication.,results/validation/speedup/SPD-001-20260915-233833-combined/manifest.json; results/validation/speedup/SPD-001-20260915-233833-combined/summary.json,0ef6b8a plus opt-in SPD-001 changes; exact measured_sources snapshot,python -m experiments.spd001_analytic_jacobian.run --bundle results/validation/speedup/SPD-001-20260915-233833-combined --phase all,preserve measured bundle; reporting can be rebuilt without numerical rerun
SPD-001-20260915-233833-combined,SPD-001-20260915-233833-combined::analytic_fast_cuda,results/validation/speedup/SPD-001-20260915-233833-combined,results/validation/speedup/SPD-001-20260915-233833-combined,2026-09-15T23:18:21.220289+00:00,2026-09-15/16,recorded execution; bundle label is dispatch date,explicit_cartesian_fixed_topology_speedup,two Cartesian Fourier components; 76 coefficients / 34 gauge directions,analytic or production central FD; unchanged damped LM; one update opportunity,analytic_fast_cuda,none,saved TOP-023 terminal two-star state,identical saved terminal coefficients for every arm,coupled Kress N=256 production / N=512 acceptance,frozen TOP-023 observations,24 paired sources; 0.5/0.75/1.0/1.25 GHz,frozen lossless nonmagnetic benchmark,current_diagnostic,PASS; one accepted update; matched endpoints within 1e-6 m coefficient infinity norm,NOT_EVALUATED_FULL_RECOVERY,not_applicable,maximum_iterations,,,objective and coefficient parity only; no new recovery/holdout claim,,,Complete update 98.197 s (2.660x vs FD CPU); final loss 2.129958421e-05; max coefficient difference from FD 2.17549e-08 m.,Runtime evidence for explicit Cartesian geometry; no MLP recovery implication.,results/validation/speedup/SPD-001-20260915-233833-combined/manifest.json; results/validation/speedup/SPD-001-20260915-233833-combined/summary.json,0ef6b8a plus opt-in SPD-001 changes; exact measured_sources snapshot,python -m experiments.spd001_analytic_jacobian.run --bundle results/validation/speedup/SPD-001-20260915-233833-combined --phase all,preserve measured bundle; reporting can be rebuilt without numerical rerun
SPD-002-20260916-default-pipeline,SPD-002-20260916-default-pipeline::death::reference,results/validation/speedup/SPD-002-20260916-default-pipeline,results/validation/speedup/SPD-002-20260916-default-pipeline,2026-09-16T00:07:35.704956+00:00,2026-09-16,recorded execution,current_cartesian_topology_and_four_stage_continuation,two Cartesian Fourier components,production finite differences,death / reference,none,death,original frozen v1 start,"Kress; topology 64/128, continuation 256/512",unchanged prepared observations,24 pairs; training 0.5/0.75/1.0/1.25 GHz; evaluation 1.5/2.5 GHz,frozen lossless nonmagnetic benchmark,current_diagnostic,COMPLETE; all four continuation stages; integrity and budgets PASS,PASS,not_applicable,COMPLETED_SCHEDULE,1.488994207516778e-07,2.4514830648924664e-07,worst relative L2 across training frequencies; worst across evaluation frequencies,2.008495882489577e-09,maximum matched symmetric boundary distance,Full pipeline 434.648 s; paired speedup 1.860x; both profiles recover with boundary difference 2.431e-11 m.,Explicit-geometry runtime evidence only; no neural recovery claim.,results/validation/speedup/SPD-002-20260916-default-pipeline/manifest.json; results/validation/speedup/SPD-002-20260916-default-pipeline/summary.json,exact measured_sources snapshot,python -m experiments.spd002_default_runtime.run --bundle results/validation/speedup/SPD-002-20260916-default-pipeline,preserve measured bundle; summarize from saved artifacts
SPD-002-20260916-default-pipeline,SPD-002-20260916-default-pipeline::death::fast,results/validation/speedup/SPD-002-20260916-default-pipeline,results/validation/speedup/SPD-002-20260916-default-pipeline,2026-09-16T00:07:35.705441+00:00,2026-09-16,recorded execution,current_cartesian_topology_and_four_stage_continuation,two Cartesian Fourier components,analytic with FD-compatible stencils,death / fast,none,death,original frozen v1 start,"Kress; topology 64/128, continuation 256/512",unchanged prepared observations,24 pairs; training 0.5/0.75/1.0/1.25 GHz; evaluation 1.5/2.5 GHz,frozen lossless nonmagnetic benchmark,current_diagnostic,COMPLETE; all four continuation stages; integrity and budgets PASS,PASS,not_applicable,COMPLETED_SCHEDULE,1.505548139616764e-07,2.476711498895668e-07,worst relative L2 across training frequencies; worst across evaluation frequencies,2.032517203601791e-09,maximum matched symmetric boundary distance,Full pipeline 233.732 s; paired speedup 1.860x; both profiles recover with boundary difference 2.431e-11 m.,Explicit-geometry runtime evidence only; no neural recovery claim.,results/validation/speedup/SPD-002-20260916-default-pipeline/manifest.json; results/validation/speedup/SPD-002-20260916-default-pipeline/summary.json,exact measured_sources snapshot,python -m experiments.spd002_default_runtime.run --bundle results/validation/speedup/SPD-002-20260916-default-pipeline,preserve measured bundle; summarize from saved artifacts
SPD-002-20260916-default-pipeline,SPD-002-20260916-default-pipeline::split::reference,results/validation/speedup/SPD-002-20260916-default-pipeline,results/validation/speedup/SPD-002-20260916-default-pipeline,2026-09-16T00:07:35.705962+00:00,2026-09-16,recorded execution,current_cartesian_topology_and_four_stage_continuation,two Cartesian Fourier components,production finite differences,split / reference,none,split,original frozen v1 start,"Kress; topology 64/128, continuation 256/512",unchanged prepared observations,24 pairs; training 0.5/0.75/1.0/1.25 GHz; evaluation 1.5/2.5 GHz,frozen lossless nonmagnetic benchmark,current_diagnostic,COMPLETE; all four continuation stages; integrity and budgets PASS,PASS,not_applicable,COMPLETED_SCHEDULE,1.8596137580871441e-06,3.239105284470052e-06,worst relative L2 across training frequencies; worst across evaluation frequencies,2.3356893702893828e-08,maximum matched symmetric boundary distance,Full pipeline 418.011 s; paired speedup 1.887x; both profiles recover with boundary difference 6.907e-11 m.,Explicit-geometry runtime evidence only; no neural recovery claim.,results/validation/speedup/SPD-002-20260916-default-pipeline/manifest.json; results/validation/speedup/SPD-002-20260916-default-pipeline/summary.json,exact measured_sources snapshot,python -m experiments.spd002_default_runtime.run --bundle results/validation/speedup/SPD-002-20260916-default-pipeline,preserve measured bundle; summarize from saved artifacts
SPD-002-20260916-default-pipeline,SPD-002-20260916-default-pipeline::split::fast,results/validation/speedup/SPD-002-20260916-default-pipeline,results/validation/speedup/SPD-002-20260916-default-pipeline,2026-09-16T00:07:35.706357+00:00,2026-09-16,recorded execution,current_cartesian_topology_and_four_stage_continuation,two Cartesian Fourier components,analytic with FD-compatible stencils,split / fast,none,split,original frozen v1 start,"Kress; topology 64/128, continuation 256/512",unchanged prepared observations,24 pairs; training 0.5/0.75/1.0/1.25 GHz; evaluation 1.5/2.5 GHz,frozen lossless nonmagnetic benchmark,current_diagnostic,COMPLETE; all four continuation stages; integrity and budgets PASS,PASS,not_applicable,COMPLETED_SCHEDULE,1.8590269525922618e-06,3.23564441753319e-06,worst relative L2 across training frequencies; worst across evaluation frequencies,2.3378439304753736e-08,maximum matched symmetric boundary distance,Full pipeline 221.532 s; paired speedup 1.887x; both profiles recover with boundary difference 6.907e-11 m.,Explicit-geometry runtime evidence only; no neural recovery claim.,results/validation/speedup/SPD-002-20260916-default-pipeline/manifest.json; results/validation/speedup/SPD-002-20260916-default-pipeline/summary.json,exact measured_sources snapshot,python -m experiments.spd002_default_runtime.run --bundle results/validation/speedup/SPD-002-20260916-default-pipeline,preserve measured bundle; summarize from saved artifacts
